nct_id,title,status,phase,start_date,enrollment,sponsor,sponsor_class,conditions,countries,start_year,primary_country
NCT06423690,First in Human Study for the Assessment of Safety and Initial Performance of the EAS1 System,Recruiting,Unknown,2024-11-01,15,Snipe Medical,INDUSTRY,Lung Cancer,United Kingdom; Spain; Israel,2024.0,United Kingdom
NCT00257790,The Tobramycin Study,Completed,Phase 4,,210,Oslo University Hospital,OTHER,Neutropenia; Fever; Cancer,Unknown,,Unknown
NCT00369590,VEGF Trap in Treating Patients With Recurrent Malignant Gliomas That Did Not Respond to Temozolomide,Completed,Phase 2,,58,National Cancer Institute (NCI),NIH,Adult Anaplastic Astrocytoma; Adult Anaplastic Oligodendroglioma; Adult Giant Cell Glioblastoma,United States,,United States
NCT00513097,Curbing Tobacco Use in Suburban and Rural Schools,Completed,Phase 1,2006-07-25,1289,M.D. Anderson Cancer Center,OTHER,Tobacco Use Cessation,United States,2006.0,United States
NCT04501497,Prospective Multicenter Observational Study of Atezolizumab Combination Therapy in Lung Cancer (J-TAIL-2),Completed,Unknown,2020-08-21,1221,Chugai Pharmaceutical,INDUSTRY,Non-small Cell Lung Cancer; Extensive Disease Small Cell Lung Cancer,Japan,2020.0,Japan
NCT02500797,Nivolumab With or Without Ipilimumab in Treating Patients With Metastatic Sarcoma That Cannot Be Removed by Surgery,Completed,Phase 2,2015-08-13,164,National Cancer Institute (NCI),NIH,Locally Advanced Bone Sarcoma; Locally Advanced Dedifferentiated Liposarcoma; Locally Advanced Gastrointestinal Stromal Tumor,United States,2015.0,United States
NCT01967810,ANG1005 in Patients With Recurrent High-Grade Glioma,Completed,Phase 2,,73,Angiochem Inc,INDUSTRY,"Glioma; Glioblastoma; Brain Tumor, Recurrent",United States,,United States
NCT07276360,Hypofractionated Radiotherapy for the Treatment of Locally Advanced Cervical Cancer in Uganda,Recruiting,Phase 2,2026-03-11,278,Uganda Cancer Institute,OTHER,Cervical Cancer; Cervix Cancer; Cervical Adenocarcinoma,Uganda,,Uganda
NCT05512260,"Development, Implementation and Evaluation of an Individual Decision Aid in Swedish Cancer Screening Programs",Withdrawn,Unknown,2023-03-01,0,Karolinska Institutet,OTHER,"Neoplasm, Colorectal; Neoplasm, Breast; Neoplasm, Ovarian",Sweden,2023.0,Sweden
NCT04326660,SCOPE-Chinese Women Study,Completed,Unknown,2020-07-20,40,"University of California, San Francisco",OTHER,"Cancer, Breast; Obesity, Abdominal",United States; China,2020.0,United States
NCT00353860,Stem Cell Transplantation and T-Cell Add-Back to Treat Bone Marrow Malignances,Completed,Phase 2,2002-01-23,70,"National Heart, Lung, and Blood Institute (NHLBI)",NIH,Immunosuppression; Leukemia,United States,2002.0,United States
NCT05067660,Targeted Radiotherapy for Recurrent Prostate Cancer,UNKNOWN,Unknown,2022-01-01,40,Tampere University Hospital,OTHER,Prostate Cancer Recurrence After Radical Prostatectomy,Finland,2022.0,Finland
NCT04085120,Ropivacaine/Dexamethasone and 10% Lignocaine Injection in GPN Block for Intractable Cancer Pain,UNKNOWN,Unknown,2019-08-23,60,All India Institute of Medical Sciences,OTHER,"Cancer, Oropharynx; Pain, Intractable; Cancer Pain",India,2019.0,India
NCT01324882,Colonoscope Insertion Trial Protocol,Completed,Unknown,,57,UConn Health,OTHER,Colorectal Cancer,United States,,United States
NCT06626282,Fertility and Ovarian Reserve in Female Childhood Cancer Survivors,Recruiting,Unknown,2024-10-09,340,Centre Hospitalier Universitaire de Liege,OTHER,Childhood Cancer Survivors; Fertility; Ovarian Reserve,Belgium,2024.0,Belgium
NCT00156182,A Long-Term Safety Study of Asoprisnil in the Treatment of Uterine Fibroids.,Completed,Phase 2,,38,Abbott,INDUSTRY,Leiomyoma,Unknown,,Unknown
NCT04438382,Infliximab and Intravenous Immunoglobulin Therapy in Treating Patients With Steroid-Refractory Pneumonitis,Terminated,Phase 2,2021-01-07,1,ECOG-ACRIN Cancer Research Group,NETWORK,Hematopoietic and Lymphoid Cell Neoplasm; Malignant Solid Neoplasm; Steroid-Refractory Pneumonitis,United States,2021.0,United States
NCT02317224,"The Safety and Efficacy of ""3-Hole"" Subxiphorid Approach in the Treatment of Anterior Mediastinal Tumor",UNKNOWN,Phase 2,,240,Tang-Du Hospital,OTHER,Thymectomy; Myasthenia Gravis,China,,China
NCT06541223,Multimedia-assisted Informed Consent Procedure for Patients Undergoing Mastectomy and Implant-based Reconstruction,Completed,Unknown,2024-01-02,265,European Institute of Oncology,OTHER,Breast Cancer,Italy,2024.0,Italy
NCT00722059,Detection and/or Evaluation of Dense Breast Abnormalities Using Tomosynthesis and Digital Mammography,Completed,Phase 1 (Early),,50,University of Michigan,OTHER,Breast Neoplasms; Breast Abnormalities,United States,,United States
NCT07306559,A Study to Test How Well Different Doses of BI 3820768 Are Tolerated by People With Advanced Cancer (Solid Tumours),Recruiting,Phase 1,2026-02-27,187,Boehringer Ingelheim,INDUSTRY,Advanced Relapsed or Refractory Germ Cell Tumours; Advanced Relapsed or Refractory Endometrial Cancer; Advanced Relapsed or Refractory Ovarian Cancer,France; Japan; United States; Germany; Belgium; Spain,,France
NCT07458659,Clinical Study of BCMA-Targeted CAR T-Cell Injection in the Treatment of Patients With Relapsed/Refractory Multiple Myeloma,Not Yet Recruiting,Phase 1 (Early),2026-06-01,3,Chulalongkorn University,OTHER,Relapsed/Refractory Multiple Myeloma (MM),Thailand,,Thailand
NCT02668380,"An Open Label, Prospective, Multicentre, Non-interventional Study of Apatinib for Chemotherapy-Refractory Advanced Metastatic Gastric Cancer",UNKNOWN,Unknown,,300,Peking Union Medical College Hospital,OTHER,Metastatic Gastric Cancer,China,,China
NCT00114296,Omega-3 Fatty Acids in Preventing Breast Cancer in Women at High Risk of Developing Breast Cancer,UNKNOWN,Unknown,,80,Cedars-Sinai Medical Center,OTHER,Breast Cancer,United States,,United States
NCT02694562,Microparticle Enhanced Cytotoxic Transarterial Embolization Therapy,Completed,Unknown,,18,Boston Scientific Corporation,INDUSTRY,Colorectal Carcinoma,Italy,,Italy
NCT06014762,P-CD19CD20-ALLO1 Allogeneic CAR-T Cells in the Treatment of Subjects With B Cell Malignancies,Recruiting,Phase 1,2024-04-16,120,"Poseida Therapeutics, Inc.",INDUSTRY,"Diffuse Large B-Cell Lymphoma, Not Otherwise Specified; High-grade B-cell Lymphoma; Primary Mediastinal Large B-cell Lymphoma (PMBCL)",United States,2024.0,United States
NCT03065062,"Study of the CDK4/6 Inhibitor Palbociclib (PD-0332991) in Combination With the PI3K/mTOR Inhibitor Gedatolisib (PF-05212384) for Patients With Advanced Squamous Cell Lung, Pancreatic, Head & Neck and Other Solid Tumors",SUSPENDED,Phase 1,2017-02-28,75,Dana-Farber Cancer Institute,OTHER,Lung Cancer Squamous Cell; Solid Tumors; Head & Neck Cancer,United States,2017.0,United States
NCT06945146,Genomics Study in CML Patients With Ponatinib Treatment,Completed,Unknown,2020-09-01,65,Dong-Wook Kim,OTHER,"Chronic Myelogenous Leukemia, BCR-ABL1 Positive",South Korea,2020.0,South Korea
NCT04160546,Study to Evaluate the Reinduction and Second Stop of TKI with Ponatinib in CML in Molecular Response (ResToP),"Active, Not Recruiting",Phase 2,2020-01-17,80,Fundacion CRIS de Investigación para Vencer el Cáncer,OTHER,"Chronic Myeloid Leukemia, Chronic Phase",Spain,2020.0,Spain
NCT04908046,A Study of HMPL-295S1 in Patients With Advanced Malignant Solid Tumors,Completed,Phase 1,2021-05-27,47,Hutchmed,INDUSTRY,Advanced Malignant Solid Tumors,China,2021.0,China
NCT01102127,Elastography in Thyroid Nodules,Completed,Unknown,,128,Castilla-León Health Service,OTHER,Nodular Goiter; Thyroid Cancer,Spain,,Spain
NCT00033527,INS316 Compared With Saline for Sputum Collection in Diagnosing Lung Cancer,UNKNOWN,Unknown,,61,Jonsson Comprehensive Cancer Center,OTHER,Lung Cancer,Unknown,,Unknown
NCT04309942,Evaluation Study on Performance of Guided Clinical Pharmacy Consultation in Patients With Multiple Myeloma on First Oral Anticancer Treatment,Completed,Unknown,2020-03-01,60,Centre Hospitalier Universitaire de Nīmes,OTHER,Multiple Myeloma,France,2020.0,France
NCT02231086,Adjuvant HIPEC in High Risk Colon Cancer,Completed,Phase 3,,204,Academisch Medisch Centrum - Universiteit van Amsterdam (AMC-UvA),OTHER,Colorectal Neoplasms; Peritoneal Neoplasms,Netherlands,,Netherlands
NCT06120686,Biofeedback Training's Impact on Cognitive and Motor Skills in Kids With Intellectual Disabilities,UNKNOWN,Unknown,,60,Aleksandra Kiper,OTHER,"Intellectual Disability, Mild",Poland,,Poland
NCT05165186,"Care Planning for a Loved One With Dementia: Knowledge, Preparing for Decisions, and Emotions",UNKNOWN,Unknown,2022-04-13,150,Massachusetts General Hospital,OTHER,Dementia; Dementia Frontotemporal; Dementia Alzheimers,United States,2022.0,United States
NCT02408770,Breast Cancer - Anti-Progestin Prevention Study 1,Completed,Phase 2,2016-01-22,24,Manchester University NHS Foundation Trust,OTHER_GOV,Breast Cancer,United Kingdom,2016.0,United Kingdom
NCT07314073,[18F]FES PET/CT for the Detection of Distant Metastasis in Low-grade ER-positive Stage III Breast Cancer,Recruiting,Phase 2,2025-12-24,85,Asan Medical Center,OTHER,Stage III Breast Cancer,South Korea,2025.0,South Korea
NCT00938041,Retreatment of Patients With Non-Hodgkin's Lymphoma Who Have Previously Responded to Iodine-131 Anti B1 Antibody,Completed,Phase 2,,32,GlaxoSmithKline,INDUSTRY,"Lymphoma, Non-Hodgkin",Unknown,,Unknown
NCT05229341,Evaluation of DNA Methylation Signatures for the Diagnosis and Management of Thyroid Nodules,Recruiting,Unknown,2021-10-22,1450,City of Hope Medical Center,OTHER,Thyroid Gland Carcinoma,United States,2021.0,United States
NCT00942383,Freehand Ultrasound Elasticity Imaging in Liver Surgery,Terminated,Unknown,,15,Sidney Kimmel Comprehensive Cancer Center at Johns Hopkins,OTHER,Liver Tumors,United States,,United States
NCT01671683,Additional Chemotherapy After Neoadjuvant Chemoradiotherapy in Patients With Locally Advanced Rectal Cancer,Completed,Unknown,,44,Chungnam National University,OTHER,Rectal Cancer,South Korea,,South Korea
NCT03448341,Dysphagia Assessment After Swallowing Sparing RadioTherapy,Completed,Unknown,2016-07-16,74,"Azienda Ospedaliero, Universitaria Pisana",OTHER,Cancer of Oropharynx; Cancer of Nasopharynx,Italy,2016.0,Italy
NCT03890354,"Robot-Assisted or Laparoscopic Resection for Gastric Subepithelial Tumor With Hand-Sewn Repair, a Case Series",Completed,Unknown,2019-02-21,27,Mahidol University,OTHER,Gastric Mass,Thailand,2019.0,Thailand
NCT03804554,A Study of Participants in Australia Who Have Non-small Cell Lung Cancer Being Treated With Nivolumab,Completed,Unknown,2018-10-03,503,Bristol-Myers Squibb,INDUSTRY,Non-Small Cell Lung Cancer,Australia,2018.0,Australia
NCT07014254,Therapeutic Study of 177Lu-CTR-FAPI in Advanced Metastatic Digestive Malignancies,Not Yet Recruiting,Unknown,2025-06-20,20,Xijing Hospital,OTHER,Pancreatic Ductal Adenocarcinoma (PDAC); Adenocarcinoma of the Stomach; Colorectal Cancer Metastatic,China,2025.0,China
NCT00378105,"Bortezomib, Lenalidomide and Dexamethasone Combination Therapy in Patients With Newly Diagnosed Multiple Myeloma","Active, Not Recruiting",Phase 1,,68,Dana-Farber Cancer Institute,OTHER,Multiple Myeloma,United States,,United States
NCT04724005,Project Affinity: Excess Cancer Blood Testing,Completed,Unknown,2021-04-15,613,Entia Ltd,INDUSTRY,Cancer,United Kingdom,2021.0,United Kingdom
NCT06601205,Finasteride and Flutamide in Pre-surgical Trial in Prostate Cancer.,Completed,Phase 2,2004-01-01,125,Ente Ospedaliero Ospedali Galliera,OTHER,Prostate Cancer; Prostatic Intraepithelial Neoplasia,Italy,2004.0,Italy
NCT06916494,Pilot Study on Rutin Combined With Tislelizumab and GC (Gemcitabine and Cisplatin) as Neoadjuvant Therapy for Platinum-refractory Muscle-invasive Bladder Cancer,Recruiting,Phase 1,2025-05-01,10,First Affiliated Hospital of Chongqing Medical University,OTHER,Muscle Invasive Bladder Cancer,China,2025.0,China
NCT00189566,Taxol® in Monotherapy or in Combination With Topotecan or Carboplatin in Patients With Epithelial Ovarian Cancer in Early Relapse,Completed,Phase 2,,165,ARCAGY/ GINECO GROUP,OTHER,Ovarian Cancer; Fallopian Tube Cancer; Malignant Tumor of Peritoneum,France,,France
NCT02896166,Microwave Ablation in the Treatment of Stage I Non Small Cell Lung Cancer,UNKNOWN,Phase 3,,150,Shandong Provincial Hospital,OTHER_GOV,Stage I NSCLC,China,,China
NCT02575066,Clinical Study of Concurrent Pazopanib and Radiotherapy for Non-metastatic Sarcoma Patients,Terminated,Phase 2,2016-03-17,25,The Netherlands Cancer Institute,OTHER,Sarcoma; Soft Tissue Sarcomas,United Kingdom; Netherlands,2016.0,United Kingdom
NCT06615466,Super-Hypofractionated Partial Breast Irradiation,Recruiting,Unknown,2022-04-22,50,"Cancer Institute and Hospital, Chinese Academy of Medical Sciences",OTHER,Breast Cancer; Radiotherapy Side Effect,China,2022.0,China
NCT07323966,Feasibility of Mask-Free Radiotherapy for Brain Tumor Patients,Recruiting,Unknown,2025-11-18,20,Cliniques universitaires Saint-Luc- Université Catholique de Louvain,OTHER,Brain Tumor,Belgium,2025.0,Belgium
NCT02784366,GI Complications in Cancer Immunotherapy Patients,UNKNOWN,Unknown,,100,Massachusetts General Hospital,OTHER,Malignant Melanoma,United States,,United States
NCT04950166,"A Study to Evaluate ONM100, an Intraoperative Fluor Imaging Agent for the Detection of Peri Mets",Completed,Phase 2,2021-11-30,51,"OncoNano Medicine, Inc.",INDUSTRY,Peritoneal Carcinomatosis,United States,2021.0,United States
NCT01849666,A Study of the Effect of Vemurafenib on the Pharmacokinetics of Phenprocoumon in Patients With BRAFV600 Mutation-Positive Metastatic Malignancy,Completed,Phase 1,,2,Hoffmann-La Roche,INDUSTRY,"Malignant Melanoma, Neoplasms",Germany; Finland; Belgium; Netherlands; Spain,,Germany
NCT02591966,Genetic Alteration After Systemic Treatment in Breast Cancer,UNKNOWN,Unknown,,350,Samsung Medical Center,OTHER,Breast Cancer,South Korea,,South Korea
NCT05821166,Potential of Moderate Whole Body Hyperthermia to Enhance Response,Recruiting,Phase 2,2023-02-01,80,"Charite University, Berlin, Germany",OTHER,Oncology,Germany,2023.0,Germany
NCT04821466,VR for Symptom Control and Wellbeing,Completed,Unknown,2021-06-14,60,Royal Cornwall Hospitals Trust,OTHER,Oncology; End Stage Cancer; Palliative Care,United Kingdom,2021.0,United Kingdom
NCT01779726,Efficiency of Diagnostic Strategy for Fast Track Lung Cancer Diagnosis,Completed,Unknown,,331,University of Aarhus,OTHER,Lung Cancer,Denmark,,Denmark
NCT00222443,"Pilot Study Combining Temozolomide, Oncovin, Camptosar and Oral Antibiotic in Children and Adolescents With Recurrent Malignancy",Completed,Phase 1,,40,University of Oklahoma,OTHER,Lymphomas; Tumors,United States,,United States
NCT02656615,Abiraterone-Rechallenge Study for CRPC Patients,Terminated,Phase 2,,4,Aurelius Omlin,OTHER,Prostate Cancer,Switzerland,,Switzerland
NCT00588315,In Vivo Confocal Microscopy of Cutaneous Neoplasms and Normal Skin,"Active, Not Recruiting",Unknown,,1889,Memorial Sloan Kettering Cancer Center,OTHER,Skin Cancer,United States,,United States
NCT01649635,Study of Cabazitaxel Combined With Prednisone and Prophylaxis of Neutropenia Complications in the Treatment of Patients With Metastatic Castration-resistant Prostate Cancer,Completed,Phase 4,,45,Sanofi,INDUSTRY,Prostate Cancer,Brazil,,Brazil
NCT06712108,Double Unit Cord Blood Transplant in Hematologic Malignancies.,Recruiting,Unknown,2023-12-21,40,Seoul National University Hospital,OTHER,Adult Double Unit Cord Blood Transplant,South Korea,2023.0,South Korea
NCT06649708,"HX044,FIH Study in Patients with Advanced Solid Tumor Malignancies",Recruiting,Phase 1,2024-12-30,100,"Hanx Biopharmaceuticals (Wuhan) Co., Ltd.",INDUSTRY,Advanced Solid Tumor Malignancies,Australia,2024.0,Australia
NCT00028925,Combination Chemotherapy With or Without Filgrastim in Treating Patients With Previously Untreated Extensive-Stage Small Cell Lung Cancer,Completed,Phase 2,,27,Alliance for Clinical Trials in Oncology,OTHER,Lung Cancer,United States; Canada,,United States
NCT03057925,Ultrasound-guided Percutaneous Microwave Ablation for Benign Thyroid Nodules,UNKNOWN,Unknown,2017-07-01,60,Wenjun Wu,OTHER,Thyroid Nodule,China,2017.0,China
NCT06114225,Pulmonary Resectable Osteosarcoma Treated by Metastasectomy and Pre-operative Immunotherapy and Stereotactic Body Radiotherapy (PROMIS): a Prospective Clinical Trial,Recruiting,Phase 2,2023-06-01,43,Ruijin Hospital,OTHER,Osteosarcoma,China,2023.0,China
NCT01315925,Pre-hospital Risk Factors for Invasive Fungal Infection,UNKNOWN,Unknown,,1000,Catholic University of the Sacred Heart,OTHER,Acute Myeloid Leukemia; Aspergillosis; Candidiasis,Italy,,Italy
NCT04531917,The Effect of Pain Neuroscience Education and Behavioural Graded Activity on Chronic Pain in Breast Cancer Survivors,"Active, Not Recruiting",Unknown,2020-10-12,122,Universitair Ziekenhuis Brussel,OTHER,Breast Neoplasms; Survivors; Chronic Pain,Belgium,2020.0,Belgium
NCT05717140,Aerosolized Sargramostim Added to Immunotherapy for the Treatment of Patients With Metastatic Melanoma to the Lung,Withdrawn,Phase 1,2025-10-28,0,Mayo Clinic,OTHER,Clinical Stage IV Cutaneous Melanoma AJCC v8; Metastatic Malignant Neoplasm in the Lung; Metastatic Melanoma,United States,2025.0,United States
NCT00680940,A Study of Mycobacterium w in Combination With Paclitaxel Plus Cisplatin in Advanced Non Small Cell Lung Cancer,Completed,Phase 2,,221,Cadila Pharnmaceuticals,INDUSTRY,Non Small Cell Lung Cancer,India,,India
NCT00140140,"A Phase I/II Study of ABI-007 (Abraxane®, Nab®-Paclitaxel)and Vinorelbine in Patients With Stage IV (Metastatic) Breast Cancer",Terminated,Phase 1,,16,Celgene,INDUSTRY,Stage IV (Metastatic) Breast Cancer,United States,,United States
NCT04891289,Gemcitabine and Oxaliplatin Chemotherapy With or Without a Floxuridine and Dexamethasone Pump in People With Cholangiocarcinoma That Cannot Be Removed With Surgery,Recruiting,Phase 2,2021-05-07,164,Memorial Sloan Kettering Cancer Center,OTHER,Intrahepatic Cholangiocarcinoma,United States; Netherlands,2021.0,United States
NCT00974168,Spinal Cord Compression Re-Treat Study,Completed,Phase 2,,22,Cancer Trials Ireland,NETWORK,Pain; Radiation Toxicity; Spinal Cord Compression,Ireland,,Ireland
NCT01992068,Pilot Study: Utilizing Manometry to Assess Radiation-Induced Changes in Esophageal Function,Terminated,Unknown,,5,UNC Lineberger Comprehensive Cancer Center,OTHER,Lung Cancer,United States,,United States
NCT06246968,A Study of Pembrolizumab and Cryoablation in People With Breast Cancer,Recruiting,Phase 1,2024-01-29,30,Memorial Sloan Kettering Cancer Center,OTHER,Metastatic Breast Cancer; Breast Cancer; Breast Cancer Stage IV,United States,2024.0,United States
NCT00944268,Efficacy and Tolerability Study to Treat Mild and Moderate Anxiety,UNKNOWN,Phase 3,,124,Ativus Farmaceutica Ltda,INDUSTRY,Anxiety; Efficacy; Tolerability,Brazil,,Brazil
NCT00313768,Randomized Ph 2 Trial Of Paclitaxel/Carboplatin /Bevacizumab + PF-3512676 And P/C/B Alone In Advanced Nonsquamous NSCLC,Terminated,Phase 2,,23,Pfizer,INDUSTRY,"Carcinoma, Non-Small-Cell Lung",United States,,United States
NCT05002868,"Safety, Pharmacokinetics and Anti-tumor Activity of RP12146, in Patients With Solid Tumors",Completed,Phase 1,2021-10-05,23,Rhizen Pharmaceuticals SA,INDUSTRY,Solid Tumor; Extensive-stage Small-cell Lung Cancer; Locally Advanced Breast Cancer,Czechia; Poland,2021.0,Czechia
NCT05546268,Study of Oral MRT-2359 in Selected Cancer Patients,"Active, Not Recruiting",Phase 1,2022-10-12,174,"Monte Rosa Therapeutics, Inc",INDUSTRY,NSCLC; SCLC; High Grade Neuroendocrine Cancer,United States,2022.0,United States
NCT01767168,Study to Test the Value of a Pain Modulation Test in Predicting Persistent Postoperative Pain After Breast Cancer Surgery,Completed,Unknown,,200,"University Hospital, Geneva",OTHER,Chronic Pain; Acute Pain,Switzerland,,Switzerland
NCT05010668,Cryoablation Combined With Sintilimab Plus Lenvatinib in Patients With Advanced Intrahepatic Cholangiocarcinoma,Completed,Phase 2,2021-08-24,28,Fudan University,OTHER,Intrahepatic Cholangiocarcinoma,China,2021.0,China
NCT00191568,"Gemcitabine, Oxaliplatin and Radiotherapy in Treating Patients With Completely Resected Pancreatic Cancer",Completed,Phase 2,,45,Eli Lilly and Company,INDUSTRY,Pancreatic Neoplasms,France,,France
NCT05147350,Study of RP-6306 With FOLFIRI in Advanced Solid Tumors,Terminated,Phase 1,2022-08-09,38,Debiopharm International SA,INDUSTRY,Advanced Solid Tumor,United States; United Kingdom; Canada; Spain,2022.0,United States
NCT04627350,Early Detection of Lung Cancer in Czech High-risk Asymptomatic Individuals,UNKNOWN,Unknown,2020-08-01,3200,"Charles University, Czech Republic",OTHER,Lung Cancer,Czechia,2020.0,Czechia
NCT02490891,Study of the Angiogenesis by PET/CT in Patients With Lymphoma,Completed,Phase 2,2015-11-13,21,Centre Henri Becquerel,OTHER,Lymphoma,France,2015.0,France
NCT05055791,A Study to Evaluate the Safety and Tolerance of SYHX1903 in Patients With Relapsed/Refractory Hematologic Malignancies,Not Yet Recruiting,Phase 1,2021-12-29,312,"CSPC ZhongQi Pharmaceutical Technology Co., Ltd.",INDUSTRY,Acute Myeloid Leukemia; Lymphoma; Multiple Myeloma,Unknown,2021.0,Unknown
NCT03465774,Indwelling Pleural Catheters With or Without Doxycycline in Treating Patients With Malignant Pleural Effusions,Recruiting,Unknown,2018-03-08,208,M.D. Anderson Cancer Center,OTHER,Pleural Neoplasm,United States,2018.0,United States
NCT01212718,Response Prediction in Metastasized Colorectal Cancer Using Intratumoral Thymidylate Synthase,Completed,Phase 2,,168,University of Ulm,OTHER,Colorectal Cancer; Non Resectable Metastasis; Reference Lesion,Germany,,Germany
NCT05323890,Tislelizumab Combined With Neoadjuvant Radiotherapy and Chemotherapy for Resectable Esophageal Squamous Cell Carcinoma.,UNKNOWN,Phase 2,2022-04-20,15,Shandong Cancer Hospital and Institute,OTHER,Advanced Esophageal Squamous Cell Cancer,China,2022.0,China
NCT01211990,An Exploratory Study of the Characteristics of and Challenges for International Families Seeking Medical Care in the United States,Completed,Unknown,2010-08-31,22,National Institute of Mental Health (NIMH),NIH,Cancer; Allogeneic Peripheral Blood Stem Cell Transplant; Bone Marrow Transplantation,United States,2010.0,United States
NCT03562390,Irinotecan for Advanced and Metastatic Breast Cancer,UNKNOWN,Phase 2,2017-04-01,124,Liaoning Cancer Hospital & Institute,OTHER,Breast Cancer,China,2017.0,China
NCT01111097,Study of the Safety and Efficacy of Dichloroacetate (DCA) in Glioblastoma and Other Recurrent Brain Tumors,Completed,Phase 1,,15,University of Florida,OTHER,Brain Tumor; Glioblastoma,United States,,United States
NCT05438797,The Safety and Efficacy of Specific TIL-TCM Cells for Advanced Relapse-refractory or Metastatic Pancreatic Cancer,UNKNOWN,Phase 1 (Early),2021-04-02,3,Sizhen Wang,OTHER,Advanced Pancreatic Cancer,China,2021.0,China
NCT03013010,"PREACT Study: Locally Advanced Gastric Cancer, Chemoradiotherapy vs. Chemotherapy Followed by D2 Surgery and Adjuvant Chemotherapy",Completed,Phase 3,,204,"Shanghai Cancer Hospital, China",OTHER,Stomach Neoplasm; GastroEsophageal Cancer; Adenocarcinoma,China,,China
NCT00790010,Bevacizumab Plus Ipilimumab in Patients With Unresectable Stage III or IV Melanoma,Completed,Phase 1,2009-02-26,46,Dana-Farber Cancer Institute,OTHER,Melanoma,United States,2009.0,United States
NCT05054010,Identification of Breast Cancer Specific Markers in Patients Compared to Healthy Participants,"Active, Not Recruiting",Unknown,2021-10-04,84,Tethis S.p.A.,INDUSTRY,Breast Neoplasms,Italy,2021.0,Italy
NCT06278610,Pelvic Exenteration and Laterally Extended Pelvic Resection,Recruiting,Unknown,2020-11-19,85,Fondazione Policlinico Universitario Agostino Gemelli IRCCS,OTHER,"Gynecologic Cancer; Surgical Procedure, Unspecified",Italy,2020.0,Italy
NCT00457210,The Influence of Radiotherapy on Cognitive Function,UNKNOWN,Unknown,,150,Tel-Aviv Sourasky Medical Center,OTHER_GOV,Radiotherapy; Brain Neoplasms; Quality of Life,Israel,,Israel
NCT01502410,"Sorafenib Tosylate in Treating Younger Patients With Relapsed or Refractory Rhabdomyosarcoma, Wilms Tumor, Liver Cancer, or Thyroid Cancer",Completed,Phase 2,,20,National Cancer Institute (NCI),NIH,Childhood Hepatocellular Carcinoma; Papillary Thyroid Cancer; Previously Treated Childhood Rhabdomyosarcoma,United States; Australia; Canada,,United States
NCT01493713,"Correlation Between RECIST, Morphologic Response by CT- Histopathologic Response in Hepatic Metastasis Secondary to Colorectal Cancer",Completed,Phase 4,2011-11-16,83,Grupo Espanol Multidisciplinario del Cancer Digestivo,OTHER,Colorectal Cancer; Hepatic Metastasis,Spain,2011.0,Spain
NCT01843413,Stereotactic Radiosurgery in Treating Patients With Large Brain Metastases,"Active, Not Recruiting",Phase 1,2013-07-02,33,Case Comprehensive Cancer Center,OTHER,Tumors Metastatic to Brain; Unspecified Adult Solid Tumor,United States,2013.0,United States
NCT05503160,Primary Hormone-sensitive Breast Cancer: Need-driven Health Care Improvement by Patient-centred Digital Application,"Active, Not Recruiting",Unknown,2022-01-01,400,Technical University of Munich,OTHER,New Healthcare Approach,Germany,2022.0,Germany
NCT05756660,Sodium Thiosulfate Otoprotection During Salvage Cisplatin Therapy,SUSPENDED,Phase 1 (Early),2023-03-01,33,"Children's Hospital Medical Center, Cincinnati",OTHER,"Ototoxicity, Drug-Induced",United States,2023.0,United States
NCT00320320,Irinotecan Discontinuation and Reintroduction for Advanced Colorectal Cancer,Terminated,Phase 2,,72,Gachon University Gil Medical Center,OTHER,Colorectal Neoplasms; Metastases,South Korea,,South Korea
NCT02101320,Hand-held Gamma Camera in the SNOLL Procedure,Completed,Unknown,2015-05-20,47,Assistance Publique - Hôpitaux de Paris,OTHER,Breast Cancer,France,2015.0,France
NCT03308682,177Lu-DOTA-EB-TATE in Patients With Advanced Neuroendocrine Tumors,UNKNOWN,Phase 1,2017-04-30,30,Peking Union Medical College Hospital,OTHER,Neuroendocrine Tumors,China,2017.0,China
NCT06114082,TACE Using Idarubicin Versus Doxorubicin Chemoemulsion in Patients with Hepatocellular Carcinoma,Recruiting,Phase 2,2023-04-28,128,Seoul National University Hospital,OTHER,Hepatocellular Carcinoma; Liver Cancer,South Korea,2023.0,South Korea
NCT06676982,Clinical Trial of Autologous CD19 CAR-T Cells (CNCT19) Therapy for Advanced Hepatocellular Carcinoma,Recruiting,Phase 1,2025-01-10,12,Zhejiang University,OTHER,Advanced Hepatocellular Carcinoma,China,2025.0,China
NCT00664482,A Single-Patient Study Using AGS 006,Completed,Unknown,,1,Argos Therapeutics,INDUSTRY,Pancreatic Cancer,United States,,United States
NCT07170982,Fruquintinib Combined With Standard Chemotherapy Versus Standard Chemotherapy as First-line Treatment for Advanced pMMR Endometrial Cancer,Not Yet Recruiting,Phase 2,2025-10-15,128,Sun Yat-sen University,OTHER,Endometrial Cancer,China,2025.0,China
NCT01453660,Acute Changes in Endothelial Function in Germ Cell Tumor Patients Treated With Cisplatin and Untreated Germ Cell Tumor Controls,"Active, Not Recruiting",Unknown,2011-10-11,44,Memorial Sloan Kettering Cancer Center,OTHER,Germ Cell Cancer,United States,2011.0,United States
NCT00217620,S0505 Sorafenib in Treating Patients With Advanced Soft Tissue Sarcomas,Completed,Phase 2,,51,National Cancer Institute (NCI),NIH,Sarcoma,United States,,United States
NCT03535220,The American Society of Hematology (ASH) Research Registry: A Multicenter Research Registry of Patients With Hematologic Disease,UNKNOWN,Unknown,2018-05-10,20000,American Society of Hematology,OTHER,Benign and Malignant Hematologic Diseases,United States,2018.0,United States
NCT05470920,Genetic Testing Decision Aid,Recruiting,Unknown,2022-10-14,350,Massachusetts General Hospital,OTHER,Epithelial Ovarian Carcinoma; Pancreas Adenocarcinoma,United States,2022.0,United States
NCT06820320,Oral Iohexol in the Management of Chylous Ascites After After Retroperitoneal or Extended Lymphadenectomy,Completed,Phase 2,2025-02-15,42,"Cancer Institute and Hospital, Chinese Academy of Medical Sciences",OTHER,Chylous Ascites; Abdominal Neoplasm; Pelvic Neoplasms,China,2025.0,China
NCT06549920,Danish Breast Cancer Group Internal Mammary Node Study,"Active, Not Recruiting",Unknown,2003-01-01,7630,Danish Breast Cancer Cooperative Group,OTHER,Breast Cancer,Unknown,2003.0,Unknown
NCT02830282,Surveillance Markers of Utility for Recurrence After Neoadjuvant Chemotherapy for Breast Cancer,Completed,Unknown,,21,Abramson Cancer Center at Penn Medicine,OTHER,Breast Cancer,United States,,United States
NCT06428682,Role of TXA in Patients Undergoing Breast Free Flap Reconstruction,Recruiting,Phase 4,2024-05-13,100,University of Virginia,OTHER,"Breast Cancer; Blood Loss, Surgical",United States,2024.0,United States
NCT02705482,A Study to Evaluate MEDI0562 in Combination With Immune Therapeutic Agents in Adult Subjects With Advanced Solid Tumors,Completed,Phase 1,2016-03-30,58,MedImmune LLC,INDUSTRY,Select Advanced Solid Tumors,United States; Netherlands; France,2016.0,United States
NCT01550523,Pilot Immunotherapy Trial for Recurrent Malignant Gliomas,Completed,Phase 1,2012-02-09,13,Sidney Kimmel Comprehensive Cancer Center at Thomas Jefferson University,OTHER,Malignant Glioma of Brain,United States,2012.0,United States
NCT05590559,Ultrasound-guided Erector Spinae Plane Block Versus Paravertebral Block in Breast Cancer Patients Undergoing Mastectomy With Immediate Reconstruction - a Non-inferiority Trial,UNKNOWN,Unknown,2021-06-01,100,The Netherlands Cancer Institute,OTHER,Breast Cancer Patients Undergoing Mastectomy With Immediate Reconstruction,Netherlands,2021.0,Netherlands
NCT00455559,Ph II Study of Perifosine Plus Gleevec for Patients With GIST,Completed,Phase 2,,40,AEterna Zentaris,INDUSTRY,Gastrointestinal Stromal Tumors,Unknown,,Unknown
NCT04145180,Effectiveness of a Physical Recovery Program for Head and Neck Cancer Patients (3C-CUIDATE),Completed,Unknown,2019-09-02,55,Universidad de Granada,OTHER,Head and Neck Cancer; Pain; Dysfunction,Spain,2019.0,Spain
NCT00856180,Sequential Angiogenic Blockade for the Treatment of Recurrent Mullerian Malignancies,Completed,Phase 2,,20,Dana-Farber Cancer Institute,OTHER,Ovarian Cancer; Peritoneal Cancer; Fallopian Tube Cancer,United States,,United States
NCT03013491,PROCLAIM-CX-072: A Trial to Find Safe and Active Doses of an Investigational Drug CX-072 for Patients With Solid Tumors or Lymphomas,Terminated,Phase 1,2017-01-19,196,CytomX Therapeutics,INDUSTRY,Solid Tumor; Lymphoma,United States; Poland; United Kingdom; Ukraine; Netherlands; Spain,2017.0,United States
NCT01115374,Lymphedema Therapy With Sound Wave Lymphatic Drainage,Completed,Unknown,,34,Fundacion IMIM,OTHER,Lymphedema,Spain,,Spain
NCT03255018,"Pembrolizumab in Relapsed and Refractory Gray-Zone Lymphoma (GZL), Primary Central Nervous System Lymphoma (PCNSL), and Other Extranodal Diffuse Large B-cell Lymphomas",Completed,Phase 2,2018-02-15,12,National Cancer Institute (NCI),NIH,Non-Hodgkin Lymphoma; Lymphoma; Diffuse Large B-Cell Lymphoma,United States,2018.0,United States
NCT07056790,"Research on the Application of 68Ga-PSMA-CYC PET Imaging in the Diagnosis, Staging, and Restaging of Prostate Cancer",Recruiting,Phase 1,2025-05-15,40,First Affiliated Hospital of Fujian Medical University,OTHER,Prostate CA,China,2025.0,China
NCT06726590,Interprofessional Pharmacogenomics (IPGx) Registry and Repository,Recruiting,Unknown,,3000,Texas A&M University,OTHER,Diabetes; Cholesterol; Cancer,United States,,United States
NCT04454697,Tissue Retractors for Radiation Therapy of Head and Neck Tumors,Completed,Unknown,2020-07-23,34,University Hospital Heidelberg,OTHER,Head and Neck Cancer,Germany,2020.0,Germany
NCT03856060,"Videos and Questionnaires in Assessing Patient Perception of Physician's Compassion, Communication Skills, and Professionalism During Clinic Visits",Completed,Unknown,2019-03-30,125,M.D. Anderson Cancer Center,OTHER,Advanced Malignant Neoplasm; Locally Advanced Malignant Neoplasm; Malignant Neoplasm,United States,2019.0,United States
NCT01094860,Pharmacokinetic (PK) and Pharmacodynamic (PD) Study of Nelarabine in Patients With Relapsed/Refractory Lymphoid Malignancies,Completed,Phase 1,2010-06-08,29,M.D. Anderson Cancer Center,OTHER,Leukemia,United States,2010.0,United States
NCT06779760,Near Infrared Autofluorescence Imaging in Minimally-Invasive Video-Assisted Parathyroidectomy (NIRAF MIVAP Study),Completed,Unknown,2024-09-20,24,Aristotle University Of Thessaloniki,OTHER,Primary Hyperparathyroidism Due to Adenoma,Jordan,2024.0,Jordan
NCT05222620,"SRS Compared With FSRS for Treatment of Intact Metastatic Brain Disease, FRACTIONATE Trial",Recruiting,Phase 2,2022-03-14,90,Mayo Clinic,OTHER,Metastatic Malignant Neoplasm in the Brain; Metastatic Malignant Solid Neoplasm,United States,2022.0,United States
NCT06608420,Precision Medicine for L/GCMN and Melanoma 1,Recruiting,Unknown,2024-03-01,6000,Fundacion Clinic per a la Recerca Biomédica,OTHER,Melanoma (Skin Cancer); Nevi and Melanomas,Spain,2024.0,Spain
NCT00786682,Docetaxel and Hydroxychloroquine in Treating Patients With Metastatic Prostate Cancer,Terminated,Phase 2,,11,University of Medicine and Dentistry of New Jersey,OTHER,Prostate Cancer,United States,,United States
NCT00041782,Outpatient Treatment Of Deep Venous Thrombosis Using Subcutaneous Dalteparin (Fragmin) In Low Risk Cancer Patients,Terminated,Phase 2,,26,M.D. Anderson Cancer Center,OTHER,Neoplasms; Deep Vein Thrombosis,United States,,United States
NCT00694382,Evaluation of AVE5026 in the Prevention of Venous Thromboembolism in Cancer Patients Undergoing Chemotherapy,Completed,Phase 3,,3212,Sanofi,INDUSTRY,Venous Thromboembolism; Cancer,Denmark; Canada; South Africa; China; Belgium; Greece; Ukraine; Italy; Spain; Chile; United Kingdom; Malaysia; Romania; South Korea; Australia; Mexico; Austria; Netherlands; Russia; Belarus; Estonia; Bulgaria; Argentina; Peru; Indonesia; Lithuania; Germany; Switzerland; Sweden; Ireland; Hungary; Israel; Colombia; France; Latvia; Croatia; Brazil; United States; Slovakia; Norway; Poland; Serbia; Czechia; Finland; Slovenia; Taiwan; Hong Kong; Portugal; India,,Denmark
NCT02613923,A Sleep Intervention to Improve Outcomes Among Women at High Risk of Breast Cancer,Completed,Unknown,2015-08-04,17,Case Comprehensive Cancer Center,OTHER,Breast Cancer; Sleep,United States,2015.0,United States
NCT04753359,Mediterranean Diet and Weight Loss: Targeting the Bile Acid/Gut Microbiome Axis to Reduce Colorectal Cancer,Recruiting,Unknown,2022-02-01,232,University of Illinois at Chicago,OTHER,Colorectal Cancer; Diet Habit,United States,2022.0,United States
NCT05360680,A Phase 1 in Patients With HLA-A*0201+ and WT1+ Recurrent/Metastatic Cancers,Completed,Phase 1,2022-06-14,42,Cue Biopharma,INDUSTRY,Colorectal Cancer; Gastric Cancer; Pancreatic Cancer,United States,2022.0,United States
NCT02995096,"Tumor Characteristics, Pre-transplant Treatments and Immunosuppression After Liver Transplantation for Hepatocellular Carcinoma",Completed,Unknown,,23124,"Rigshospitalet, Denmark",OTHER,Liver Transplantation,Unknown,,Unknown
NCT01030562,Immunogenicity of Off-Schedule Dosing of HPV Vaccine,Completed,Unknown,2010-06-02,1321,National Institute of Allergy and Infectious Diseases (NIAID),NIH,Papilloma Viral Infection,United States,2010.0,United States
NCT00354562,A Phase 2 Study Evaluating ABT-751 in Combination With Taxotere in Advanced Non-Small Cell Lung Cancer,Terminated,Phase 1,,75,Abbott,INDUSTRY,Lung Cancer; Non-Small Cell Lung Cancer,United States; United Kingdom; Ireland; Canada,,United States
NCT02670746,A Study to Assess Clinical an Patient Reported Outcomes With Nab-paclitaxel in Combination With Gemcitabine in Route Clinical Practice Treating Pancreatic Cancer,Terminated,Unknown,2015-10-01,44,Celgene,INDUSTRY,Pancreatic Neoplasms,Netherlands,2015.0,Netherlands
NCT01073046,Gastric Decompression After Sub-total Gastrectomy,Completed,Unknown,,276,"Catholic University, Italy",OTHER,Gastric Cancer,Italy,,Italy
NCT00003646,Gene Therapy in Treating Patients With Stage III or Stage IV Melanoma,Completed,Phase 2,,78,Vical,INDUSTRY,Stage IV Melanoma; Stage III Melanoma; Recurrent Melanoma,United States,,United States
NCT06360588,Testing Copanlisib as Potentially Targeting Treatment in Cancers With PTEN Loss (MATCH - Subprotocol Z1G),"Active, Not Recruiting",Phase 2,2018-10-08,22,National Cancer Institute (NCI),NIH,Malignant Solid Neoplasm,United States,2018.0,United States
NCT05259488,Preoperative Immunonutrition in Laparoscopic Total D2 Gastrectomy,Completed,Unknown,2014-01-01,51,University of Rome Tor Vergata,OTHER,Gastric Cancer; Surgery; Laparoscopic,Unknown,2014.0,Unknown
NCT04320888,"Selpercatinib for the Treatment of Advanced Solid Tumors, Lymphomas, or Histiocytic Disorders With Activating RET Gene Alterations, a Pediatric MATCH Treatment Trial","Active, Not Recruiting",Phase 2,2021-05-03,1,National Cancer Institute (NCI),NIH,Hematopoietic and Lymphatic System Neoplasm; Recurrent Ependymoma; Recurrent Ewing Sarcoma,United States; Australia; Puerto Rico,2021.0,United States
NCT04826003,"Study To Evaluate Safety, Pharmacokinetics, Pharmacodynamics, And Preliminary Anti-Tumor Activity Of RO7122290 In Combination With Cibisatamab With Obinutuzumab Pre-Treatment",Completed,Phase 1,2021-07-14,54,Hoffmann-La Roche,INDUSTRY,Metastatic Colorectal Cancer,Denmark; United Kingdom; South Korea; Netherlands; Spain,2021.0,Denmark
NCT04019327,A Study of the Drugs Talazoparib and Temozolomide in Prostate Cancer,Completed,Phase 1,2019-07-11,16,Memorial Sloan Kettering Cancer Center,OTHER,Prostate Cancer; Prostate Adenocarcinoma; Prostate Neoplasm,United States,2019.0,United States
NCT03194061,Hypofractionated Radiotherapy and Concurrent Cisplatin for Head and Neck Cancer,UNKNOWN,Unknown,2015-01-01,20,Barretos Cancer Hospital,OTHER,Radiotherapy; Complications,Unknown,2015.0,Unknown
NCT05045027,Simultaneous Multinuclear Metabolic MRI in Newly Diagnosed or Recurrent Glioma,"Active, Not Recruiting",Phase 1 (Early),2021-09-01,36,Jonsson Comprehensive Cancer Center,OTHER,Glioma; Malignant Glioma; Recurrent Glioma,United States,2021.0,United States
NCT03658161,Communicating About Sexual Concerns and Dysfunction Effectively (CASCADE) Program,Completed,Unknown,2017-01-06,37,Duke University,OTHER,Cancer,United States,2017.0,United States
NCT02595086,Comparison of Laparoscopic Pylorus Preserving Gastrectomy Versus Laparoscopic Distal Gastrectomy,UNKNOWN,Unknown,,256,Seoul National University Hospital,OTHER,Gastric Cancer,South Korea,,South Korea
NCT01465386,Bortezomib in Treating Patients With High-Risk Acute Myeloid Leukemia in Remission,Terminated,Phase 2,,6,Fred Hutchinson Cancer Center,OTHER,Acute Myeloid Leukemia With Multilineage Dysplasia Following Myelodysplastic Syndrome; Adult Acute Minimally Differentiated Myeloid Leukemia (M0); Adult Acute Myeloblastic Leukemia Without Maturation (M1),United States,,United States
NCT06292286,Secondary Interval Cytoreductive Surgery in Platinum-sensitive Recurrent Epithelial Ovarian Cancer,Recruiting,Unknown,2023-11-01,18,The University of Hong Kong,OTHER,Recurrent Ovarian Carcinoma,Hong Kong,2023.0,Hong Kong
NCT00080886,"Rituximab, Carmustine; Cytarabine, Etoposide, & Melphalan; Stem Cell Transplantation for Non-Hodgkin's Lymphoma",Completed,Phase 2,2002-05-08,68,University of Nebraska,OTHER,Lymphoma,United States,2002.0,United States
NCT01596270,A Study of the Safety and Pharmacokinetics of SAR245409 Tablets in Patients With Solid Tumors or Lymphoma,Completed,Phase 1,,49,Sanofi,INDUSTRY,Neoplasm Malignant,United States,,United States
NCT03543670,Evaluation of Oncoxin-Viusid® in Prostate Cancer,Completed,Phase 2,2017-09-16,25,Catalysis SL,INDUSTRY,Prostate Cancer,Cuba,2017.0,Cuba
NCT01381627,Safety Evaluation of Dexmedetomidine for EBUS-TBNA,UNKNOWN,Phase 4,,60,Maisonneuve-Rosemont Hospital,OTHER,Lung Cancer,Canada,,Canada
NCT03474861,Safety and Efficacy of an Anticancer Medication Combined With Immune Cells in Subjects With Gastrointestinal Cancer,UNKNOWN,Phase 1,,15,"Hangzhou Converd Co., Ltd.",INDUSTRY,Gastrointestinal Cancer,Unknown,,Unknown
NCT02563561,A Study of Intravesical Apaziquone as a Surgical Adjuvant in Participant Undergoing Transurethral Resection Bladder Tumor (TURBT),Terminated,Phase 3,2015-10-09,62,"Spectrum Pharmaceuticals, Inc",INDUSTRY,Bladder Cancer,United States,2015.0,United States
NCT01613261,Study of TAK-733 in Combination With Alisertib in Adult Patients With Advanced Nonhematologic Malignancies,Withdrawn,Phase 1,,0,"Millennium Pharmaceuticals, Inc.",INDUSTRY,Advanced Nonhematologic Malignancies,United States,,United States
NCT00569842,Investigation of the Cylex® ImmuKnow® Assay,Completed,Unknown,,45,Indiana University,OTHER,Leukemia; Non-Hodgkin's Lymphoma; Chronic Lymphocytic Leukemia,United States,,United States
NCT02933242,Stereotactic Ablative Body Radiotherapy (SABR) for Oligometastases,"Active, Not Recruiting",Unknown,,399,British Columbia Cancer Agency,OTHER,Metastatic Tumors,Canada,,Canada
NCT04168242,Scalp Cooling in Gynecologic Cancer Patients,Completed,Unknown,2019-11-11,80,The University of Hong Kong,OTHER,Gynecologic Cancer; Chemotherapy-Induced Change,Hong Kong,2019.0,Hong Kong
NCT07368270,Safety and Efficacy Study of Anti-PD1 Armored CD19 CAR-T Cells in Adult Subjects With Relapsed or Refractory Diffuse Large B-cell Lymphoma,Recruiting,Phase 1,,30,"Jiangsu Topcel-KH Pharmaceutical Co., Ltd.",INDUSTRY,Diffuse Large B Cell Lymphoma,China,,China
NCT05474170,Impact of 2 Resuscitation Sequences on Management of Simulated Pediatric Cardiac Arrest,Completed,Unknown,2022-09-01,28,Geneve TEAM Ambulances,OTHER,Cardiopulmonary Arrest; Pediatric ALL; Resuscitation,Switzerland,2022.0,Switzerland
NCT04685473,Safety and Tolerability Study for T-1101 (Tosylate) Capsules to Treat Advanced Refractory Solid Tumors,"Active, Not Recruiting",Phase 1,2021-01-07,24,Taivex Therapeutics Corporation,INDUSTRY,Advanced Refractory Solid Tumors,Taiwan,2021.0,Taiwan
NCT01236573,Cell Therapy for Metastatic Melanoma Using CD8 Enriched Tumor Infiltrating Lymphocytes,Terminated,Phase 1,,34,National Institutes of Health Clinical Center (CC),NIH,Skin Cancer; Metastatic Melanoma,United States,,United States
NCT04963283,Study of Cabozantinib and Nivolumab in Refractory Metastatic Microsatellite Stable (MSS) Colorectal Cancer,"Active, Not Recruiting",Phase 2,2021-06-23,48,"University of Colorado, Denver",OTHER,Colorectal Adenocarcinoma; Colon Cancer; Colon Adenocarcinoma,United States,2021.0,United States
NCT05884983,Screening Effect of Dual-energy CT Combined With Nasopharyngeal Endoscopy for Screening Nasopharyngeal Carcinoma,Recruiting,Unknown,2023-02-01,12000,"Zhongshan People's Hospital, Guangdong, China",OTHER,Nasopharyngeal Carcinoma,China,2023.0,China
NCT03043183,Enhanced Recovery After Surgery(ERAS) for Gastric Cancer and Perioperative Nutritional Status,UNKNOWN,Unknown,2017-03-01,1400,The First Hospital of Jilin University,OTHER,Nutrition Disorders,Unknown,2017.0,Unknown
NCT07311083,Feasibility of a Lifestyle Intervention for Women With Triple-negative Breast Cancer Under Neoadjuvant Immunotherapy,Not Yet Recruiting,Unknown,2026-02-01,60,Kliniken Essen-Mitte,OTHER,Microbiome,Unknown,,Unknown
NCT03432741,"Direct Tumor Microinjection and FDG-PET in Testing Drug Sensitivity in Patients With Relapsed or Refractory Non-Hodgkin Lymphoma, Hodgkin Lymphoma, or Stage IV Breast Cancer",Terminated,Phase 1,2018-03-27,17,Mayo Clinic,OTHER,Breast Adenocarcinoma; Metastatic Breast Carcinoma; Recurrent Breast Carcinoma,United States,2018.0,United States
NCT03631641,Nivolumab in Preventing Colon Adenomas in Participants With Lynch Syndrome and a History of Partial Colectomy,Terminated,Phase 2,2018-10-04,3,John Hays,OTHER,Colon Adenoma; Colon Carcinoma; Lynch Syndrome,United States,2018.0,United States
NCT02582541,Endoscopic Biliary RFA of Malignant Bile Duct Obstruction,UNKNOWN,Unknown,,100,The Second Hospital of Nanjing Medical University,OTHER,Cholangiocarcinoma; Bile Duct Obstruction,China,,China
NCT06201741,A Study to Evaluate the Human Biodistribution and Dosimetry of the Radionuclide Labeled ZT-111 in Patients With Metastatic Prostate Cancer,UNKNOWN,Unknown,2023-12-27,10,Huashan Hospital,OTHER,Prostate Specific Membrane Antigen Positive Metastatic Prostate Cancer,China,2023.0,China
NCT07181941,"Response-Based Dose Reduction of Linvoseltamab in the Treatment of Relapsed, Refractory, or Triple-Class Relapsed/Refractory Multiple Myeloma",Recruiting,Phase 1,2026-03-24,30,Fred Hutchinson Cancer Center,OTHER,Recurrent Multiple Myeloma; Refractory Multiple Myeloma,United States,,United States
NCT05810805,Measurement and Analysis of Gas Composition in Digestive Tract,UNKNOWN,Unknown,2023-04-01,460,Xiuli Zuo,OTHER,Inflammatory Bowel Diseases; Irritable Bowel Syndrome; Functional Dyspepsia,China,2023.0,China
NCT05965505,Study of AXT-1003 in Adult Subjects With Relapsed/Refractory Non-Hodgkin Lymphomas,Terminated,Phase 1,2023-08-11,1,"Axter Therapeutics (Beijing) Co., Ltd",INDUSTRY,Relapsed or Refractory Non-Hodgkin's Lymphoma,China,2023.0,China
NCT04381494,Mobile Devices to Detect Early Pneumonitis in Stage III NSCLC Patients on Durvalumab.,Terminated,Phase 4,2020-04-27,40,AstraZeneca,INDUSTRY,Unresectable Stage III NSCLC,United States,2020.0,United States
NCT05478694,Outcomes of Focal Ablation for Prostate Cancer,Recruiting,Unknown,2023-02-01,225,University of Texas Southwestern Medical Center,OTHER,Prostate Cancer,United States,2023.0,United States
NCT00924794,Study of Natural History of Human Papillomavirus (HPV) Infections in Adult Women With Recurrent Conizations in Norway,Terminated,Unknown,,410,GlaxoSmithKline,INDUSTRY,"Infections, Papillomavirus",Norway,,Norway
NCT00005966,Interferon Alfa-2b With or Without Thalidomide in Treating Patients With Metastatic or Unresectable Kidney Cancer,Completed,Phase 3,,61,Eastern Cooperative Oncology Group,NETWORK,Kidney Cancer,United States; Australia; Puerto Rico; Peru,,United States
NCT00544466,"Helical Tomotherapy, Fludarabine Phosphate, and Melphalan Followed By Allo-HSCT in Hematological Malignancies","Active, Not Recruiting",Phase 1,2006-07-31,75,City of Hope Medical Center,OTHER,Leukemia; Myelodysplastic Syndromes,United States,2006.0,United States
NCT01188850,Fourth Dose of Human Papillomavirus (HPV) DNA Plasmid (VGX-3100) + EP in Adult Females Previously Vaccinated With Three Doses of VGX-3100,Completed,Phase 1,,14,Inovio Pharmaceuticals,INDUSTRY,Human Papillomavirus (HPV),United States; Puerto Rico,,United States
NCT03069950,Study of Chemotherapy With or Without Hepatic Arterial Infusion for Patients With Unresectable Metastatic Colorectal Cancer to the Liver,Withdrawn,Phase 2,2017-02-28,0,Memorial Sloan Kettering Cancer Center,OTHER,Colorectal Adenocarcinoma Metastatic to the Liver,United States,2017.0,United States
NCT05723718,MalnutritiOn Assessment With biOelectrical impedaNce Analysis in gastRic Cancer patIentS Undergoing Multimodal trEatment,Recruiting,Unknown,2022-12-20,125,Medical University of Lublin,OTHER,Gastric Cancer; Gastric Adenocarcinoma; Malnutrition,Poland,2022.0,Poland
NCT03628118,A Research on Hidden Blood Loss in Open Radical Hysterectomy and Pelvic Lymphadenectomy,UNKNOWN,Unknown,2022-09-01,105,Second Affiliated Hospital of Wenzhou Medical University,OTHER,Hidden Blood Loss; Open Radical Hysterectomy; Cervical Cancer,China,2022.0,China
NCT03745690,Near-Infrared Image Guided Surgical Resection With Indocyanine Green in Treating Patients With Head and Neck Cancer,Withdrawn,Phase 1,2018-12-12,0,Jonsson Comprehensive Cancer Center,OTHER,Head and Neck Carcinoma,United States,2018.0,United States
NCT00331097,ELDA: Elderly Breast Cancer - Docetaxel in Adjuvant Treatment,Completed,Phase 3,,300,"National Cancer Institute, Naples",OTHER,Breast Cancer,Italy,,Italy
NCT06448897,Development of an Imaging Prediction Model for Pelvic Lymph Node Metastasis of Cervical Cancer Using Artificial Intelligence Techniques.,Recruiting,Unknown,2024-02-01,4000,Obstetrics & Gynecology Hospital of Fudan University,OTHER,Cervical Cancer; Lymph Node Metastasis; Artificial Intelligence,China,2024.0,China
NCT04160897,Risk of Hepatocellular Carcinoma in Patients Treated With ETV vs TDF for Chronic Hepatitis B With Compensated Cirrhosis,UNKNOWN,Unknown,2019-10-22,4000,Qing XIe,OTHER,"Hepatitis B, Chronic; Hepatocellular Carcinoma; Compensated Cirrhosis",China,2019.0,China
NCT05379010,Endodontic Microsurgery With the Use of L-PRF Block,UNKNOWN,Unknown,2020-08-03,20,Universitaire Ziekenhuizen KU Leuven,OTHER,Apical Periodontitis; Apical Periodontal Cyst,Belgium,2020.0,Belgium
NCT00923013,Cladribine With Simultaneous or Delayed Rituximab to Treat Hairy Cell Leukemia,"Active, Not Recruiting",Phase 2,2008-10-20,175,National Cancer Institute (NCI),NIH,Hairy Cell Leukemia,United States,2008.0,United States
NCT05870813,CLEAR-B: Cancer Landscape - Early Adjuvant Retrospective Registry - Breast Cancer,UNKNOWN,Unknown,2023-03-10,3000,Institut fuer Frauengesundheit,OTHER,Breast Cancer; HER2-negative Breast Cancer; Hormone Receptor Positive Breast Carcinoma,Germany,2023.0,Germany
NCT01138813,Development of Magnetic Resonance Spectroscopy (MRS) Biomarkers of Tumor Metabolism (MK-0000-145),Completed,Unknown,,8,Merck Sharp & Dohme LLC,INDUSTRY,Glioma,Unknown,,Unknown
NCT01153113,Human Telomerase Reverse Transcriptase Messenger RNA (hTERT mRNA) Transfected Dendritic Cell Vaccines,Withdrawn,Phase 1,,0,University of Florida,OTHER,Metastatic Prostate Cancer,Unknown,,Unknown
NCT02265120,Primary Care Providers' Views and Understanding of Current Recommended Guidelines for Cervical Cancer Screening,Completed,Unknown,,1000,University of Southern California,OTHER,Cervical Cancer,United States,,United States
NCT07318220,Prehabilitation Protocol for Head and Neck Cancer Patients,Recruiting,Unknown,2026-04-30,60,University of Miami,OTHER,Head and Neck Cancer,United States,,United States
NCT06335420,Prophylactic Properties of Carrot Juice in Patients With High-Risk Colorectal Polyps,Recruiting,Unknown,2024-06-20,400,Odense University Hospital,OTHER,Colorectal Cancer Prevention,Denmark,2024.0,Denmark
NCT03909620,Utility of LDCT in Lung Cancer Screening in a TB Endemic Region,Completed,Unknown,2019-05-01,253,"Post Graduate Institute of Medical Education and Research, Chandigarh",OTHER,Lung Cancer,India,2019.0,India
NCT01287520,A Study of LY2090314 in Patients With Advanced or Metastatic Cancer,Completed,Phase 1,,41,Eli Lilly and Company,INDUSTRY,Advanced Cancer,United States,,United States
NCT01743482,Pazopanib in Advanced and Cisplatin-resistant Germ Cell Tumors,Completed,Phase 2,2013-05-17,43,"Fondazione IRCCS Istituto Nazionale dei Tumori, Milano",OTHER,Germ Cell Tumors; Measurable Disease,Italy,2013.0,Italy
NCT06319924,Fixed Low-dose Simethicone Combined With Macrogol 4000 (PEG) Reduces Colon Bubble Formation in Colonoscopy,Completed,Unknown,2020-02-01,601,"Hospital St. Joseph, Marseille, France",OTHER,Colorectal Cancer; Colonoscopy; Bowel Preparation Solution,France,2020.0,France
NCT05463523,A Multi-centric Clinical Trial in China for Skin Diseases Intelligent Diagnosis and Treatment System,UNKNOWN,Unknown,2022-04-15,200,Xiangya Hospital of Central South University,OTHER,Skin Diseases; Artificial Intelligence; Augmented Reality,China,2022.0,China
NCT02015559,Mucoadhesive Oral Wound Rinse in Preventing and Treating Stomatitis in Patients With ER- or PR-Positive Metastatic or Locally Recurrent Breast Cancer That Cannot be Removed by Surgery Receiving Everolimus,Completed,Phase 2,2014-10-08,61,Jonsson Comprehensive Cancer Center,OTHER,Estrogen Receptor-positive Breast Cancer; HER2-negative Breast Cancer; Oral Complications,United States,2014.0,United States
NCT03843359,A First Time in Human (FTIH) Study of GSK3745417 Administered to Participants With Advanced Solid Tumors,"Active, Not Recruiting",Phase 1,2019-03-12,97,GlaxoSmithKline,INDUSTRY,Neoplasms,France; Japan; Canada; United States; South Korea; Australia; Netherlands; Spain,2019.0,France
NCT04773080,"Incidence, Risk Factors and Consequences of Acute Kidney Injury in Patients Undergoing Esophageal Cancer Surgery",Completed,Unknown,2021-01-21,254,Azienda Ospedaliera di Padova,OTHER,Acute Kidney Injury; Postoperative Complications,Italy,2021.0,Italy
NCT02830880,FACBC Prostate Therapy Response,Completed,Phase 2,,7,Emory University,OTHER,Prostate Cancer,United States,,United States
NCT02890979,"Swallowable Sponge Cell Sampling Device and Next Generation Sequencing in Detecting Esophageal Cancer in Patients With Low or High Grade Dysplasia, Barrett Esophagus, or Gastroesophageal Reflux Disease",Completed,Unknown,2016-08-03,11,OHSU Knight Cancer Institute,OTHER,Barrett Esophagus; Dysplasia; Esophageal Adenocarcinoma,United States,2016.0,United States
NCT01600196,Resection vs. Best Supportive Care for Hepatocellular Carcinoma (HCC) With Portal Venous Thrombus,Terminated,Phase 4,,126,Sun Yat-sen University,OTHER,Hepatocellular Carcinoma With Portal Vein Tumor Thrombus,China,,China
NCT02665962,Evaluating the Effect of Perioperative Caloric Restriction Program on Perioperative Outcomes in Patients With Obesity and Endometrial Cancer,Terminated,Unknown,,8,Abramson Cancer Center at Penn Medicine,OTHER,Obese; Endometrial Cancer,United States,,United States
NCT06935162,Teclistamab in Previously Treated AL Amyloidosis,Recruiting,Phase 2,2025-05-21,30,Peking Union Medical College Hospital,OTHER,AL Amyloidosis,China,2025.0,China
NCT02406846,The Detection of CTCs in Patients With Pancreatic Cancer Undergoing Cryosurgery Combined With DC-CIK Treatment.,Completed,Unknown,,80,"Fuda Cancer Hospital, Guangzhou",OTHER,"Neoplastic Cells, Circulating",China,,China
NCT07114588,Improving Sarcopenia in Cancer Patients Undergoing Chemotherapy With High-Protein Nutritional Supplementation,ENROLLING_BY_INVITATION,Unknown,2025-01-23,57,National Taiwan University Hospital,OTHER,Early-stage Sarcopenia in Adult Cancer Patients Undergoing Chemotherapy,Taiwan,2025.0,Taiwan
NCT02333188,Genetic Analysis-Guided Dosing of FOLFIRABRAX in Treating Patients With Advanced Gastrointestinal Cancer,Completed,Phase 1,,50,University of Chicago,OTHER,Adenocarcinoma of Unknown Primary; Adult Cholangiocarcinoma; Gallbladder Carcinoma,United States,,United States
NCT03327103,Decision Navigation for Advanced Prostate Cancer Treatment Options Using mHealth,UNKNOWN,Unknown,2017-07-21,316,University of Virginia,OTHER,Decision Support Techniques,United States,2017.0,United States
NCT02395627,Reversing Therapy Resistance With Epigenetic-Immune Modification,Terminated,Phase 2,2015-05-04,38,"University of California, San Francisco",OTHER,Breast Neoplasms,United States,2015.0,United States
NCT06781242,Genotype-phenotype Relationship Between Cryptogenic Cholestasis and Familial Intrahepatic Cholestasis,Recruiting,Unknown,2024-01-16,300,IRCCS Azienda Ospedaliero-Universitaria di Bologna,OTHER,Cholestatic Liver Disease; Intrahepatic Cholestasis; Progressive Familial Intrahepatic Cholestasis,Italy,2024.0,Italy
NCT01358942,An Observational Study of Lung Cancer Related Symptoms and Disease Control Rate in Patients With Non-Small Cell Lung Cancer Receiving First-Line Platinum-Based Chemotherapy With or Without Avastin (Bevacizumab),Completed,Unknown,,156,Hoffmann-La Roche,INDUSTRY,Non-Squamous Non-Small Cell Lung Cancer,Spain,,Spain
NCT00958386,Safety and Efficacy Study of Panitumumab+Irinotecan in Patients Wild-Type (WT) KRAS Metastatic Colorectal Cancer Refractory to Irinotecan Based Chemotherapy (SPECTRA),Completed,Phase 2,,61,Spanish Cooperative Group for the Treatment of Digestive Tumours (TTD),OTHER,Metastatic Colorectal Cancer,Spain,,Spain
NCT01236586,"RO4929097 in Children With Relapsed/Refractory Solid or CNS Tumors, Lymphoma, or T-Cell Leukemia",Withdrawn,Phase 1,2010-10-08,0,National Cancer Institute (NCI),NIH,Lymphoma; Brain Neoplasms; Sarcoma,United States,2010.0,United States
NCT03781986,APG-115 in Salivary Gland Cancer Trial,"Active, Not Recruiting",Phase 1,2019-10-28,41,University of Michigan Rogel Cancer Center,OTHER,Malignant Salivary Gland Cancer; Salivary Gland Cancer,United States,2019.0,United States
NCT07116486,A Trial Utilizing 18F-FS PG PET to Guide Therapy in Hepatocellular Carcinoma,Recruiting,Phase 1,2025-12-02,60,M.D. Anderson Cancer Center,OTHER,Hepatocellular Carcinoma,United States,2025.0,United States
NCT03289286,Pilot Study Evaluating a Perioperative E-follow-up Protocol in Patients With Ambulatory Surgery for Breast Cancer,Completed,Unknown,2017-11-17,40,Institut Claudius Regaud,OTHER,Breast Cancer,France,2017.0,France
NCT03078361,"Latinos CARES (Colorectal Cancer Awareness, Research, Education and Screening)",Completed,Unknown,2014-04-28,159,H. Lee Moffitt Cancer Center and Research Institute,OTHER,Colorectal Cancer; Colorectal Carcinoma,United States,2014.0,United States
NCT04485442,Patient Reported Outcome Measures After Treatment of Skin Cancers on the Face,UNKNOWN,Unknown,2020-11-09,100,"University Hospital, Basel, Switzerland",OTHER,Skin Cancer,Switzerland,2020.0,Switzerland
NCT07047586,Lenvatinib Plus Tislelizumab Versus Lenvatinib Alone in Hepatocellular Carcinoma Previously Treated With Anti-PD1/PD-L1 and Bevacizumab,Recruiting,Phase 2,2025-07-02,146,Fudan University,OTHER,Hepatocellular Carcinoma (HCC),China,2025.0,China
NCT02387086,Gefitinib Combined With Thalidomide to Treat NSCLC,UNKNOWN,Phase 2,,380,Bai Jun,OTHER,NSCLC,Unknown,,Unknown
NCT02390986,An Extension Study of LON002 in Patients With Cancer,UNKNOWN,Unknown,,50,LondonPharma Ltd.,INDUSTRY,Solid Tumours,United Kingdom,,United Kingdom
NCT05574686,Telemonitoring Hypertension and Breast Cancer,UNKNOWN,Unknown,2023-02-01,40,University of Mississippi Medical Center,OTHER,Hypertension; Breast Cancer,United States,2023.0,United States
NCT07022470,Phase II Trial Comparison of 3 vs 4 Fractions (BRACHY-FIT).,Recruiting,Phase 2,2025-06-03,41,Stanford University,OTHER,Cervical Cancers,United States,2025.0,United States
NCT02149173,"F-18 FES PET/CT in Measuring Hormone Expression in Patients With Primary, Recurrent, or Metastatic Breast Cancer Undergoing Endocrine-Targeted Therapy",Terminated,Unknown,2010-09-15,29,University of Washington,OTHER,Estrogen Receptor Positive; Recurrent Breast Carcinoma; Stage IV Breast Cancer AJCC v6 and v7,United States,2010.0,United States
NCT01243073,Open Label Study to Evaluate the Activity of Imetelstat in Patients With Essential Thrombocythemia or Polycythemia Vera,Completed,Phase 2,,20,Geron Corporation,INDUSTRY,Essential Thrombocythemia; Polycythemia Vera,United States; Switzerland; Germany,,United States
NCT04962269,Application of DWI in Diagnosis of Prostate Cancer,Completed,Unknown,2013-06-12,103,Peking University Third Hospital,OTHER,Prostate Cancer; Benign Prostatic Hyperplasia,Unknown,2013.0,Unknown
NCT03718741,Prospective Study of Adjuvant Radiotherapy in High Risk Bladder Cancer.,Terminated,Unknown,2019-02-05,7,Istituto Clinico Humanitas,OTHER,Bladder Cancer,Italy,2019.0,Italy
NCT01536054,"Sirolimus and Vaccine Therapy in Treating Patients With Stage II-IV Ovarian Epithelial, Fallopian Tube, or Primary Peritoneal Cavity Cancer",Completed,Phase 1,2012-08-20,7,Roswell Park Cancer Institute,OTHER,Recurrent Fallopian Tube Cancer; Recurrent Ovarian Epithelial Cancer; Recurrent Primary Peritoneal Cavity Cancer,United States,2012.0,United States
NCT04199754,IV Contrast-Enhanced Cone Beam Computed Tomography (CBCT) in Radiotherapy,Terminated,Phase 1 (Early),2020-10-01,6,Columbia University,OTHER,Pelvic Cancer; Abdominal Cancer,United States,2020.0,United States
NCT05872854,Treatment of Mycosis Fungoides With Hypericin Ointment and Visible Light,Completed,Phase 2,2023-08-21,10,"Ellen Kim, MD",OTHER,Cutaneous T Cell Lymphoma; Mycosis Fungoides,United States,2023.0,United States
NCT02698254,Radiation Therapy in Treating Patients With Recurrent Brain Tumors Who Have Undergone Previous Radiation Therapy,"Active, Not Recruiting",Unknown,2016-07-20,40,M.D. Anderson Cancer Center,OTHER,Recurrent Brain Neoplasm,United States,2016.0,United States
NCT05544240,Phase 1 Trial of SYNC-T - Immunotherapy for Patients With Advanced/Metastatic Solid Tumors,Recruiting,Phase 1,2023-02-01,20,Williams Cancer Foundation,OTHER,Metastatic Cancer; Metastatic Breast Cancer; Metastatic Lung Cancer,Mexico,2023.0,Mexico
NCT07414940,ACTinium in Castrate-RESistant Prostate Cancer After LUTEtium,Not Yet Recruiting,Phase 1,2026-03-01,60,"University College, London",OTHER,Metastatic Castration-resistant Prostate Cancer; Metastatic Prostate Cancer; Prostate Cancer,Unknown,,Unknown
NCT03561740,A Study of the Addition of Metronomic Capecitabine to Standard Adjuvant Therapy in High Risk HER2+ BC paTients,Recruiting,Phase 3,2018-07-25,794,Sun Yat-sen University,OTHER,Breast Cancer,China,2018.0,China
NCT05215340,Study of Dato-DXd Plus Pembrolizumab vs Pembrolizumab Alone in the First-line Treatment of Subjects With Advanced or Metastatic NSCLC Without Actionable Genomic Alterations,Recruiting,Phase 3,2022-03-04,740,Daiichi Sankyo,INDUSTRY,Metastatic Non Small Cell Lung Cancer,Canada; China; Belgium; Greece; Italy; Spain; Chile; Turkey (Türkiye); United Kingdom; Romania; South Korea; Australia; Mexico; Austria; Netherlands; Japan; Argentina; Germany; Switzerland; Hungary; France; Brazil; Thailand; United States; Poland; Taiwan; Hong Kong; Portugal,2022.0,Canada
NCT04149691,"Safety, Tolerability and Pharmacokinetics of Oral CPL304110, in Adult Subjects With Advanced Solid Malignancies",UNKNOWN,Phase 1,2019-07-19,42,Celon Pharma SA,INDUSTRY,Gastric Cancer; Bladder Cancer; Squamous Non-small Cell Lung Cancer,Poland,2019.0,Poland
NCT02471391,ABT-199 & Ibrutinib in Mantle Cell Lymphoma (AIM),UNKNOWN,Phase 2,2015-07-22,37,"Peter MacCallum Cancer Centre, Australia",OTHER,Mantle Cell Lymphoma,Australia,2015.0,Australia
NCT00365391,Bevacizumab and Erlotinib in Treating Patients With Advanced Liver Cancer,Completed,Phase 2,,27,National Cancer Institute (NCI),NIH,Adult Primary Hepatocellular Carcinoma; Advanced Adult Primary Liver Cancer; Localized Unresectable Adult Primary Liver Cancer,United States,,United States
NCT07300891,T Cell Inflamed Gene Expression Profiling Score-guided Anti PD-1 Therapy (Tislelizumab Monotherapy) for Refractory Solid Cancer Patients Unexposed to Immunotherapy,Not Yet Recruiting,Phase 2,,72,Samsung Medical Center,OTHER,Refractory Solid Cancer Patients Unexposed to Immunotherapy,Unknown,,Unknown
NCT00979810,Image-Guided Stereotactic Biopsy of High Grade Gliomas,Completed,Unknown,2009-09-16,11,Memorial Sloan Kettering Cancer Center,OTHER,Brain Cancer; Glioma,United States,2009.0,United States
NCT01939210,Meditation-Based Breathing Training in Improving Target Motion Management and Reducing Distress in Patients With Abdominal or Lung Cancer Undergoing Radiation Therapy,Terminated,Unknown,,17,Albert Einstein College of Medicine,OTHER,Anxiety; Depression; Digestive System Neoplasm,United States,,United States
NCT00938210,Rehabilitation Following Laparoscopic Colonic Surgery,Completed,Unknown,,50,Aarhus University Hospital,OTHER,Colonic Cancer; Postoperative Care; Fatigue,Denmark,,Denmark
NCT04375813,Trial of Encapsulated Rapamycin (eRapa) for Bladder Cancer Prevention,Recruiting,Phase 2,2021-01-25,166,Robert Svatek,OTHER,Non-muscle Invasive Bladder Cancer,United States,2021.0,United States
NCT05787613,A Clinical Study to Evaluate the Efficacy and Safety of HLX26 (Anti-LAG-3 Monoclonal Antibody Injection) Combined With Serplulimab and Chemotherapy in Previously Untreated Advanced NSCLC Patients,"Active, Not Recruiting",Phase 2,2023-07-10,132,Shanghai Henlius Biotech,INDUSTRY,NSCLC Stage IV,China,2023.0,China
NCT03542513,First-void Urine Samples for the Follow-up of Women Treated for High-grade Cervical Intraepithelial Neoplasia (CIN),Completed,Unknown,2017-10-30,65,Universiteit Antwerpen,OTHER,Cervical Cancer,Belgium,2017.0,Belgium
NCT02601313,Study of Brexucabtagene Autoleucel (KTE-X19) in Participants With Relapsed/Refractory Mantle Cell Lymphoma (Cohort 1 and Cohort 2),Completed,Phase 2,2015-11-09,105,"Kite, A Gilead Company",INDUSTRY,Relapsed/Refractory Mantle Cell Lymphoma,United States; Netherlands; France; Germany,2015.0,United States
NCT05020613,Early and Late Removal of the Urinary Catheter After Rectum Resection,UNKNOWN,Unknown,2021-07-01,120,Marmara University,OTHER,Colorectal Surgery; Rectal Cancer; Urinary Retention Postoperative,Turkey (Türkiye),2021.0,Turkey (Türkiye)
NCT00006760,Combination Chemotherapy in Treating Children With Refractory or Relapsed Hodgkin's Lymphoma,Completed,Phase 2,,66,Children's Oncology Group,NETWORK,Lymphoma,United States; Australia; Canada,,United States
NCT00304720,Tacrolimus and MMF as Post Grafting Immunosuppression After Conditioning With Flu TBI for HLA Matched Family Donor,UNKNOWN,Phase 2,,40,Colorado Blood Cancer Institute,OTHER,Multiple Myeloma; Lymphoma; Acute Myelogenous Leukemia,United States,,United States
NCT05886920,A Phase 1/2 Study of D3S-002 as Monotherapy or Combination Therapy in Adult Subjects With Advanced Solid Tumors With MAPK Pathway Mutations,"Active, Not Recruiting",Phase 1,2023-07-10,67,"D3 Bio (Wuxi) Co., Ltd",INDUSTRY,Advanced Solid Tumors With MAPK Pathway Mutations,United States; Australia; China,2023.0,United States
NCT03918382,Patient-Reported Outcomes in Head and Neck Cancer,UNKNOWN,Unknown,2019-06-13,291,"Rigshospitalet, Denmark",OTHER,Head and Neck Cancer; Radiotherapy Side Effect,Denmark,2019.0,Denmark
NCT03005782,Study of REGN3767 (Anti-LAG-3) With or Without REGN2810 (Anti-PD1) in Advanced Cancers,Completed,Phase 1,2016-11-07,333,Regeneron Pharmaceuticals,INDUSTRY,Malignancies,United States; United Kingdom; South Korea; Australia; Ireland,2016.0,United States
NCT05202782,Zanubrutinib and CAR T-cell Therapy for the Treatment of Recurrent or Refractory Aggressive B-cell Non-Hodgkin's Lymphoma or Transformed Indolent B-cell Lymphoma,"Active, Not Recruiting",Phase 2,2022-03-21,24,Northwestern University,OTHER,"Diffuse Large B-Cell Lymphoma Associated With Chronic Inflammation; EBV-Positive Diffuse Large B-Cell Lymphoma, Not Otherwise Specified; High Grade B-Cell Lymphoma, Not Otherwise Specified",United States,2022.0,United States
NCT03718624,A Study of Intraperitoneal and Intravenous Paclitaxel Plus Apatinib and S-1 Conversion Therapy for Gastric Cancer With Positive Exfoliative Cancer Cells,UNKNOWN,Phase 2,2018-10-30,36,Hebei Medical University,OTHER,Gastric Cancer With Positive Exfoliative Cancer Cells,Unknown,2018.0,Unknown
NCT04466124,Prospective Cohort Study of Liver Cancer Patients Treated With Proton Beam Therapy,ENROLLING_BY_INVITATION,Unknown,2018-09-21,500,"National Cancer Center, Korea",OTHER_GOV,Liver Cancer,South Korea,2018.0,South Korea
NCT04398524,A Phase II Study of Cemiplimab and ISA101b in Patients With Recurrent/Metastatic HPV16 Positive OPC,UNKNOWN,Phase 2,2021-07-01,65,ISA Pharmaceuticals,INDUSTRY,Squamous Cell Carcinoma of the Oropharynx,France; United States; Germany; Czechia; United Kingdom; Spain; Belgium; Italy; Israel,2021.0,France
NCT05536024,Combing a Deep Learning-Based Radiomics With Liquid Biopsy for Preoperative and Non-invasive Diagnosis of Glioma,UNKNOWN,Unknown,2022-05-01,500,Second Affiliated Hospital of Nanchang University,OTHER,Glioma (Diagnosis); Liquid Biopsy; Deep Learning,China,2022.0,China
NCT01473459,Comparison Between Two Fertility Protocols in Obese Polycystic Ovary Syndrome Patients,UNKNOWN,Unknown,,40,Hillel Yaffe Medical Center,OTHER_GOV,Obese; Infertility; Polycystic Ovary Syndrome,Israel,,Israel
NCT00802880,Dacarbazine for Metastatic Soft Tissue and Bone Sarcoma,Completed,Phase 2,,80,Washington University School of Medicine,OTHER,Sarcoma,United States,,United States
NCT05292859,Long-Term Follow-up Study of Subjects Treated With Autologous T Cells Using the Sleeping Beauty System to Express TCRs,Completed,Unknown,2023-03-01,7,Alaunos Therapeutics,INDUSTRY,Gynecologic Cancer; Colorectal Cancer; Pancreatic Cancer,United States,2023.0,United States
NCT00923780,Evaluation of Blood Vessel Formation in Endocrine Tumors,Completed,Unknown,2007-01-05,400,National Cancer Institute (NCI),NIH,Lesions,United States,2007.0,United States
NCT01845779,Evaluation of Immune Response Against Human Papillomavirus (HPV)in Patients With Metastatic Cancer of the Anal Canal,Completed,Unknown,,64,Centre Hospitalier Universitaire de Besancon,OTHER,Metastatic Anal Canal Cancer; Human Papillomavirus,France,,France
NCT02429479,Preparing Family Caregivers to Make Medical Decisions for Their Loved Ones,Completed,Unknown,2013-06-01,285,Milton S. Hershey Medical Center,OTHER,Neoplasms; Heart Failure; Kidney Diseases,United States,2013.0,United States
NCT01865396,Effect of Early Palliative Care on Quality of Life of Patients With Advanced Cancer: a Randomised Controlled Trial.,Completed,Unknown,,268,University Ghent,OTHER,Life-limiting Cancer With Prognosis of Approximately 1 Year,Belgium,,Belgium
NCT01060462,Observational Study Investigating the Response Rate of Itraconazole Injection in Treating Immunocompromised Patients,Completed,Unknown,,438,"Janssen Korea, Ltd., Korea",INDUSTRY,Hematological Malignancies; Neutropenia; Fever,Unknown,,Unknown
NCT05944562,Tulmimetostat (DZR123) in Patients With Mycosis Fungoides and Sézary Syndrome,"Active, Not Recruiting",Phase 1,2024-01-09,24,Washington University School of Medicine,OTHER,Mycosis Fungoides; Sezary Syndrome; Mycosis Fungoides/Sezary Syndrome,United States,2024.0,United States
NCT00309946,Cediranib Maleate in Treating Patients With Malignant Mesothelioma That Cannot Be Removed By Surgery,Completed,Phase 2,,51,National Cancer Institute (NCI),NIH,Advanced Malignant Mesothelioma; Epithelial Mesothelioma; Localized Malignant Mesothelioma,United States,,United States
NCT00323388,Identification of Risk Allels for Prostate Cancer,Withdrawn,Unknown,,0,University of New Mexico,OTHER,Prostate Cancer,United States,,United States
NCT01378546,"Treatment of Lambert-Eaton Myasthenic Syndrome (LEMS) With 3, 4 DAP",NO_LONGER_AVAILABLE,Unknown,,61,"Louis H. Weimer, MD",OTHER,Lambert Eaton Myasthenic Syndrome (LEMS),United States,,United States
NCT02772003,DNA Vaccine Therapy in Treating Patients With Chronic Hepatitis C Virus Infection,"Active, Not Recruiting",Phase 1,2016-06-06,33,National Cancer Institute (NCI),NIH,Chronic Hepatitis; Hepatitis C Infection; Hepatocellular Carcinoma,United States; Puerto Rico,2016.0,United States
NCT03546842,"Safety and Immunogenicity Study of V503 (GARDASIL™9, 9vHPV Vaccine) Administered to 9- to 26-Year-Old Females and Males in Vietnam (V503-017)",Completed,Phase 3,2018-06-29,201,Merck Sharp & Dohme LLC,INDUSTRY,Papillomavirus Infections; Uterine Cervical Neoplasms; Vulvar Neoplasms,Vietnam,2018.0,Vietnam
NCT07545486,Ablative Therapy of Oligometastatic Tumor After Response to Conventional First Line Treatment,Not Yet Recruiting,Unknown,2026-06-01,1235,Chirec,OTHER,Solid Tumor,France; Lebanon; Cyprus; Norway; Belgium,,France
NCT04801186,Retrospective Study to Describe the Real-world Treatment Patterns and Associated Clinical Outcomes in Patients With Metastatic Castration-resistant Prostates Cancer,Completed,Unknown,2021-09-28,1920,AstraZeneca,INDUSTRY,Metastatic Castration-resistant Prostates Cancer,Colombia; Egypt; Peru; Turkey (Türkiye); United Arab Emirates; South Korea; India; Saudi Arabia,2021.0,Colombia
NCT02635386,"EQW, DAPA, EQW/DAPA, DAPA/MET ER and PHEN/TPM ER in Obese Women With PolycysticOvary Syndrome (PCOS)",Completed,Phase 3,2016-03-22,119,Woman's,OTHER,Polycystic Ovary Syndrome; Obesity,United States,2016.0,United States
NCT00677170,Study of MLN4924 in Adult Patients With Nonhematologic Malignancies,Completed,Phase 1,,62,"Millennium Pharmaceuticals, Inc.",INDUSTRY,Advanced Nonhematologic Malignancies,United States,,United States
NCT02724670,Study of MR-based IGRT for Prostate Cancer,Recruiting,Unknown,,78,University Hospital Tuebingen,OTHER,Prostate Cancer,Germany,,Germany
NCT06993870,Phase I Study of HBT-708 for Patients With Advanced Solid Tumors,Recruiting,Phase 1,2025-06-16,60,"Shenyang Sunshine Pharmaceutical Co., LTD.",INDUSTRY,Advanced Solid Tumors,China,2025.0,China
NCT01860170,Post-Transplant Bortezomib and High Dose Cyclophosphamide as Graft-Versus-Host Disease (GVHD) Prophylaxis,Completed,Phase 1,,28,Corewell Health West,OTHER,Hematological Malignancy,United States,,United States
NCT01345370,Comparison of Different Methods to Test MGMT Status in Glioblastoma Patients,Completed,Unknown,,300,Center Eugene Marquis,OTHER,Glioblastoma,France,,France
NCT05505370,Case Series With Saneso 3600 Colonoscope,Completed,Unknown,2022-04-21,40,Saneso Inc.,INDUSTRY,Colonic Neoplasms,United States,2022.0,United States
NCT01581970,Potentiation of Cetuximab by Tregs Depletion With CSA in Advanced Head & Neck Cancer,Completed,Phase 2,,7,"Masonic Cancer Center, University of Minnesota",OTHER,Head and Neck Cancer; Head and Neck Squamous Cell Carcinoma,United States,,United States
NCT00427570,"Fluorouracil, Semustine, and Vincristine Compared With BCG in Treating Patients With Dukes' B or Dukes' C Colon Cancer That Has Been Removed By Surgery",Completed,Phase 3,,61,NSABP Foundation Inc,NETWORK,Colorectal Cancer,Unknown,,Unknown
NCT06446570,Phase II Study of Durvalumab(MEDI4736) + Tremelimumab in Pulmonary Sarcomatoid Carcinoma,Completed,Phase 2,2017-09-10,18,Seoul National University Hospital,OTHER,HNSCC; Head and Neck Neoplasms,South Korea,2017.0,South Korea
NCT06212570,KeyScope Study in Uganda,Not Yet Recruiting,Unknown,2026-04-01,12,Duke University,OTHER,Abdominal Neoplasm,Uganda,,Uganda
NCT06936969,Comparison of 40% Glucose Solution and Autologous Blood Patch Pleurodesis for Postoperative Air Leak After Lung Resections,Recruiting,Unknown,2023-12-22,200,Wielkopolskie Centrum Pulmonologii i Torakochirurgii,OTHER,Prolonged Air Leak; Persistent Air Leak,Poland,2023.0,Poland
NCT07077369,WGc-0201 Plus Tislelizumab in HCC With High Risk of Recurrence and Metastasis After Radical Therapy,Not Yet Recruiting,Phase 1,2025-08-01,10,West China Hospital,OTHER,Hepatocellular Carcinoma (HCC),Unknown,2025.0,Unknown
NCT00935090,3'-Deoxy-3'-[18F] Fluorothymidine PET Imaging in Patients With Cancer,Recruiting,Unknown,,61,Barbara Ann Karmanos Cancer Institute,OTHER,Brain and Central Nervous System Tumors; Chronic Myeloproliferative Disorders; Leukemia,United States,,United States
NCT00535990,Minimally Invasive Surgery (MIS) Database for the Purpose of Research,Completed,Unknown,,250,"University of California, San Diego",OTHER,Morbid Obesity; Hernia; Colorectal Cancer,United States,,United States
NCT00114790,Boronophenylalanine (BPA)-Based Boron Neutron Capture Therapy (BNCT) in the Treatment Head and Neck Tumors,Completed,Phase 1,,30,Boneca Corporation,INDUSTRY,Head and Neck Cancer,Finland,,Finland
NCT02059213,A Phase II Study of Androgen Deprivation Therapy With or Without Palbociclib in RB-Positive Metastatic Prostate Cancer,Completed,Phase 2,,72,University of Michigan Rogel Cancer Center,OTHER,Prostate Cancer,United States,,United States
NCT02550613,Evaluation of Treatment Response With Integrated MRI/PET in Patients With Hepatocellular Carcinoma,UNKNOWN,Unknown,,100,National Taiwan University Hospital,OTHER,Hepatocellular Carcinoma,Taiwan,,Taiwan
NCT01698710,Endoscopic Abraxane Injection Into Pancreatic Cysts,Terminated,Unknown,,5,Massachusetts General Hospital,OTHER,Pancreatic Cysts,Unknown,,Unknown
NCT00754910,Photodynamic Therapy Using Porfimer Sodium in Treating Patients With Non-Small Cell Lung Cancer And Bronchial Disease,Completed,Unknown,,35,Ohio State University Comprehensive Cancer Center,OTHER,Lung Cancer,United States,,United States
NCT04297410,177Lu-PSMA-I&T Prior to Radical Prostatectomy for Locally Advanced Disease,UNKNOWN,Unknown,2019-11-20,5,Rabin Medical Center,OTHER,Prostate Cancer,Israel,2019.0,Israel
NCT01830010,"A Two-part Study to Evaluate the Safety, Tolerability, Pharmacokinetics, and Efficacy of KRP203 in Patients Undergoing Stem Cell Transplant for Hematological Malignancies",Completed,Phase 1,2013-06-28,23,Novartis Pharmaceuticals,INDUSTRY,Hematological Malignancies,France; Switzerland; Germany,2013.0,France
NCT02364960,Targeted Intraoperative Therapy Registry at Bethesda North Hospital (TARGIT),Terminated,Unknown,,16,TriHealth Inc.,OTHER,Early Stage Breast Cancer; Neoplasm of the Breast; Breast Tumor,United States,,United States
NCT05176860,Evaluation of Novel Cone-Beam CT for Guidance and Adaptation of Precision Radiotherapy,Completed,Unknown,2022-12-20,30,"Varian, a Siemens Healthineers Company",INDUSTRY,Lung Cancer; Liver Cancer; Breast Cancer,Canada,2022.0,Canada
NCT00358020,"Melphalan, Prednisone, Thalidomide And Bortezomib In Advanced And Refractory Multiple Myeloma Patients",Completed,Phase 2,,30,"University of Turin, Italy",OTHER,Multiple Myeloma,Italy,,Italy
NCT01784120,A Phase II Trial of Doxorubicin and Genexol-PM in Patients With Advanced Breast Cancer,UNKNOWN,Phase 2,,48,Gachon University Gil Medical Center,OTHER,Metastatic Breast Cancer,South Korea,,South Korea
NCT05103020,Phase II Study Comparing Conversion Rate to Surgery With Hepatic Arterial Infusion Chemotherapy to Systemic Chemotherapy in Patients With Non Resectable Liver-only Colorectal Metastases,UNKNOWN,Phase 2,2021-11-01,100,Yonsei University,OTHER,Metastatic Colorectal Cancer,South Korea,2021.0,South Korea
NCT02641782,NB2013-HR German (GPOH) / Dutch (DCOG) Trial,Terminated,Phase 2,,3,University of Cologne,OTHER,Neuroblastoma,Germany,,Germany
NCT01619124,Osteonecroses in Pediatric Patients With ALL,UNKNOWN,Unknown,,400,"Klinik für Kinder-Onkologie, -Hämatologie und Klinische Immu",OTHER,Osteonecrosis; Acute Lymphoblastic Leukaemia; Lymphoblastic Lymphoma,Germany,,Germany
NCT01846624,Decitabine and Midostaurin in Treating Older Patients With Newly Diagnosed Acute Myeloid Leukemia,Terminated,Phase 2,,13,David Iberri,OTHER,"Acute Myeloid Leukemia (AML) With Multilineage Dysplasia Following Myelodysplastic Syndrome, in Adults; AML (Adult) With 11q23 (MLL) Abnormalities; AML (Adult) With Del (5q)",United States,,United States
NCT05194982,A Study of BL-B01D1 in Patients With Locally Advanced or Metastatic Solid Tumor,Recruiting,Phase 1,2021-11-29,570,"Sichuan Baili Pharmaceutical Co., Ltd.",INDUSTRY,Locally Advanced or Metastatic Solid Tumor,China,2021.0,China
NCT00504023,Topical Imiquimod in Treating Patients With Recurrent Paget's Disease of the Vulva,Completed,Unknown,,8,Memorial Sloan Kettering Cancer Center,OTHER,Vulvar Cancer,United States,,United States
NCT06572423,Personalized Ultrafractionated Stereotactic Adaptive Radiotherapy for Palliative Head and Neck Cancer Treatment (PULS-Pal),Recruiting,Unknown,2024-10-25,43,Jonsson Comprehensive Cancer Center,OTHER,Head and Neck Carcinoma; Localized Head and Neck Carcinoma; Metastatic Head and Neck Carcinoma,United States,2024.0,United States
NCT02317159,Efficacy and Safety of Imatinib Mesylate as First-line Treatment for the Patients With Chronic Phase of Chronic Myeloid Leukemia,UNKNOWN,Phase 4,,90,Cttq,INDUSTRY,Chronic Myeloid Leukemia,Unknown,,Unknown
NCT04566380,ONO-4538 Phase II Rollover Study (ONO-4538-98),Recruiting,Phase 2,2020-09-10,59,"Ono Pharmaceutical Co., Ltd.",INDUSTRY,Pan-tumor,Japan; Taiwan; South Korea,2020.0,Japan
NCT05631080,Transurethral Prostate Enucleation in Surveillance Protocol for Low Risk Prostate Cancer,UNKNOWN,Phase 4,,50,Mansoura University,OTHER,Prostate Cancer Stage I; Bladder Outlet Obstruction,Egypt,,Egypt
NCT06010680,A Study to Evaluate the Mass Balance of [14C]SHR2554 in Healthy Adult Volunteers,Completed,Phase 1,2023-10-07,6,"Jiangsu HengRui Medicine Co., Ltd.",INDUSTRY,Lymphoma,China,2023.0,China
NCT04342780,Prevalence of Delayed Chemotherapy Associated Nausea,Completed,Unknown,2020-06-29,172,Antje Koller,OTHER,Chemotherapy-induced Nausea and Vomiting,Switzerland,2020.0,Switzerland
NCT05685680,Outcome of Laparoscopic Total Mesorectal Excision Versus Open Technique in Management of Rectal Carcimoma,UNKNOWN,Unknown,2022-12-20,50,Sohag University,OTHER,Rectal Carcinoma,Egypt,2022.0,Egypt
NCT00465179,Sunitinib Malate in Patients With Non-Clear Cell Renal Cell Cancer,Completed,Phase 2,,61,M.D. Anderson Cancer Center,OTHER,Renal Cell Cancer; Kidney Cancer,United States,,United States
NCT06516679,Efficacy of Risk-Stratified Treatment in Newly Diagnosed Infant Leukemia,Recruiting,Phase 2,2024-12-11,40,Yonsei University,OTHER,"Leukemia, Lymphoid",South Korea,2024.0,South Korea
NCT05697146,Ribociclib Real-world Treatment Patterns and Clinical Outcomes Among Women With HR+/HER2- Advanced or Metastatic Breast Cancer in France,"Active, Not Recruiting",Unknown,2022-12-13,1019,Novartis Pharmaceuticals,INDUSTRY,Breast Cancer,France,2022.0,France
NCT07067788,B.Brilliant Revelation Comparision Study,Recruiting,Unknown,2025-12-15,100,University of Pennsylvania,OTHER,Breast Cancer Screening,United States,2025.0,United States
NCT05229588,Lurbinectedin in Patients With Advanced Gastrointestinal Malignancies With DNA Repair Mutations,Completed,Phase 2,2022-06-14,8,HonorHealth Research Institute,OTHER,Gastrointestinal Malignancies,United States,2022.0,United States
NCT02122588,OVArian Cancer Non-Interventional Study - OVATAR,Completed,Unknown,2014-06-30,503,AstraZeneca,INDUSTRY,"Ovarian, Peritoneal, Fallopian Tube Cancer, BRCAm+ in Russia",Russia,2014.0,Russia
NCT01825161,"The Epidemiology, Process and Outcomes of Spine Oncology (EPOSO)",Completed,Unknown,,454,"AO Foundation, AO Spine",OTHER,Secondary Malignant Neoplasm of Vertebral Column,United States; Canada; Hungary,,United States
NCT00977561,"A Study Of Cisplatin (Or Carboplatin) And Etoposide With Or Without Figitumumab (CP-751,871) In Patients With Extensive-Stage Small Cell Lung Cancer",Terminated,Phase 2,,9,Pfizer,INDUSTRY,Small Cell Lung Carcinoma,United States; Canada; Hungary; Spain,,United States
NCT06782542,"Olutasidenib, Venetoclax, and Azacitidine in IDH1 Mutated Newly Diagnosed Acute Myeloid Leukemia Patients Eligible for Intensive Induction Chemotherapy",Recruiting,Phase 2,2026-03-31,16,"Justin Watts, MD",OTHER,Acute Myeloid Leukemia; IDH1 Mutation,United States,,United States
NCT07501442,"Clinical Trial Evaluating the Efficacy and Safety of Uracil 0,5% Plasters in Oncology Patients Affected by Hand-foot Syndrome (HFS)",Not Yet Recruiting,Unknown,,80,"Wooshin Labottach Co., Ltd.",INDUSTRY,HFS,Italy,,Italy
NCT01263886,Trial of Ombrabulin (AVE8062) in Combination With Taxane and Platinum in Patients With Non-small Cell Lung Cancer,Completed,Phase 2,,176,Sanofi,INDUSTRY,Non-small Cell Lung Cancer,France; Chile; Croatia; United States; Serbia; Poland; Germany; Romania; South Korea; Australia; Russia; Italy; Ukraine,,France
NCT02964286,The Effect of Acupoint Massotherapy on Relieving Chemotherapy-induced Myelosupression,UNKNOWN,Unknown,,200,Taipei Medical University,OTHER,"Cancer, Breast; Acupressure; Hematopoiesis",Taiwan,,Taiwan
NCT06375486,Ivonescimab Combined With HAIC for the Treatment of Unresectable Hepatocellular Carcinoma（uHCC）.,Recruiting,Phase 2,2024-03-14,30,Tianjin Medical University Cancer Institute and Hospital,OTHER,Hepatocellular Carcinoma Non-resectable; Hepatocellular Carcinoma,China,2024.0,China
NCT06072586,A Phase 0/1 Study of BDTX-1535 in Recurrent High-Grade Glioma (rHGG) and Newly Diagnosed Glioblastoma (nGBM) Participants With EGFR Alterations or Fusions,Recruiting,Phase 1 (Early),2023-10-18,82,"St. Joseph's Hospital and Medical Center, Phoenix",OTHER,High Grade Glioma; Glioblastoma,United States,2023.0,United States
NCT07247786,Study for Evaluating the Safety and Feasibility of Fecal Microbiota Transplant in Stage II-III NSCLC Patients Using ICI Responders as Donors (MIGRANT),Not Yet Recruiting,Phase 2,2026-09-15,68,Fundación GECP,OTHER,Non Small Cell Lung Cancer; Respiratory Tract Neoplasm,Spain,,Spain
NCT06524570,Treatment of Cancer With Immune Checkpoint Inhibition Therapy Boosted by High Intensity Focused Ultrasound Histotripsy,Recruiting,Phase 1,2024-07-26,24,UMC Utrecht,OTHER,Cancer; Metastatic Cancer,Netherlands,2024.0,Netherlands
NCT00088270,A Study of OSI-7904L Versus 5-FU/LV as Treatment in Patients With Biliary Tract Cancer,Completed,Phase 2,,58,OSI Pharmaceuticals,INDUSTRY,Locally Advanced or Metastatic Adenoca of the Biliary Tract,United States; Poland; Germany; Romania; Belgium; Switzerland,,United States
NCT02624570,Midostaurin Access Program for Newly Diagnosed FLT3 (ITD or TKD) Mutated AML Adult Patients Eligible for Standard Induction and Consolidation Chemotherapy,NO_LONGER_AVAILABLE,Unknown,,61,Novartis Pharmaceuticals,INDUSTRY,"Acute Myeloid Leukemia (AML) With; FLT3 Mutation, Internal Tandem Duplication (ITD) or Tyrosine Kinase Domain (TKD)",United States,,United States
NCT05484583,Durvalumab Combined With Consolidation Radiotherapy After First-line Treatment in Extensive Stage Small Cell Lung Cancer With Oligometastases,Not Yet Recruiting,Phase 2,2022-08-01,58,Affiliated Cancer Hospital & Institute of Guangzhou Medical University,OTHER,Lung Cancer; Extensive-stage Small-cell Lung Cancer; Radiotherapy,Unknown,2022.0,Unknown
NCT02966483,Transanal Versus Laparoscopic Total Mesorectal Excision for Rectal Cancer,Recruiting,Unknown,,1114,Sun Yat-sen University,OTHER,Rectal Neoplasms Malignant; Surgery,China,,China
NCT04603183,"ABemaciclib, ET ± paclItaxel in aGgressive HR+/HER2- MBC trIaL",Completed,Phase 2,2021-06-02,162,MedSIR,OTHER,Breast Cancer Metastatic,Portugal; Italy; Spain,2021.0,Portugal
NCT06005883,Surgical Outcome of HCC With Portal Vein Tumor Thrombosis on the Basis of Risk Scoring,Completed,Unknown,2021-04-10,332,Keimyung University Dongsan Medical Center,OTHER,Hepatocellular Carcinoma; Portal Vein Thrombosis; Prognosis,South Korea,2021.0,South Korea
NCT05754983,Risk Factors and Long-term Impact of ICIs,"Active, Not Recruiting",Unknown,2022-11-24,1000,First Affiliated Hospital Xi'an Jiaotong University,OTHER,Malignant Neoplasm,China,2022.0,China
NCT01081041,A Study in Head and Neck Cancer,Completed,Phase 2,,187,Eli Lilly and Company,INDUSTRY,Head and Neck Cancer,United States; Mexico; Canada,,United States
NCT03610854,Fitness Trackers During and After Oncological Treatments,UNKNOWN,Unknown,2018-04-18,50,University Hospital Tuebingen,OTHER,Cancer; Physical Activity; Fatigue,Germany,2018.0,Germany
NCT02092805,rTMS as a Treatment of Visceral Pain Secondary to Malignancy,Completed,Unknown,,34,Assiut University,OTHER,Malignancy,Unknown,,Unknown
NCT05024305,"Safety, Tolerability, PK, PD, Immunogenicity and Efficacy of TWP-102 in Patients With Advanced Malignancies.",UNKNOWN,Phase 1,2022-03-08,81,"Shandong TheraWisdom Biopharma Co., Ltd.",INDUSTRY,Advanced Malignancies,China,2022.0,China
NCT00452205,Bone Marrow-derived Cells' Contribution to Tumor Formation and Inflammation,UNKNOWN,Unknown,,300,Komagome Hospital,OTHER,Gastrointestinal Neoplasms,Japan,,Japan
NCT01106794,Molecular Analysis of Samples From Patients With Diffuse Intrinsic Pontine Glioma and Brainstem Glioma,Recruiting,Unknown,,100,Children's National Research Institute,OTHER,Diffuse Intrinsic Pontine Glioma; Brainstem Glioma,United States,,United States
NCT02991794,Prostatectomies Using Einstein Vision® 3D,Completed,Unknown,2017-05-19,156,Aesculap AG,INDUSTRY,Prostate Carcinoma,Germany,2017.0,Germany
NCT04749394,A Study of Camrelizumab Plus Apatinib as Consolidation Therapy in Non-Small Cell Lung Cancer Patients Treated With Chemoradiotherapy,UNKNOWN,Phase 2,2021-03-17,42,Chinese Academy of Medical Sciences,OTHER,Locally Advanced Non-Small Cell Lung Cancer,China,2021.0,China
NCT00318266,NMP22 Provides Improved Sensitivity in Detecting Bladder Cancers.,Completed,Unknown,,73,London Health Sciences Centre Research Institute OR Lawson Research Institute of St. Joseph's,OTHER,Bladder Cancer,Canada,,Canada
NCT05844956,A Study of DZD8586 in Relapsed or Refractory B-Cell Non-Hodgkin Lymphoma (TAI-SHAN1),Completed,Phase 1,2022-06-01,17,Dizal Pharmaceuticals,INDUSTRY,"Lymphoma, Non-Hodgkin",China,2022.0,China
NCT05129956,Sonoguided-microwave Uterine Myoma,UNKNOWN,Unknown,2021-08-06,20,Kaohsiung Medical University Chung-Ho Memorial Hospital,OTHER,Obstetric/Gynecology,Taiwan,2021.0,Taiwan
NCT06364956,Clinical Trail of Neoadjuvant of Tislelizumab Combined With Palbociclib in Patients With Platinum-refractory Bladder Urothelial Carcinoma,Recruiting,Phase 1,2024-05-15,36,Sun Yat-Sen Memorial Hospital of Sun Yat-Sen University,OTHER,Bladder Cancer,China,2024.0,China
NCT03595722,Exploring HIFU as a Treatment for Rectal and Other Pelvic Cancers,UNKNOWN,Unknown,2019-07-11,60,Imperial College London,OTHER,Rectal Cancer; Rectal Neoplasms; Pelvic Cancer,United Kingdom,2019.0,United Kingdom
NCT03482622,Intraoperative Detection of Residual BCC by Fast Raman,UNKNOWN,Unknown,2018-04-01,600,University of Nottingham,OTHER,"Carcinoma, Basal Cell; Intraoperative BCC Detection by Fast Raman Device",Unknown,2018.0,Unknown
NCT01198522,Combination Therapy of L19IL2 and Gemcitabine in Advanced Pancreatic Cancer Patients,Terminated,Phase 1,,28,Philogen S.p.A.,INDUSTRY,Pancreatic Cancer Patients Diagnosed With Locally Advanced or Metastatic Pancreatic Cancer Not Amenable to Curative Surgical Resection,Italy; Germany,,Italy
NCT06322160,The Role of tHyroid cAncer Specific Patient Concerns iNventory (PCI-TC) in Enhancing Shared decisiOn Making,Completed,Unknown,2023-05-03,19,Royal Marsden NHS Foundation Trust,OTHER,Thyroid Cancer,United Kingdom,2023.0,United Kingdom
NCT06561620,Befotertinib Adjuvant Therapy in Stage IA2-IB NSCLC Patients,Recruiting,Phase 4,2024-05-01,592,Fudan University,OTHER,3-year Disease-free Survival,China,2024.0,China
NCT07246720,IPP-PSP Block vs. SPSIPB in Breast Surgery,Not Yet Recruiting,Unknown,2025-11-15,70,Zonguldak Bulent Ecevit University,OTHER,Postoperative Acute Pain; Breast Cancer; Regional Anesthesia,Turkey (Türkiye),2025.0,Turkey (Türkiye)
NCT04967482,DEB-TACE vs. cTACE as Conversion Therapy for Unresectable Large HCC,UNKNOWN,Unknown,2021-07-09,216,Second Affiliated Hospital of Guangzhou Medical University,OTHER,Hepatocellular Carcinoma Non-resectable,China,2021.0,China
NCT03433924,An Epidemiologic Study on PD-L1 Expression Combined With Clinical Observation in the Chinese MIUBC Patients.,Completed,Unknown,2020-05-18,248,AstraZeneca,INDUSTRY,Urinary Bladder Cancer,China,2020.0,China
NCT05118724,Atezolizumab in Patients With MSI-h/MMR-D Stage II High Risk and Stage III Colorectal Cancer Ineligible for Oxaliplatin,"Active, Not Recruiting",Phase 2,2021-12-10,80,AIO-Studien-gGmbH,OTHER,Colorectal Cancer,Germany,2021.0,Germany
NCT06971523,A Phase I/II Clinical Study of CTS3497 in Patients With MTAP Deficient Malignacies,Recruiting,Phase 1,2024-12-25,224,"CytosinLab Therapeutics Co., Ltd.",INDUSTRY,Solid Tumor; Lymphoma,China,2024.0,China
NCT03011359,The Comparison of Postoperative Pain After Colon Resection in Intravenous Patient-controlled Analgesia Between Conventional Mode and Optimizing B.I Mode With 'PAINSTOP' Equipment,Completed,Unknown,2018-06-17,66,Yonsei University,OTHER,Colon Cancer,South Korea,2018.0,South Korea
NCT04172259,ACHP-THP vs EC-THP as Neoadjuvant Therapy for HER2-positive EBC,"Active, Not Recruiting",Phase 2,2019-01-10,156,Sun Yat-sen University,OTHER,Breast Cancer; Neoadjuvant Chemotherapy,China,2019.0,China
NCT04679480,Anti-PD1-antibody and Pulsed HHI for Advanced BCC,"Active, Not Recruiting",Phase 2,2021-02-18,20,Reinhard Dummer,OTHER,Basal Cell Carcinoma,Switzerland,2021.0,Switzerland
NCT04597580,Personalised Disease Monitoring in Metastatic Breast Cancer,"Active, Not Recruiting",Unknown,2019-05-08,97,The Christie NHS Foundation Trust,OTHER,Breast Cancer Metastatic; Estrogen Receptor-positive Breast Cancer,United Kingdom; Sweden,2019.0,United Kingdom
NCT04263480,Efficacy and Safety of Carfilzomib in Combination With Ibrutinib vs Ibrutinib in Waldenström's Macroglobulinemia,"Active, Not Recruiting",Phase 2,2021-08-18,99,Christian Buske,OTHER,Waldenstrom Macroglobulinemia,Greece; Austria; Germany,2021.0,Greece
NCT01843179,Sulindac for Patients With AML,Withdrawn,Phase 2,,0,Massachusetts General Hospital,OTHER,Acute Myeloid Leukemia,United States,,United States
NCT05744362,Outcome of Transanal Specimen Extraction Surgery for Elderly Colorectal Cancer Patients,Completed,Unknown,2022-11-01,1395,The Second Affiliated Hospital of Harbin Medical University,OTHER,Colorectal Cancer,China,2022.0,China
NCT00053846,Buspirone in Reducing Shortness of Breath in Patients With Cancer,Completed,Phase 2,,432,University of Rochester,OTHER,"Dyspnea; Pulmonary Complications; Unspecified Adult Solid Tumor, Protocol Specific",United States,,United States
NCT00866346,PR1-Specific Cytotoxic T-Lymphocyte Infusion With Recurrent Chronic Myelogenous Leukemia (CML) After Allogeneic Hematopoietic Transplantation,Withdrawn,Phase 1,,0,M.D. Anderson Cancer Center,OTHER,Chronic Myelogenous Leukemia,Unknown,,Unknown
NCT06001788,Safety and Tolerability of Ziftomenib Combinations in Patients With Relapsed/Refractory Acute Myeloid Leukemia,Recruiting,Phase 1,2024-02-22,171,"Kura Oncology, Inc.",INDUSTRY,AML; AML With Mutated NPM1; Hematologic Malignancy,United States; Italy; Spain,2024.0,United States
NCT02968303,Induction Therapy With Vemurafenib and Cobimetinib to Optimize Nivolumab and Ipilimumab Therapy,UNKNOWN,Phase 2,2017-01-27,200,Radboud University Medical Center,OTHER,"Melanoma, Malignant, of Soft Parts",Netherlands,2017.0,Netherlands
NCT00743327,Androgen Deprivation Therapy Study,Terminated,Unknown,,1,National Institute on Aging (NIA),NIH,Hypogonadism; Metabolic Syndrome; Diabetes,United States,,United States
NCT05000827,Dutch National Randomized Study: PSMA-PET/CT As a Triage Tool for Pelvic Lymph Node Dissection in Prostatectomy Patients,Recruiting,Unknown,2021-07-28,706,Canisius-Wilhelmina Hospital,OTHER,Prostate Cancer Metastatic; Prostate Cancer; Lymph Node Metastases,Netherlands,2021.0,Netherlands
NCT03205761,Analysis of Olaparib Response in Patients With BRCA1 and/or 2 Promoter Methylation Diagnosed of Advanced Breast Cancer,Completed,Phase 2,2017-10-23,11,Spanish Breast Cancer Research Group,OTHER,Advanced Breast Cancer,Spain,2017.0,Spain
NCT06954961,A Study to Evaluate D-0502 in Subjects With ER+ Her2- Locally Advanced or Metastatic Breast Cancer,Recruiting,Phase 3,2022-09-15,640,"InventisBio Co., Ltd",INDUSTRY,Breast Cancer,China,2022.0,China
NCT02905942,PEG-rhG-CSF in Lymphoma Patients After Autologous Hematopoietic Stem Cell Transplantation,UNKNOWN,Phase 4,,96,Peking University,OTHER,Lymphoma,China,,China
NCT06868186,A Multicenter Study of RUS NE,Recruiting,Unknown,2025-04-29,204,Hutom Corp,INDUSTRY,Renal Tumors,South Korea,2025.0,South Korea
NCT06071286,SEQUENTIAL PROFILING OF TUMOR-DERIVED CIRCULATING CELL-FREE DNA (ctDNA) IN ADVANCED OVARIAN CANCER PATIENTS,Recruiting,Unknown,2023-12-19,30,Fondazione Policlinico Universitario Agostino Gemelli IRCCS,OTHER,Ovarian Cancer,Italy,2023.0,Italy
NCT00003070,Enalapril in Treating Heart Damage Patients Who Received Anthracycline Chemotherapy for Childhood Cancer,Completed,Phase 3,,13,Children's Oncology Group,NETWORK,"Cardiac Toxicity; Unspecified Childhood Solid Tumor, Protocol Specific",United States; Canada; Switzerland,,United States
NCT04883970,CLDN18.2 Targeting PET Imaging in Patients With Gastrointestinal Tumors,UNKNOWN,Unknown,2021-05-13,15,Peking University Cancer Hospital & Institute,OTHER,Gastrointestinal Cancer,China,2021.0,China
NCT02641873,A Study of BBI608 Administrated With FOLFIRI + Bevacizumab in Adult Patients With Metastatic Colorectal Cancer,Completed,Phase 1,,4,"Sumitomo Pharma Co., Ltd.",INDUSTRY,Metastatic Colorectal Cancer,Japan,,Japan
NCT03064269,CAR-T Therapy for Central Nervous System B-cell Acute Lymphocytic Leukemia,UNKNOWN,Phase 1,2017-03-01,10,"Shanghai Unicar-Therapy Bio-medicine Technology Co.,Ltd",INDUSTRY,B-cell Acute Lymphocytic Leukemia,China,2017.0,China
NCT03815383,A Study of BCMA-directed CAR-T Cells Treatment in Subjects With r/r Multiple Myeloma,UNKNOWN,Phase 1,2019-04-11,12,The First Affiliated Hospital with Nanjing Medical University,OTHER,Relapsed or Refractory Multiple Myeloma,China,2019.0,China
NCT01087983,Lapatinib With Sirolimus or Metformin,Completed,Phase 1,,111,M.D. Anderson Cancer Center,OTHER,Advanced Cancers,United States,,United States
NCT01968941,Stereotactic Body Radiotherapy Versus Conventional Radiotherapy in Medically-Inoperable Non-Small Lung Cancer Patients,Completed,Phase 3,2014-05-07,324,Ontario Clinical Oncology Group (OCOG),OTHER,Non-small Cell Lung Cancer,Canada,2014.0,Canada
NCT06076070,GENomic PROfilation for Therapeutic Purposes in SARComas and Molecular Tumor Board (MTB): Retrospective/Prospective Study in Referral Centers,UNKNOWN,Unknown,2022-05-25,10,Regina Elena Cancer Institute,OTHER,Sarcoma,Italy,2022.0,Italy
NCT06927570,A Study of HS-20122 in Patients With Advanced Solid Tumors,Recruiting,Phase 1,2025-04-15,1050,Hansoh BioMedical R&D Company,INDUSTRY,Advanced Solid Tumors,China,2025.0,China
NCT00789373,A Study of Induction and Maintenance Treatment of Advanced Non-squamous Non-Small Cell Lung Cancer,Completed,Phase 3,,939,Eli Lilly and Company,INDUSTRY,Non-Small Cell Lung Cancer,France; Netherlands; Poland; Turkey (Türkiye); Greece; Germany; Finland; United Kingdom; Belgium; Romania; Australia; Portugal; Italy; India; Spain,,France
NCT01851941,"A Phase II Trial of Perioperative Chemotherapy With Oxaliplatin, 5-Fluorouracil, Leucovorin(MODIFIED FOLFOX6) in Patients With Locally Advanced Operable Gastric Cancer",Completed,Phase 2,,52,Seoul National University Hospital,OTHER,Advanced Gastric Cancer,South Korea,,South Korea
NCT03292341,Evaluation of a Web-based Decision Aid Tool for Larynx Cancer (T3/T4) Patients.,Completed,Unknown,,9,Maastricht Radiation Oncology,OTHER,Larynx Cancer,Netherlands,,Netherlands
NCT06752941,LOW-PV Continuation,Recruiting,Unknown,2024-11-30,36,FROM- Fondazione per la Ricerca Ospedale di Bergamo- ETS,OTHER,Polycythemia Vera,Italy,2024.0,Italy
NCT06477341,The Effect of Active Nutritional Support On Quality Of Life In Patients With Head And Neck Cancer Receiving Radiotherapy,Completed,Unknown,2023-01-01,47,Assiut University,OTHER,Head and Neck Neoplasms,Egypt,2023.0,Egypt
NCT03528941,The Incidence of Hepatitis B Reactivations in Patients Affected by Chronic Lymphocytic Leukemia With Ibrutinib,Completed,Unknown,2018-11-28,109,Gruppo Italiano Malattie EMatologiche dell'Adulto,OTHER,Chronic Lymphocytic Leukemia,Italy,2018.0,Italy
NCT07345741,Clinical Study on the Safety and Efficacy of CD20/CD19 Cell Injection in the Treatment of Relapsed or Refractory B-cell Non-Hodgkin Lymphoma,Not Yet Recruiting,Unknown,2025-12-31,28,Donghua Zhang,OTHER,R/R B-NHL; Relapsed or Refractory B-cell Non-Hodgkin Lymphoma (R/R B-NHL),China,2025.0,China
NCT01901341,The Efficacy and Safety Study of CB-5945 for the Treatment of Opioid-Induced Constipation,Terminated,Phase 3,2013-07-02,44,"Cubist Pharmaceuticals LLC, a subsidiary of Merck & Co., Inc. (Rahway, New Jersey USA)",INDUSTRY,Opioid-Induced Constipation,Unknown,2013.0,Unknown
NCT02178241,Gemcitabine Hydrochloride and Eribulin Mesylate in Treating Patients With Bladder Cancer That is Advanced or Cannot Be Removed by Surgery,Completed,Phase 2,2014-12-11,26,National Cancer Institute (NCI),NIH,Metastatic Ureter Carcinoma; Metastatic Urethral Carcinoma; Stage III Bladder Urothelial Carcinoma AJCC v6 and v7,United States; Canada,2014.0,United States
NCT02044354,Patient Preference Between Cabazitaxel and Docetaxel in Metastatic Castrate-resistant Prostate Cancer,Completed,Phase 3,2014-05-22,195,"Gustave Roussy, Cancer Campus, Grand Paris",OTHER,Metastatic Castration-resistant Prostate Cancer,France,2014.0,France
NCT02765854,"Ixazomib and Dexamethasone Versus Ixazomib, Dexamethasone and Lenalidomide, Randomized With NFKB2 Rearrangement",Completed,Phase 2,2016-09-01,70,Emory University,OTHER,Recurrent Plasma Cell Myeloma; Refractory Plasma Cell Myeloma,United States,2016.0,United States
NCT01351194,Radiofrequency Ablation Versus Hepatic Resection for the Treatment of Hepatocellular Carcinomas Smaller Than 2 cm,UNKNOWN,Phase 4,,180,Sun Yat-sen University,OTHER,Hepatocellular Carcinoma,China,,China
NCT04889066,Durvalumab (MEDI4736) and Radiosurgery (fSRT Vs. PULSAR) for the Treatment of Non-Small Cell Lung Cancer Brain Metastases,Withdrawn,Phase 2,2024-10-01,0,University of Texas Southwestern Medical Center,OTHER,Brain Metastases from Non-small Cell Lung Cancer,Unknown,2024.0,Unknown
NCT01830166,Focal Therapy for Prostate Cancer - A Pilot Study of Focal Low Dose Rate Brachytherapy,UNKNOWN,Unknown,,10,British Columbia Cancer Agency,OTHER,Prostate Cancer,Canada,,Canada
NCT02987166,HDCRT Plus Pembrolizumab in Advanced Malignancies,Completed,Phase 1,2017-03-21,21,"James Larner, MD",OTHER,Solid Tumor,United States,2017.0,United States
NCT07563166,Clinicopathologic Features and Staging Risk Factors of Early-Onset Colorectal Cancer,Completed,Unknown,2026-01-30,500,Run-hua Li,OTHER,Colorectal Neoplasms; High Grade Intraepithelial Neoplasia,China,,China
NCT04559854,Mindful After Cancer: A Mindfulness-based Therapy Intervention for Sexual Health After Cancer,Completed,Unknown,2019-07-01,22,Oregon State University,OTHER,Breast Cancer; Gynecologic Cancer,United States,2019.0,United States
NCT04202705,A First-in-human Dose-escalation and Expansion Study With the Antibody-drug Conjugate SYD1875,Completed,Phase 1,2020-02-28,31,Byondis B.V.,INDUSTRY,Solid Tumor,France; Belgium,2020.0,France
NCT04289805,Controlled Ovarian Stimulation in Newly Diagnosed Breast Cancer PatiEnts (fAMHOPE),Terminated,Phase 4,2019-02-25,96,Erasme University Hospital,OTHER,Breast Neoplasm Malignant Female,France; Italy; Belgium,2019.0,France
NCT02935205,Enzalutamide and Indomethacin in Treating Patients With Recurrent or Metastatic Hormone-Resistant Prostate Cancer,UNKNOWN,Phase 1,2017-01-17,38,Mamta Parikh,OTHER,Metastatic Prostate Carcinoma; Recurrent Prostate Carcinoma; Stage IV Prostate Cancer,United States,2017.0,United States
NCT07284394,Liver-directed Chemotherapy After Surgery of Liver Metastases of Colorectal Cancer in Patients With High Risk of Recurrence of Their Disease,Not Yet Recruiting,Phase 3,,272,UNICANCER,OTHER,Colorectal Adenocarcinoma Metastatic in the Liver; Colorectal Cancer,Unknown,,Unknown
NCT02327494,Study to Evaluate Oxygen Monitoring at Different Stages of Neuromuscular Blockade in Colorectal Surgery,UNKNOWN,Unknown,,70,Hospital Universitari de Bellvitge,OTHER,Colorectal Cancer,Spain,,Spain
NCT07364656,Analysis of the Presence and Cardiac Functional Effects of Anti-NaV1.5 Autoantibodies in Patients With Metastatic Tumors,Not Yet Recruiting,Unknown,,196,IRCCS Policlinico S. Donato,OTHER,Brugada Syndrome (BrS); Breast Cancer Females; Colon Cancer,Italy,,Italy
NCT02021422,"A Pilot, Prospective, Non-randomized Evaluation of the Safety of Anakinra Plus Standard Chemotherapy",Completed,Phase 1,,13,Baylor Research Institute,OTHER,Pancreas Cancer,United States,,United States
NCT06342622,Young-onset Colorectal Cancer Screening Based on Artificial Intelligence,Completed,Unknown,2023-12-01,11000,Renmin Hospital of Wuhan University,OTHER,Colorectal Cancer,China,2023.0,China
NCT01533376,Treatment of Port-wine Mark in Sturge-Weber Syndrome Using Topical Timolol,Terminated,Phase 1,,3,Wills Eye,OTHER,Sturge Weber Syndrome; Port-wine Mark,United States,,United States
NCT04999176,Venous Thromboembolism Prophylaxis After Gynecological Pelvic Cancer Surgery With Rivaroxaban vs Enoxaparin,UNKNOWN,Phase 3,2020-10-22,440,André Luiz Malavasi Longo de Oliveira,OTHER,Cancer; Rivaroxaban; Venous Thromboembolism,Brazil,2020.0,Brazil
NCT01395017,Dasatinib Added to Gemcitabine for Subjects With Locally-advanced Pancreatic Cancer,Completed,Phase 2,,202,"Otsuka Pharmaceutical Development & Commercialization, Inc.",INDUSTRY,Pancreatic Cancer,France; Italy; Canada; Russia; United States; Poland; Germany; Czechia; United Kingdom; Belgium; Romania; Australia; Austria; Ireland; Hungary,,France
NCT02428517,Allogeneic Hematopoietic Cell Transplantation for Adult Acute Lymphoblastic Leukemia (2015),Terminated,Unknown,,20,Asan Medical Center,OTHER,Precursor Cell Lymphoblastic Leukemia-Lymphoma,South Korea,,South Korea
NCT05744089,Home Management of Simple Hydromorphone PCA Pump Mode,UNKNOWN,Unknown,,50,The First Affiliated Hospital of Xinxiang Medical College,OTHER,"Cancer Pain; Tumor, Solid; Carcinoma",China,,China
NCT03428789,Nerve Coaptation in DIEP Flap Breast Reconstruction,Completed,Unknown,,81,Maastricht University Medical Center,OTHER,Breast Cancer,Netherlands,,Netherlands
NCT02877589,Interest of Routine Screening for Hepatitis B and C in Patients Receiving Chemotherapy for Solid Tumors,Completed,Unknown,,450,CHU de Reims,OTHER,Solid Tumor,France,,France
NCT03290989,Itch and Pain Characteristics in Skin Carcinomas,Completed,Unknown,2015-04-01,100,"University Hospital, Brest",OTHER,Skin Carcinoma; Skin Cancer; Pruritus,France,2015.0,France
NCT00272350,ZD6474 to Treat Advanced Brain Cancer in Patients,Completed,Phase 1,2005-12-29,83,National Cancer Institute (NCI),NIH,Recurrent High-Grade Gliomas; Progressive Low-Grade Gliomas; Malignant Gliomas,United States,2005.0,United States
NCT06438250,68Ga-JH04 PET/CT: Dosimetry and Biodistribution Studies,Recruiting,Phase 1 (Early),2024-03-01,5,First Affiliated Hospital of Fujian Medical University,OTHER,Malignant Neoplasm,China,2024.0,China
NCT06787950,Clinical Study of ASN-3186 in Patients with Advanced Solid Tumors,Not Yet Recruiting,Phase 1,2025-02-20,200,"Jiangsu Yahong Meditech Co., Ltd aka Asieris",INDUSTRY,Advanced Solid Tumors,Unknown,2025.0,Unknown
NCT05545150,"Volumetric Specimen Imager Device for the Intraoperative Imaging of Patients With Breast Carcinoma and Breast Ductal Carcinoma In Situ, The VIVID Study","Active, Not Recruiting",Phase 2,2022-11-28,113,Northwestern University,OTHER,Anatomic Stage 0 Breast Cancer AJCC v8; Bilateral Breast Carcinoma; Breast Ductal Carcinoma In Situ,United States,2022.0,United States
NCT01698450,Magnetic Resonance (MR) Guided Functional Ultrasound-Neurosurgery for Movement Disorders,Completed,Phase 1,,10,"University Children's Hospital, Zurich",OTHER,Essential Tremor; Dystonia; Parkinson's Disease,Switzerland,,Switzerland
NCT06230250,Unilateral Secondary Breast Reconstruction Using a Muscle-sparing Pedicled Dorsal Flap After Breast Cancer,UNKNOWN,Unknown,2023-10-01,22,"University Hospital, Brest",OTHER,Patient Satisfaction,France,2023.0,France
NCT01657591,Study of XL888 With Vemurafenib for Patients With Unresectable BRAF Mutated Stage III/IV Melanoma,Completed,Phase 1,2012-07-27,21,H. Lee Moffitt Cancer Center and Research Institute,OTHER,Melanoma,United States,2012.0,United States
NCT03950674,Study of Pemetrexed+Platinum Chemotherapy With or Without Pembrolizumab (MK-3475) in Participants With First Line Metastatic Nonsquamous Non-small Cell Lung Cancer (MK-3475-189/KEYNOTE-189)-Japan Extension Study,Completed,Phase 3,2016-02-22,40,Merck Sharp & Dohme LLC,INDUSTRY,Non-Small-Cell Lung Carcinoma,Japan,2016.0,Japan
NCT00903474,Mindful Movement Program in Improving Quality of Life in Older Female Breast Cancer Survivors,Completed,Unknown,,49,City of Hope Medical Center,OTHER,Anxiety Disorder; Breast Cancer; Cancer Survivor,United States,,United States
NCT05544318,Green Approach to Improved Nutritional Support for Cancer Patients,"Active, Not Recruiting",Unknown,2022-10-01,130,University of Oslo,OTHER,Malnutrition,Norway,2022.0,Norway
NCT00889590,Adjuvant Zoledronic Acid in High Risk Giant Cell Tumour of Bone (GCT),Terminated,Phase 2,,15,Leiden University Medical Center,OTHER,Giant Cell Tumor of Bone; Osteoclastoma,Netherlands; Belgium,,Netherlands
NCT00040690,Combination Chemotherapy in Treating Patients With Burkitt's Lymphoma or Burkitt's Leukemia,Completed,Phase 2,,120,Medical Research Council,OTHER_GOV,Leukemia; Lymphoma,United Kingdom,,United Kingdom
NCT02584790,NBI to Detect Post-RT Mucosal Residual NPC,Completed,Unknown,,55,Pamela Youde Nethersole Eastern Hospital,OTHER,Nasopharyngeal Carcinoma,Hong Kong,,Hong Kong
NCT03703297,"Study of Durvalumab + Tremelimumab, Durvalumab, and Placebo in Limited Stage Small-Cell Lung Cancer in Patients Who Have Not Progressed Following Concurrent Chemoradiation Therapy","Active, Not Recruiting",Phase 3,2018-09-27,730,AstraZeneca,INDUSTRY,Small Cell Lung Cancer,Canada; China; Belgium; Italy; Spain; Turkey (Türkiye); United Kingdom; South Korea; Russia; Netherlands; Japan; Argentina; Germany; United States; Vietnam; Poland; Czechia; Taiwan; India,2018.0,Canada
NCT03735797,Cancer Stem Cells in Acute Leukemia,"Active, Not Recruiting",Unknown,2017-07-12,50,Sanford Health,OTHER,Acute Leukemia,United States,2017.0,United States
NCT05108597,Effect of Rectal Misoprostol in Reducing Intra-operative Blood Loss During Myomectomy,Completed,Phase 3,2019-03-04,200,Pak Emirates Military Hospital,OTHER,"Blood Loss, Surgical; Uterine Myoma",Pakistan,2019.0,Pakistan
NCT07367997,Comparative Effectiveness of Verbal Instruction Versus Simulation Video Education Among Cancer Patients Undergoing Radiation Therapy,Not Yet Recruiting,Unknown,,100,Jinnah Postgraduate Medical Centre,OTHER_GOV,Cancer (Solid Tumors); Cancer and / or Hematological Malignancy,Unknown,,Unknown
NCT06923397,Interrupting Sedentary Time to Improve Cardiometabolic Health and Toxicity in Patients With Lymphoma Receiving Chemotherapy: The iSTAND Trial,Recruiting,Unknown,2025-06-05,24,Dana-Farber Cancer Institute,OTHER,"Lymphoma; Lymphoma, Hodgkin; Lymphoma, Non-Hodgkin",United States,2025.0,United States
NCT05791097,Study of Efficacy and Safety of Ociperlimab in Combination With Tislelizumab and Platinum-based Doublet Chemotherapy as First-line Treatment for Participants With Locally Advanced or Metastatic NSCLC.,Withdrawn,Phase 3,2023-07-28,0,Novartis Pharmaceuticals,INDUSTRY,Non-small Cell Lung Cancer (NSCLC),Unknown,2023.0,Unknown
NCT00636610,"A Study of Vismodegib (GDC-0449, Hedgehog Pathway Inhibitor) With Concurrent Chemotherapy and Bevacizumab As First-Line Therapy for Metastatic Colorectal Cancer",Completed,Phase 2,,199,"Genentech, Inc.",INDUSTRY,Metastatic Colorectal Cancer,Unknown,,Unknown
NCT05283460,The Effect of Mandala Activity on Life Satisfaction,Completed,Unknown,2021-06-01,60,Munzur University,OTHER,ART; Life Satisfaction; Gynecologic Cancer,Turkey (Türkiye),2021.0,Turkey (Türkiye)
NCT07075120,Ipilimumab and Nivolumab With SBRT in Locally Advanced Hepatocellular Cancer,Recruiting,Phase 1,2026-04-01,15,University of Hawaii,OTHER,Hepatocellular Carcinoma (HCC),United States,,United States
NCT00452920,"Docetaxel and Radiation Therapy in Treating Patients With Stage II, Stage III, or Stage IV Cervical Cancer",Withdrawn,Phase 1,,0,University of Miami,OTHER,Cervical Cancer,United States,,United States
NCT03171220,Neoantigen Reactive T Cells Combined With SHR-1210 for Chinese Patients With Advanced Refractory Solid Tumors,UNKNOWN,Phase 1,2017-06-01,40,The Affiliated Nanjing Drum Tower Hospital of Nanjing University Medical School,OTHER,Advanced Malignant Solid Tumor,China,2017.0,China
NCT06364423,Anti-CD19 Chimeric Antigen Receptor T-Cell Immunotherapy for Leukemias,Recruiting,Phase 1,2024-09-03,132,National Cancer Institute (NCI),NIH,"Leukemia, Lymphocytic, Chronic, B-Cell; B-Lymphocytic Leukemia, Chronic; B-Cell Chronic Lymphocytic Leukemia",United States,2024.0,United States
NCT02801123,The MATCH Study: Mindfulness And Tai Chi for Cancer Health,UNKNOWN,Unknown,2016-08-29,600,Linda E. Carlson,OTHER,Cancer,Canada,2016.0,Canada
NCT01965223,A Randomized Phase II Study of Stereotactic Ablative Body Radiotherapy for Metastases to the Lung (TROG 13.01 SAFRON II),Completed,Unknown,2015-02-04,90,Trans Tasman Radiation Oncology Group,OTHER,Cancer; Metastases to the Lung,Australia,2015.0,Australia
NCT05373823,MySmartSkin Online Skin Self-exam Intervention for Melanoma Survivors,Recruiting,Unknown,2023-03-06,385,"Rutgers, The State University of New Jersey",OTHER,Melanoma,United States,2023.0,United States
NCT03040024,"Delirium Prevention With Ketamine in Ear, Nose, and Throat (ENT) Patients",Terminated,Phase 4,2017-03-17,71,Emory University,OTHER,Otolaryngeal Cancer,United States,2017.0,United States
NCT06686823,Effects of a Cognitive Training Program on Chemotherapy-induced Cognitive Impairment (Chemobrain) in Breast Cancer Patients Undergoing Active Treatment,Completed,Unknown,2024-12-01,50,University of Salamanca,OTHER,Cancer-related Cognitive Impairment; Oncology; Breast Cancer,Spain,2024.0,Spain
NCT05502523,The Impact of Surgical Technique on Circulating Tumor DNA in Stage I-III Non-Small Cell Lung Cancer,Recruiting,Unknown,2022-08-31,100,Thomas Jefferson University,OTHER,Lung Non-Small Cell Carcinoma; Stage I Lung Cancer AJCC v8; Stage II Lung Cancer AJCC v8,United States,2022.0,United States
NCT01434524,Prevention for the Development of Liver Tumorigenesis by the Oral Supplementation of Branched-chain Amino Acids,Completed,Unknown,,56,Kochi University,OTHER,Liver Cancer,Japan,,Japan
NCT00896324,Intellectual Impairment in Women With Breast Cancer,Completed,Unknown,2009-01-12,50,Stanford University,OTHER,Breast Cancer,United States,2009.0,United States
NCT06863623,The Effect of Immersive Virtual Reality and Relaxing Videos on Lung Cancer Patients,Recruiting,Unknown,2024-09-01,90,Hacettepe University,OTHER,"Lung Cancer; Chemotherapy Effect; Distress, Emotional",Turkey (Türkiye),2024.0,Turkey (Türkiye)
NCT04513223,A Phase 1 Study of SHR-A1811 in Patients With Selected HER2 Expressing Tumors,Completed,Phase 1,2021-03-30,101,"Jiangsu HengRui Medicine Co., Ltd.",INDUSTRY,Gastric Cancer; Colorectal Cancer,China,2021.0,China
NCT02473523,"Yoga to Alleviate Fatigue, Anxiety and Pain in Adolescents During Treatment for Lymphoma or Leukemia",Terminated,Unknown,,2,St. Jude Children's Research Hospital,OTHER,"Leukemia; Hodgkin Lymphoma; Lymphoma, Non-Hodgkin's",United States,,United States
NCT00087659,A Prostate Cancer Study in Men Undergoing Androgen Deprivation Therapy,Completed,Unknown,,61,Novartis Pharmaceuticals,INDUSTRY,Prostate Cancer,United States,,United States
NCT01557959,"Docetaxel, Cisplatin, Pegfilgrastim, and Erlotinib Hydrochloride in Treating Patients With Stage IIIB or Stage IV Non-Small Cell Lung Cancer",Completed,Phase 2,,45,Wake Forest University Health Sciences,OTHER,Adenocarcinoma of the Lung; Adenosquamous Cell Lung Cancer; Bronchoalveolar Cell Lung Cancer,United States,,United States
NCT00718380,A Phase 1 Study of ABT-869 in Subjects With Solid Tumors,Completed,Phase 1,,18,AbbVie,INDUSTRY,Solid Tumor,Unknown,,Unknown
NCT03642496,Clinical Study of ET019002-T Cell Therapy for Refractory/Relapsed B-Cell Malignancies,UNKNOWN,Phase 1 (Early),2018-08-19,18,First Affiliated Hospital Xi'an Jiaotong University,OTHER,B-Cell Malignancies,Unknown,2018.0,Unknown
NCT04938180,A Phase 2 Study of Intravenous AMB-05X in Tenosynovial Giant Cell Tumor Patients,Terminated,Phase 2,2021-09-16,4,"AmMax Bio, Inc.",INDUSTRY,Tenosynovial Giant Cell Tumor; Pigmented Villonodular Synovitis; TGCT,Ukraine; Poland; Hungary,2021.0,Ukraine
NCT06035679,Pyrotinib Combined With Trastuzumab and Chemotherapy Neoadjuvant Therapy for HER2-positive Breast Cancer,Recruiting,Unknown,2023-08-17,30,Youzhi Zhu,OTHER,Breast Cancer Female,China,2023.0,China
NCT06542796,Study on the Classification of Comprehensive Treatment Effect of Hepatocellular Carcinoma,Recruiting,Unknown,2024-09-01,100,"Second Affiliated Hospital, School of Medicine, Zhejiang University",OTHER,Hepatocellular Carcinoma; Immunotherapy,China,2024.0,China
NCT01579188,Study of the Telomerase Vaccine GV1001 to Treat Patients With Inoperable Stage III Non-small Cell Lung Cancer,UNKNOWN,Phase 3,,600,"Kael-GemVax Co., Ltd.",INDUSTRY,Inoperable Stage III Non-small Cell Lung Cancer,Unknown,,Unknown
NCT05777603,Study of Aerosolized Antibiotics and Pembrolizumab in Advanced Non-small Cell Lung Cancer,Recruiting,Phase 1,2024-04-18,23,National Cancer Institute (NCI),NIH,Advanced Non Small Cell Lung Cancer,United States,2024.0,United States
NCT07288203,A Study of Lifileucel (Tumor-infiltrating Lymphocytes) in Adults With Advanced Melanoma,"Active, Not Recruiting",Phase 2,2025-11-28,100,"Iovance Biotherapeutics, Inc.",INDUSTRY,Melanoma (Skin Cancer); Unresectable Melanoma; Metastatic Melanoma,United States; Australia; United Kingdom; Canada,2025.0,United States
NCT06335927,HAIC Combined With Cadonilimab and Regorafenib as 2nd-line Treatment for ICC,Recruiting,Phase 2,2023-05-11,45,Fudan University,OTHER,Intrahepatic Cholangiocarcinoma,China,2023.0,China
NCT06598527,"Stereotactic Body Radiotherapy Followed by Tislelizumab Plus Platinum-based Chemotherapy Versus Tislelizumab Plus Platinum-based Chemotherapy as Neoadjuvant Therapy in Patients With Resectable Stage Ⅱ-Ⅲ Non-small Cell Lung Cancer: A Phase Ⅲ, Randomized, Multicenter, Prospective Study",Recruiting,Phase 3,2024-10-15,360,Yang Hong,OTHER,Lung Cancer (NSCLC),China,2024.0,China
NCT01689727,Safety and Efficacy of FolateScan (Technetium Tc 99m EC20) in Subjects With Pituitary Tumors,Completed,Phase 2,,40,Endocyte,INDUSTRY,Pituitary Tumors,United States,,United States
NCT03117361,Trial of Plitidepsin (Aplidin®) in Combination With Bortezomib and Dexamethasone in Multiple Myeloma Patients Double Refractory to Bortezomib and Lenalidomide,Terminated,Phase 2,2017-05-08,10,PharmaMar,INDUSTRY,Multiple Myeloma,France; Italy; Spain,2017.0,France
NCT06044142,Curcumin VS Photo-bio-modulation Therapy of Oral Mucositis in Pediatric Patients Undergoing Anti-Cancer Non-invasive Treatment,Completed,Phase 1,2023-03-15,90,Riyadh Elm University,OTHER,Oral Mucositis; Pediatric Cancer,Saudi Arabia,2023.0,Saudi Arabia
NCT02402842,Clinical and Biological Interest of Taxanes in Advanced Squamous Cell Anal Carcinoma,Completed,Phase 2,,70,Centre Hospitalier Universitaire de Besancon,OTHER,Anal Canal Carcinoma,France,,France
NCT02012686,The Effect of Transcutaneous Electrical Nerve Stimulation on Posterior Neck Pain After Thyroidectomy,Completed,Unknown,,100,Yonsei University,OTHER,Thyroid Cancer; Neck Pain,South Korea,,South Korea
NCT00492986,"An Open-Label, Non-Comparative, Phase III Study of the Raf-Kinase Inhibitor BAY 43-9006 as a Subsequent to First-Line Therapy in Patients With Advanced Renal Cell Carcinoma",Completed,Phase 3,,1150,Bayer,INDUSTRY,"Carcinoma, Renal Cell",France; Denmark; Netherlands; Poland; Germany; United Kingdom; Belgium; Sweden; Switzerland; Italy; Spain,,France
NCT00342186,Genes Involved in Resistance or Susceptibility to Hepatitis B Virus,Completed,Unknown,2002-09-27,2303,National Cancer Institute (NCI),NIH,"Hepatitis, Viral, Human",China,2002.0,China
NCT01178086,A Study on Rituximab (MabThera) in Participants With Chronic Lymphocytic Leukemia (CLL),Completed,Unknown,2010-02-22,681,Hoffmann-La Roche,INDUSTRY,"Lymphocytic Leukemia, Chronic",Germany,2010.0,Germany
NCT02082886,HIPEC For Peritoneal Surface Malignancies Including Carcinomatosis or Sarcomatosis - Data Registry,Completed,Unknown,,193,Edward-Elmhurst Health System,OTHER,Peritoneal Neoplasms; Neoplasm Metastasis; Adenocarcinoma,United States,,United States
NCT01915303,Study of the Efficacy and Safety of Pasireotide s.c. +/- Cabergoline in Patients With Cushing's Disease,Terminated,Phase 2,2014-03-06,68,Novartis Pharmaceuticals,INDUSTRY,Cushings Disease,Colombia; France; Netherlands; Brazil; Argentina; United States; Turkey (Türkiye); Germany; Malaysia; Belgium; Greece; Mexico; Italy; India; Hungary; Spain,2014.0,Colombia
NCT04145570,"A Single-Dose,ComparativeBioavailability Study ofTwo Formulations ofErlotinib150mgTabletsunderFastingConditions",Completed,Phase 4,2008-10-23,24,Quadras Scientific Solutions,OTHER,Lung Cancer,Unknown,2008.0,Unknown
NCT07309770,Trastuzumab Rezetecan in Advanced Solid Tumors Refractory to Standard Therapies,Recruiting,Phase 2,2025-12-18,90,Sheng Zhang,OTHER,Urachal Cancer; Advanced Solid Tumor Cancer; Antibody-drug Conjugates,China,2025.0,China
NCT05045573,Pathological Results of Aggressive Hepatocellular Carcinomas Treated Using SIRT,Completed,Unknown,2014-01-01,28,"University Hospital, Montpellier",OTHER,Hepatocellular Carcinoma,France,2014.0,France
NCT01684241,RBL001/RBL002 Phase I Clinical Trial,Completed,Phase 1,,29,BioNTech RNA Pharmaceuticals GmbH,INDUSTRY,Melanoma,Austria; Germany,,Austria
NCT06312826,Abbreviated MRI Using Gadoxetic Acid Versus Ultrasonography for Surveillance of Early-stage HCC in Patients at High Risk,"Active, Not Recruiting",Unknown,2022-08-26,806,Asan Medical Center,OTHER,Liver Cirrhosis; Hepatocellular Carcinoma,South Korea,2022.0,South Korea
NCT04806178,Immunological Response of Bladder Cancer Patients Under BCG,Completed,Phase 3,2021-09-03,30,"University of Campinas, Brazil",OTHER,Bladder Cancer; Bacillus Calmette-Guerin,Brazil,2021.0,Brazil
NCT06517485,First-in-Human Dose Expansion Study of XMT-1536 in Cancers Likely to Express NaPi2b,Completed,Phase 1,2019-07-30,142,Mersana Therapeutics,INDUSTRY,Platinum Resistant Ovarian Cancer; Non-Small Cell Adenocarcinoma,United States,2019.0,United States
NCT01420185,Identification of Genes That Predict Local Recurrence in Samples From Patients With Breast Cancer Treated on NSABP-B-28,UNKNOWN,Unknown,,1300,NSABP Foundation Inc,NETWORK,Breast Cancer,Unknown,,Unknown
NCT00759785,A Study of Dalotuzumab (MK-0646) in Breast Cancer Patients (MK-0646-013),Completed,Phase 1,2008-09-30,48,Merck Sharp & Dohme LLC,INDUSTRY,Breast Cancer,Unknown,2008.0,Unknown
NCT03674515,"Study of Program Interest ""Bouge"" to Improve the Daily Physical Activity in Processings Treatment of Non-metastatic Breast Cancer",UNKNOWN,Unknown,2017-12-15,214,"University Hospital, Brest",OTHER,Physical Activity; Breast Cancer; Mobile Health Apps,France,2017.0,France
NCT02187315,Induction Chemotherapy Followed By Chrono-chemotherapy Concurrent With IMRT Of Locally Advanced NPC Clinical Study,UNKNOWN,Phase 2,,160,Feng Jing,OTHER,Nasopharyngeal Carcinoma,China,,China
NCT02707835,Edema Control in Patients With Breast Cancer-comparison of Manual Lymph Drainage and Epidermis Fascia Taping,UNKNOWN,Unknown,,90,National Taiwan University Hospital,OTHER,Breast Cancer,Taiwan,,Taiwan
NCT01206335,Open Label Study With OHR/AVR118 in Advanced Cancer Patients With Anorexia-Cachexia,UNKNOWN,Phase 2,,20,Ohr Pharmaceutical Inc.,INDUSTRY,Anorexia; Cancer Cachexia,Canada,,Canada
NCT05792735,Neoadjuvant Cadonilimab Plus Chemotherapy Following Short-Course Radiotherapy in Locally Advanced Rectal Cancer,Completed,Phase 2,2023-04-11,27,Shenzhen People's Hospital,OTHER,Locally Advanced Rectal Carcinoma,China,2023.0,China
NCT00780117,Characterization of At-risk Population for Pre-sacral Tumor in CURRARINO Syndrome,Completed,Unknown,,57,Assistance Publique - Hôpitaux de Paris,OTHER,CURRARINO Syndrome; Sacrococcygeal Teratoma; Presacral Mass,France,,France
NCT05226117,"Sacituzumab Govitecan, Preceding Radical Cystectomy, in Treating Patients With Muscle-invasive Bladder Cancer",Completed,Phase 2,2022-03-23,44,IRCCS San Raffaele,OTHER,Urothelial Carcinoma,Italy,2022.0,Italy
NCT02393417,Safety and Efficacy of Varying Regimens of CANDIN for Treatment of Common Warts (Verruca Vulgaris),Completed,Phase 2,,243,"Nielsen BioSciences, Inc.",INDUSTRY,Warts,United States,,United States
NCT03380689,Phase I Study of Biweekly SIRB Regimen for Metastatic Colorectal Cancer,Withdrawn,Phase 1,2018-01-05,0,Fujian Cancer Hospital,OTHER_GOV,Metastatic Colorectal Cancer,China,2018.0,China
NCT01283789,Lapatinib and RAD-001 for HER2 Positive Metastatic Breast Cancer,UNKNOWN,Phase 2,,23,University of Kansas Medical Center,OTHER,Metastatic Breast Cancer,United States,,United States
NCT00004889,Rituximab in Treating Patients With Waldenstrom's Macroglobulinemia,Completed,Phase 2,,8,Jonsson Comprehensive Cancer Center,OTHER,Lymphoma,United States; Canada,,United States
NCT00034268,"A Phase 3 Trial of LY900003 Plus Gemcitabine and Cisplatin Versus Gemcitabine and Cisplatin in Patients With Advanced, Previously Untreated Non-Small Cell Lung Cancer",Completed,Phase 3,,61,Eli Lilly and Company,INDUSTRY,"Carcinoma, Non-Small-Cell Lung",South Africa; Belgium; Italy; Spain; Chile; Puerto Rico; United Kingdom; Romania; Russia; Netherlands; Argentina; Germany; Switzerland; Sweden; Hungary; France; United States; Norway; Poland; Taiwan; India,,South Africa
NCT06531850,Prospective Study of Serum Marker LncRNA RP5-977B1 in Pulmonary Nodules,UNKNOWN,Unknown,2024-01-01,200,Affiliated Cancer Hospital & Institute of Guangzhou Medical University,OTHER,Tumor of Lung; Pulmonary Nodule,China,2024.0,China
NCT06115850,Effect of Music Intervention on Anxiety in Cancer Patients Undergoing Initial Radiation Therapy,Completed,Unknown,2022-01-01,100,Chung Shan Medical University,OTHER,Cancer Patients; Anxiety; Music Intervention,Taiwan,2022.0,Taiwan
NCT05444374,A Phase II Study of Serplulimab Plus Bevacizumab in Combination With Chemotherapy in 1L Treatment of Untreated Recurrent or Metastatic Cervical Cancer,UNKNOWN,Phase 2,2022-10-01,48,Sichuan Cancer Hospital and Research Institute,OTHER,Cervical Cancer,China,2022.0,China
NCT00066274,Comparison of Combination Chemotherapy Regimens in Treating Patients With Metastatic Colorectal Cancer,Completed,Phase 2,2002-07-23,61,UNICANCER,OTHER,Colorectal Cancer,France,2002.0,France
NCT01608074,Radical Fimbriectomy for Young BRCA Mutation Carriers,"Active, Not Recruiting",Unknown,2012-01-09,123,Centre Oscar Lambret,OTHER,BRCA1 Mutation; BRCA2 Mutation; Hereditary Breast and Ovarian Cancer,France,2012.0,France
NCT06651918,Effects of Yoga on Children With Cancer,Not Yet Recruiting,Unknown,,20,TC Erciyes University,OTHER,Pediatric Cancer,Unknown,,Unknown
NCT05673590,Utidelone Versus Docetaxel in Patients With Locally Advanced or Metastatic Non-Small Cell Lung Cancer,UNKNOWN,Phase 3,2023-05-12,612,"Beijing Biostar Pharmaceuticals Co., Ltd.",INDUSTRY,Locally Advanced or Metastatic Non-Small Cell Lung Cancer,China,2023.0,China
NCT03821610,A Comparison of Reduced Dose Total Body Irradiation (TBI) and Cyclophosphamide With Fludarabine and Melphalan Reduced Intensity Conditioning in Adults With Acute Lymphoblastic Leukaemia (ALL) in Complete Remission. (ALL-RIC),"Active, Not Recruiting",Phase 2,2018-11-22,242,University of Birmingham,OTHER,Acute Lymphoblastic Leukemia,United Kingdom,2018.0,United Kingdom
NCT00354913,Imatinib Mesylate and Hydroxyurea in Treating Patients With Recurrent or Progressive Meningioma,Completed,Phase 2,,21,Duke University,OTHER,Glioblastoma; Gliosarcoma,United States,,United States
NCT00040560,Study of 111In-DAC as an Medical Imaging Agent for Lung Cancer and Brain Cancer Consistent With Metastatic Lung Cancer,UNKNOWN,Phase 1,,61,Copharos,INDUSTRY,"Lung Neoplasms; Carcinoma, Non-Small-Cell Lung; Brain Neoplasms",United States,,United States
NCT07229560,A Trial of Itraconazole Effect on HRS-8080 Pharmacokinetics in Healthy Participants,Completed,Phase 1,2025-11-26,16,"Shandong Suncadia Medicine Co., Ltd.",INDUSTRY,Breast Cancer,China,2025.0,China
NCT03000660,Trial of Venetoclax (ABT-199) and Dexamethasone for Relapsed or Refractory Systemic AL Amyloidosis,Terminated,Phase 1,,3,Tufts Medical Center,OTHER,AL Amyloidosis,United States,,United States
NCT01607320,Efficacy Study of Raloxifene to Induce Ovulation in Polycystic Ovarian Syndrome,Terminated,Unknown,,3,Bruce Lessey,OTHER,Polycystic Ovarian Syndrome,United States,,United States
NCT01196520,Epidemiology of Burkitt Lymphoma in East Africa Children or Minors (EMBLEM),Completed,Unknown,2010-05-25,4893,National Cancer Institute (NCI),NIH,"Lymphoma, Non-Hodgkin; Malaria; Herpesvirus 4, Human",Tanzania; Uganda,2010.0,Tanzania
NCT03667820,Study of Osimertinib and Stereotactic Ablative Radiation (SABR) in EGFR Mutant NSCLC,"Active, Not Recruiting",Phase 2,2018-09-26,41,University of Texas Southwestern Medical Center,OTHER,Non-small Cell Lung Cancer (NSCLC),United States,2018.0,United States
NCT02867020,Study of Abiraterone Acetate Plus ADT Versus APALUTAMIDE Versus Abiraterone and APALUTAMIDE in Patients With Advanced Prostate Cancer With Non-castrate Testosterone Levels,Completed,Phase 2,2017-10-11,128,Latin American Cooperative Oncology Group,OTHER,Prostate Cancer,Brazil,2017.0,Brazil
NCT00064220,Soblidotin in Treating Patients With Advanced or Metastatic Soft Tissue Sarcoma,Completed,Phase 2,,61,Daiichi Sankyo,INDUSTRY,Sarcoma,United States; Puerto Rico,,United States
NCT00001120,A Study of Patients With AIDS Syndrome,Completed,Unknown,,5000,National Institute of Allergy and Infectious Diseases (NIAID),NIH,"Sarcoma, Kaposi; Lymphoma, Non-Hodgkin; HIV Infections",United States,,United States
NCT00880282,Cixutumumab and Temsirolimus in Treating Younger Patients With Solid Tumors That Have Recurred or Not Responded to Treatment,Completed,Phase 1,,39,National Cancer Institute (NCI),NIH,"Unspecified Childhood Solid Tumor, Protocol Specific",United States; Canada,,United States
NCT00358982,Study of MGCD0103 (MG-0103) in Patients With Relapsed or Refractory Hodgkin's Lymphoma,Terminated,Phase 2,,51,Mirati Therapeutics Inc.,INDUSTRY,Hodgkin's Lymphoma,United States; Canada,,United States
NCT02208024,Neoadjuvant Stereotactic Body Radiation Therapy for Resectable Adenocarcinoma of the Pancreatic Head and/or Body,Completed,Unknown,2014-08-27,18,University of Cincinnati,OTHER,Pancreatic Cancer,United States,2014.0,United States
NCT03777124,Phase II Study of SHR-1210(Anti-PD-1 Antibody) Combination With Apatinib Versus Pemetrexed and Carboplatin in Subjects With KRAS Mutant Stage IV Non-squamous Non-small Cell Lung Cancer,Terminated,Phase 2,2019-07-11,25,"Jiangsu HengRui Medicine Co., Ltd.",INDUSTRY,NSCLC Stage IV; KRAS Gene Mutation; PD-1 Antibody,China,2019.0,China
NCT00727324,Safety/Efficacy Study of Bovine Intestinal Alkaline Phosphatase in Patients With Moderate to Severe Ulcerative Colitis,Completed,Phase 2,,22,AM-Pharma,INDUSTRY,Ulcerative Colitis,Czechia; Italy,,Czechia
NCT03803124,Effect of Tolvaptan on Renal Plasma Flow (RPF) and Glomerular Filtration Rate (GFR) in ADPKD,Completed,Phase 3,,20,Regional Hospital Holstebro,OTHER,"Polycystic Kidney, Autosomal Dominant",Denmark,,Denmark
NCT02050724,ThoHSpEkt Thoracoscopic Ectomy of Radioactively Marked Pulmonary Nodules With Free-hand SPECT,Terminated,Phase 2,,11,Cantonal Hospital of St. Gallen,OTHER,Solitary Pulmonary Nodule; Bronchial Neoplasms,Switzerland,,Switzerland
NCT05833724,Chidamide in Patients With Relapsed or Refractory Peripheral T-cell Lymphoma (R/R PTCL),Recruiting,Phase 2,2024-10-18,33,Great Novel Therapeutics Biotech & Medicals Corporation,INDUSTRY,Relapsed or Refractory Peripheral T-cell Lymphoma,Taiwan,2024.0,Taiwan
NCT04806724,Opening the Conversation Study,Completed,Unknown,2021-09-01,158,Oregon State University,OTHER,Breast Cancer; Gynecologic Cancer,United States,2021.0,United States
NCT01168323,Spaced Education to Optimize Prostate Cancer Screening,Completed,Unknown,,95,Harvard University Faculty of Medicine,OTHER,Prostate Cancer,United States,,United States
NCT06602323,TMLI/Fludarabine/Melphalan Conditioning for Allogeneic Transplantation in High-risk Myelodysplastic Syndrome or Acute Myeloid Leukemia.,Not Yet Recruiting,Phase 2,2024-10-01,34,Fundación Pública Andaluza para la gestión de la Investigación en Sevilla,OTHER,Myelodysplastic Syndromes; Acute Myeloid Leukemia,Unknown,2024.0,Unknown
NCT00330759,Study of Denosumab vs. Zoledronic Acid to Treat Bone Metastases in Subjects With Advanced Cancer or Multiple Myeloma.,Completed,Phase 3,2006-06-01,1779,Amgen,INDUSTRY,Bone Metastases,Unknown,2006.0,Unknown
NCT07085559,Safety and Efficacy of Metabolically Armed BCMA CAR-T Cells (Meta10-BCMA) in the Treatment of r/r Plasma Cell Neoplasms Clinical Research,Recruiting,Phase 1 (Early),2025-06-23,36,Anhui Provincial Hospital,OTHER_GOV,Multiple Myeloma (MM); Plasma Cell Leukemia (PCL); AL Amyloidosis (AL),China,2025.0,China
NCT00376480,Laboratory-Treated Lymphocyte Infusion After Haploidentical Donor Stem Cell Transplant,Completed,Phase 1,,19,Dana-Farber Cancer Institute,OTHER,Leukemia; Myelodysplastic Syndromes,United States,,United States
NCT01840280,A Non Interventional Study With Irinotecan Onkovis (Irinotecan) Utilized for the Treatment of Cancer,Completed,Unknown,,324,Onkovis GmbH,INDUSTRY,Carcinoma,Germany,,Germany
NCT02296580,A Feasibility Study of the Nativis Voyager® System in Patients With Recurrent Glioblastoma Multiforme (GBM),Completed,Unknown,,37,"Nativis, Inc.",INDUSTRY,Glioblastoma Multiforme,United States; Australia,,United States
NCT06812780,"A Study to Investigate the Effect of Hepatic Impairment on the Pharmacokinetics, Safety, and Tolerability of AZD2389",Completed,Phase 1,2025-02-04,35,AstraZeneca,INDUSTRY,Hepatic Impairment,United States,2025.0,United States
NCT05728879,Characterization of the Microbiome in Cutaneous T Cell Lymphoma Skin Lesions Before and After Use of APR-TD011® (RLF-TD011®) Spray Solution,Not Yet Recruiting,Phase 1 (Early),,30,Northwestern University,OTHER,Cutaneous T Cell Lymphoma,United States,,United States
NCT00352079,BCG With or Without Gefitinib in Treating Patients With High-Risk Bladder Cancer,Terminated,Phase 3,2007-01-04,41,NCIC Clinical Trials Group,NETWORK,Bladder Cancer,Canada,2007.0,Canada
NCT02207179,Breast Cancer Margin Delineation Using Polarization Subtraction Imaging Technology,UNKNOWN,Phase 1 (Early),,40,LumaMed,INDUSTRY,Breast Cancer,United States,,United States
NCT06988579,The Impact of AI Assistance on Radiologist Performance and Healthcare Costs in LDCT-Based Lung Cancer Screening,Recruiting,Unknown,2024-07-01,7294,The First Affiliated Hospital of Guangzhou Medical University,OTHER,Lung Cancer; Artificial Intelligence (AI); Randomized Controlled Trial,China,2024.0,China
NCT05162196,The Efficacy and Safety of Radiotherapy Plus Niraparib and Toripalimab in Patients With Recurrent Small Cell Lung Cancer,UNKNOWN,Phase 2,,57,Wuhan University,OTHER,Recurrent Small Cell Lung Cancer,Unknown,,Unknown
NCT05485896,Neoadjuvant Therapy of Pembrolizumab Plus Lenvatinib in Advanced RCC,Completed,Phase 2,2022-07-01,23,Tianjin Medical University Second Hospital,OTHER,Renal Cell Carcinoma,China,2022.0,China
NCT06541860,DAratumumab and REvlimid REfractory MM,Recruiting,Unknown,2023-08-21,100,Fondazione IRCCS Policlinico San Matteo di Pavia,OTHER,Multiple Myeloma,Italy,2023.0,Italy
NCT02247960,Antibiotic Prophylaxis for Urinary Catheter Removal After Radical Prostatectomy,Terminated,Unknown,,175,University of Rochester,OTHER,Prostate Cancer; Urinary Tract Infection; Clostridium Difficile,United States,,United States
NCT04086082,Markerless Image Guidance Using Intrafraction Kilovoltage X-ray Imaging,Recruiting,Unknown,2023-05-24,30,University of Sydney,OTHER,Lung Cancer,Australia,2023.0,Australia
NCT02520882,68Ga-NOTA-Aca-BBN(7-14) PET/CT in Patients With Primary Gliomas,UNKNOWN,Phase 1 (Early),,30,Peking Union Medical College Hospital,OTHER,Glioma,China,,China
NCT00165282,Mindfulness Meditation in Bone Marrow Transplantation,Completed,Phase 2,,241,Emory University,OTHER,Hematologic Malignancy; Bone Marrow Transplantation; Stem Cell Transplantation,United States,,United States
NCT04559724,Gait Training Through a Novel Over-ground Wearable Robotic System in People with Pyramidal Hemisyndromes,UNKNOWN,Unknown,2020-09-01,30,IRCCS San Raffaele Roma,OTHER,"Stroke; Brain Injuries, Traumatic; Brain Tumor Benign",Italy,2020.0,Italy
NCT01333423,Maximum Tolerated Dose (MTD) of Liposomal Doxorubicin in Combination With Seliciclib for Patients With Metastatic Triple Negative Breast Cancer (TNBC),Withdrawn,Phase 1,,0,M.D. Anderson Cancer Center,OTHER,Breast Cancer,Unknown,,Unknown
NCT01117623,Continuous Dosing of BAY73-4506 in Patients With Advanced Malignancies,Completed,Phase 1,,86,Bayer,INDUSTRY,Neoplasm,United States,,United States
NCT06930859,Non-interventional Study to Assess the Effectiveness and Safety of Ribociclib in the Adjuvant Therapy of Hormone Receptor Positive (HR+) HER2-negative Stage II and III Breast Cancer in Real Clinical Practice in Russia,Recruiting,Unknown,2025-12-22,2766,Novartis Pharmaceuticals,INDUSTRY,Breast Cancer,Russia,2025.0,Russia
NCT00525759,Investigating the Biological Effects of the Addition of Zoledronic Acid to Pre-operative Chemotherapy in Breast Cancer,Completed,Phase 2,,40,Sheffield Teaching Hospitals NHS Foundation Trust,OTHER,Breast Cancer,United Kingdom,,United Kingdom
NCT01572480,"Carfilzomib, Lenalidomide, and Dexamethasone for Smoldering Multiple Myeloma",Completed,Phase 2,2012-05-29,55,National Cancer Institute (NCI),NIH,Multiple Myeloma,United States,2012.0,United States
NCT01445379,Phase I Study of Ipilimumab (Anti-CTLA-4) in Children and Adolescents With Treatment-Resistant Cancer,Completed,Phase 1,2007-10-01,33,National Cancer Institute (NCI),NIH,Sarcoma; Wilm's Tumor; Lymphoma,United States,2007.0,United States
NCT03047980,Trial of Sirolimus for Cognitive Impairment in Sturge-Weber Syndrome,Completed,Phase 2,,10,"Anne Comi, MD",OTHER,Sturge-Weber Syndrome,United States,,United States
NCT05136079,Prophylactic LYMphatic Reconstruction (LYMbR) to Prevent Lymphedema After Node Dissection for Cutaneous Malignancies,UNKNOWN,Phase 3,,40,"Alberta Health Services, Calgary",OTHER,Lymphedema of Limb; Malignant Skin Neoplasm,Canada,,Canada
NCT00968396,Ex-Vivo Depletion of Myeloma Cells From Peripheral Blood Progenitor Cell Grafts,Withdrawn,Phase 2,,0,M.D. Anderson Cancer Center,OTHER,Multiple Myeloma,Unknown,,Unknown
NCT00513162,Valproate and Etoposide for Patients With Neuronal Tumors and Brain Metastases,Completed,Phase 1,,8,M.D. Anderson Cancer Center,OTHER,Neuroectodermal Tumor; Brain Metastases; Advanced Cancer,United States,,United States
NCT01336062,Trial of ABI-007 Plus S-1 as Second-line Chemotherapy in Advanced Gastric Cancer Patients,Completed,Phase 1,,19,Peking University,OTHER,Gastric Adenocarcinoma,China,,China
NCT01828762,Autologous Immune Cell Therapy in Primary Hepatocellular Carcinoma Patients Following Resection and TACE Therapy,Completed,Unknown,,8,Shanghai AbelZeta Ltd.,INDUSTRY,Primary Hepatocellular Carcinoma,China,,China
NCT05369546,Lesion Composition and Quantitative Imaging Analysis on Breast Cancer Diagnosis,Recruiting,Unknown,2022-08-01,600,University of Hawaii,OTHER,Breast Cancer,United States,2022.0,United States
NCT06776588,Study on the Diagnosis of Ground-glass Lung Cancer by Microwave Ablation Combined With Puncture Biopsy,Recruiting,Unknown,2025-01-15,200,Beidahuang Industry Group General Hospital,OTHER,Lung Cancer,China,2025.0,China
NCT00476203,Yoga Study in Breast Cancer Patients,Completed,Unknown,,63,Fred Hutchinson Cancer Center,OTHER,Breast Cancer,United States,,United States
NCT03259503,Olaparib and High-Dose Chemotherapy in Treating Patients With Relapsed or Refractory Lymphomas Undergoing Stem Cell Transplant,Completed,Phase 1,2019-09-13,50,M.D. Anderson Cancer Center,OTHER,Recurrent Diffuse Large B-Cell Lymphoma; Recurrent T-Cell Non-Hodgkin Lymphoma; Refractory Diffuse Large B-Cell Lymphoma,United States,2019.0,United States
NCT05529862,"Trans-RosaLEE Study: a Biomarker-directed, Translational Study","Active, Not Recruiting",Unknown,2023-06-20,115,Institut Paoli-Calmettes,OTHER,Advanced or Metastatic Breast Cancer (BC),France,2023.0,France
NCT04257162,HER2-PREDICT: Translational Study of Tumor Samples From Patients Treated With Trastuzumab Deruxtecan (T-DXd; DS-8201a),"Active, Not Recruiting",Unknown,2019-12-13,180,SOLTI Breast Cancer Research Group,OTHER,Metastatic Cancer,Spain,2019.0,Spain
NCT00334646,Cyclophosphamide Drug Interaction Study In Cancer Patients,Terminated,Phase 1,2005-08-10,25,GlaxoSmithKline,INDUSTRY,"Nausea and Vomiting, Chemotherapy-Induced",United States; New Zealand; Sweden,2005.0,United States
NCT06241846,"A Phase II Study to Evaluate the Safety, Efficacy, and Pharmacokinetics of YL201 in Patients With mCRPC",Recruiting,Phase 2,2024-02-22,100,"MediLink Therapeutics (Suzhou) Co., Ltd.",INDUSTRY,Metastatic Castration-resistant Prostate Cancer (mCRPC),China,2024.0,China
NCT06737146,Study of MT027 in Patients with Recurrent or Progressive High-grade Glioma,Not Yet Recruiting,Phase 1,2025-01-01,12,"Suzhou Maximum Bio-tech Co., Ltd.",INDUSTRY,High-grade Glioma,China,2025.0,China
NCT02965703,Aspirin in Preventing Colorectal Cancer in Patients With Colorectal Adenoma,"Active, Not Recruiting",Phase 2,2018-01-16,81,National Cancer Institute (NCI),NIH,Colorectal Adenoma; Colorectal Carcinoma,United States,2018.0,United States
NCT01923727,Phase I/IIA Study of PET Imaging With 89Zr-Df-IAB2M in Metastatic Prostate Cancer,Completed,Phase 1,,38,"ImaginAb, Inc.",INDUSTRY,Metastatic Prostate Cancer,United States,,United States
NCT05134961,Long-term Outcomes After Resection of Primary Duodenal Adenocarcinoma,Completed,Unknown,1999-01-01,113,Bispebjerg Hospital,OTHER,Duodenal Cancer,Denmark,1999.0,Denmark
NCT04279561,Effect of Androgen Receptor Signaling Inhibitors on 68Ga-PSMA-11 PET/CT Imaging in Patients With Castration-Resistant Prostate Cancer,Terminated,Phase 1,2020-04-16,9,Jonsson Comprehensive Cancer Center,OTHER,Castration-Resistant Prostate Carcinoma; Metastatic Prostate Carcinoma; Stage IV Prostate Cancer American Joint Committee on Cancer (AJCC) v8,United States,2020.0,United States
NCT02824042,Thorough ECG (Electrocardiogram) and Drug Interaction Study With Anetumab Ravtansine and Itraconazole,Completed,Phase 1,2016-09-07,63,Bayer,INDUSTRY,Medical Oncology,France; United States; Belgium; Australia; Netherlands; Spain,2016.0,France
NCT06948786,"Pirtobrutinib and Mosunetuzumab for the Treatment of Relapsed/Refractory Grades 1-3A Follicular Lymphoma, PROMOTE-FL Trial",Recruiting,Phase 2,2025-11-17,22,University of Washington,OTHER,Grade 1 Follicular Lymphoma; Grade 2 Follicular Lymphoma; Grade 3a Follicular Lymphoma,United States,2025.0,United States
NCT02757586,Treatment of Chronic Lymphocytic Leukemia,UNKNOWN,Unknown,,70,Peking University People's Hospital,OTHER,"Leukemia, Lymphocytic, Chronic, B-Cell",Unknown,,Unknown
NCT05942170,The Combination of Preoperative MRI and SLN in the Surgical Management of CC and EC,UNKNOWN,Unknown,2017-02-01,67,Second Affiliated Hospital of Wenzhou Medical University,OTHER,Sentinel Lymph Node Biopsy; MRI,China,2017.0,China
NCT02853370,Bendamustine and Rituximab for the Treatment of Splenic Marginal Zone Lymphoma,Completed,Phase 2,,78,International Extranodal Lymphoma Study Group (IELSG),OTHER,Marginal Zone B-cell Lymphoma,France; Italy,,France
NCT00978770,MRI in Predicting Early Response to Chemotherapy in Patients With Locally Advanced Breast Cancer,Completed,Phase 2,,50,"Cancer Clinical Trials Unit, Scotland",OTHER,Breast Cancer,United Kingdom,,United Kingdom
NCT00250770,Colony-Stimulating Factor-1 (CSF-1) and Other Cytokines in Human Endometrial Carcinogenesis,Withdrawn,Unknown,,0,University of New Mexico,OTHER,Uterine Neoplasms; Endometrial Neoplasms,United States,,United States
NCT05525273,Treatment of BRAF ( B-Rapidly Accelerated Fibrosarcoma) Mutated Papillary Craniopharyngioma,Recruiting,Phase 2,2023-09-01,25,"Eva Marie Erfurth, MD, PhD",OTHER,Craniopharyngioma,Sweden,2023.0,Sweden
NCT06903273,"Neoadjuvant Tislelizumab, Gemcitabine, Cisplatin and S-1 for Resectable High-risk Cholangiocarcinoma",Not Yet Recruiting,Phase 2,2025-07-01,35,National Cheng-Kung University Hospital,OTHER,Cholangiocarcinoma; Biliary Tract Cancer (BTC),Taiwan,2025.0,Taiwan
NCT00230269,The Role of FDG PET in Radiation Treatment Planning for Head and Neck Cancers,Completed,Unknown,,5,Stanford University,OTHER,Head and Neck Cancer,United States,,United States
NCT07003841,Evaluation of Clinical Efficacy of Augmented Reality (AR)-Based Breast Cancer Medical Imaging Solution (SKIA-Breast) Localization Method in Breast Cancer Patients,Recruiting,Unknown,2025-11-19,94,SKIA Inc.,INDUSTRY,Breast Neoplasms,South Korea,2025.0,South Korea
NCT00720954,Rigid Thoracoscopy Versus CT-Guided Pleural Needle Biopsy,Completed,Unknown,,124,Eskisehir Osmangazi University,OTHER,Pleural Effusion; Pleural Diseases,Turkey (Türkiye),,Turkey (Türkiye)
NCT03972605,Delphinus SoftVue™ ROC Reader Study,Completed,Unknown,2019-06-08,32,"Delphinus Medical Technologies, Inc.",INDUSTRY,Breast Cancer Detection; Dense Breast Parenchyma; Benign Breast Findings,United States,2019.0,United States
NCT02367794,A Study of Atezolizumab in Combination With Carboplatin + Paclitaxel or Carboplatin + Nab-Paclitaxel Compared With Carboplatin + Nab-Paclitaxel in Participants With Stage IV Squamous Non-Small Cell Lung Cancer (NSCLC) [IMpower131],Completed,Phase 3,2015-06-11,1021,Hoffmann-La Roche,INDUSTRY,Squamous Non-Small Cell Lung Cancer,Canada; Singapore; Belgium; Ukraine; Italy; Spain; Chile; Australia; Mexico; Austria; Netherlands; Russia; Japan; Bulgaria; Argentina; Peru; Lithuania; Germany; Latvia; France; Israel; Brazil; United States; Slovakia; Taiwan; Portugal,2015.0,Canada
NCT06061666,Treatment of Insomnia in Patients With Breast Cancer,UNKNOWN,Unknown,2023-06-01,80,Fondazione Policlinico Universitario Agostino Gemelli IRCCS,OTHER,Breast Cancer; Insomnia,Italy,2023.0,Italy
NCT01031056,Collection of Biospecimen & Clinical Information in Patients w/ Gastrointestinal Cancers,Withdrawn,Unknown,,0,Stanford University,OTHER,Gastrointestinal Neoplasms; Gynecologic Cancers; Gynecologic Cancers Cervical Cancer,United States,,United States
NCT00503256,Genetic Study of Chronic Lymphocytic Leukemia Families,UNKNOWN,Unknown,,4000,M.D. Anderson Cancer Center,OTHER,Leukemia,United States,,United States
NCT00475956,Safety and Tolerability Study of AZD2171 in Combination With AZD0530 in Patients With Advanced Solid Tumours,Completed,Phase 1,,40,AstraZeneca,INDUSTRY,Neoplasms,Germany,,Germany
NCT05678322,Optimizing Timing of rhPSMA-7.3 (18F) for Assessing Site(s) of Recurrent Disease Following Radical Prostatectomy,"Active, Not Recruiting",Phase 3,2023-01-31,26,NYU Langone Health,OTHER,Prostate Cancer,United States,2023.0,United States
NCT02182622,LDE225 + Docetaxel/Prednisone for Adv/Met Castrate Resistant Prostate Cancer w/ Disease Progression After Docetaxel,Withdrawn,Phase 1,,0,Martin Gutierrez,OTHER,Prostate Cancer,United States,,United States
NCT00440622,Study of Gemcitabine and Herceptin Versus Xeloda and Herceptin in HER-2 (+) Metastatic Breast Cancer Patients,Terminated,Phase 3,,90,Hellenic Oncology Research Group,OTHER,Breast Cancer,Greece,,Greece
NCT05957822,Goal-directed vs Preemptive Tranexamic Acid Administration in Non-cardiac Surgery,Recruiting,Phase 4,2024-02-10,148,Konkuk University Medical Center,OTHER,Arthritis Knee; Spine Fusion; Prostate Cancer,South Korea,2024.0,South Korea
NCT00039351,Combination Chemotherapy in Treating Older Patients With Non-Hodgkin's Lymphoma,Completed,Phase 2,,32,European Organisation for Research and Treatment of Cancer - EORTC,NETWORK,Lymphoma,Egypt; France; United Kingdom; Belgium; Switzerland; Portugal; Netherlands,,Egypt
NCT02310451,Study of Molecular Mechanisms Implicated in the Pathogenesis of Melanoma. Role of Exosomes,Completed,Unknown,,15,Centre Hospitalier Universitaire de Nice,OTHER,Metastatic Melanoma,France,,France
NCT03311451,C2 CryoBalloon™ 180 Ablation System Dose De-escalation Study.,ENROLLING_BY_INVITATION,Unknown,2023-01-16,30,Pentax Medical,INDUSTRY,Barrett Esophagus,Netherlands,2023.0,Netherlands
NCT02456051,Pancreatic Cancer Can be Detected by Adrenomedullin in New Onset Diabetes Patients,Terminated,Unknown,,21,University of Roma La Sapienza,OTHER,"Diabetes Mellitus, Adult-Onset; Diabetes Complications; Carcinoma, Pancreatic Ductal",Italy,,Italy
NCT03879629,Treating Breast Cancer Patients Undergoing Trastuzumab Treatment With Carvedilol to Reduce Incidence of Heart Failure,"Active, Not Recruiting",Phase 2,2019-08-21,184,Mayo Clinic,OTHER,Breast Cancer,United States,2019.0,United States
NCT00594529,Feasibility Study of Neoadjuvant Chemotherapy Modified FOLFOX6 for Resectable Liver Metastases of Colorectal Cancers,UNKNOWN,Phase 2,,27,Kyoto University,OTHER,Colorectal Cancer; Liver Metastasis,Japan,,Japan
NCT06298123,Postoperative Adjuvant Immunotherapy for Hepatocellular Carcinoma: Risk Factor Analysis and Prognostic Modelling,Completed,Unknown,2019-02-01,304,Chen Xiaoping,OTHER,Hepatocellular Carcinoma; Adjuvant Immunotherapy; Checkpoint Inhibitor,China,2019.0,China
NCT05909059,CAR T-cell Therapy in Patients With Renal Dysfunction,Recruiting,Phase 2,2024-11-18,20,"Northside Hospital, Inc.",OTHER,"Non-hodgkin Lymphoma,B Cell; Multiple Myeloma; Acute Lymphoblastic Leukemia, Adult",United States,2024.0,United States
NCT00849459,Gene Therapy in Treating Women With Metastatic Breast Cancer,Completed,Phase 1,,3,Max Sung,OTHER,Breast Cancer,United States,,United States
NCT00049959,Two Studies to Determine if Verteporfin PDT is Effective & Safe in Treating Multiple Basal Cell Carcinoma of the Skin.,Terminated,Phase 3,,61,QLT Inc.,INDUSTRY,Basal Cell Carcinoma; Nevoid Basal Cell Carcinoma Syndrome; Gorlin Syndrome,Unknown,,Unknown
NCT02096380,The Value of Single-cycle TPF Induction Chemotherapy in Locoregionally Advanced Nasopharyngeal Carcinoma,UNKNOWN,Unknown,,120,First People's Hospital of Foshan,OTHER,Nasopharyngeal Carcinoma,Unknown,,Unknown
NCT06459180,A Study to Compare Sacituzumab Tirumotecan (MK-2870) Monotherapy Versus Treatment of Physician's Choice as Second-line Treatment for Participants With Recurrent or Metastatic Cervical Cancer (MK-2870-020/TroFuse-020/Gog-3101/ENGOT-cx20),Recruiting,Phase 3,2024-07-24,686,Merck Sharp & Dohme LLC,INDUSTRY,Cervical Cancer,Denmark; Canada; Singapore; China; Belgium; Greece; Italy; Spain; Chile; Puerto Rico; United Kingdom; Malaysia; South Korea; Australia; Mexico; Austria; Netherlands; Japan; Bulgaria; Argentina; Germany; Switzerland; Sweden; Ireland; Israel; Colombia; France; Brazil; United States; Norway; Poland; Finland,2024.0,Denmark
NCT00765180,Comparison of Transparent Retractable Extension Device and Narrow Band Imaging on Colorectal Adenoma Detection,Completed,Unknown,,200,Showa Inan General Hospital,OTHER,Colorectal Cancer Screening,Japan,,Japan
NCT00099879,Study of BMS-275183 in Patients With Pre-treated Non-small Cell Lung Cancer,Terminated,Phase 2,,61,Bristol-Myers Squibb,INDUSTRY,Non-small Cell Lung Cancer,France; Netherlands; United States; United Kingdom; Belgium; Italy; Spain,,France
NCT04189679,Identification of a Predictive Metabolic Signature of Response to Immune Checkpoint Inhibitors in Non-Small Cell Lung Carcinoma,Completed,Unknown,2020-01-03,62,"University Hospital, Grenoble",OTHER,Non Small Cell Lung Cancer,France,2020.0,France
NCT06928662,Chemotherapy (Decitabine in Combination With FLAG-Ida) and Total-Body Irradiation Followed by Donor Stem Cell Transplant for the Treatment of Adults With Myeloid Malignancies at High Risk of Relapse,Recruiting,Phase 1,2025-09-23,36,Fred Hutchinson Cancer Center,OTHER,Acute Myeloid Leukemia; Acute Undifferentiated Leukemia; Mixed Phenotype Acute Leukemia,United States,2025.0,United States
NCT04882462,Sintilimab and Nimotuzumab Combined With Chemotherapy for the Treatment of R/M HNSCC.,UNKNOWN,Phase 2,2021-05-01,100,The First Affiliated Hospital of Soochow University,OTHER,Recurrent/Metastatic Head and Neck Squamous Cell Carcinoma,Unknown,2021.0,Unknown
NCT01837862,A Phase I Study of Mebendazole for the Treatment of Pediatric Gliomas,Completed,Phase 1,2013-10-22,36,Julie Krystal,OTHER,"Pilomyxoid Astrocytoma; Pilocytic Astrocytoma; Glioma, Astrocytic",United States,2013.0,United States
NCT02684162,Guadecitabine and Donor Lymphocyte Infusion in Treating Patients With Acute Myeloid Leukemia or Myelodysplastic Syndrome Relapsing After Allogeneic Stem Cell Transplant,Completed,Phase 2,2016-06-22,55,M.D. Anderson Cancer Center,OTHER,Acute Myeloid Leukemia; Chronic Myelomonocytic Leukemia; Myelodysplastic Syndrome,United States,2016.0,United States
NCT03321903,EPR Tumor Oximetry With CE India Ink,Terminated,Unknown,2017-08-30,3,Philip Schaner,OTHER,"Neoplasms, Malignant; Breast Neoplasm; Carcinoma, Basal Cell",United States,2017.0,United States
NCT05808803,Aberrant Myeloid Lineage Differentiation in HIV/AIDS Patients,Completed,Unknown,2016-01-01,782,Zhongnan Hospital,OTHER,HIV Infections; Leukemia,Unknown,2016.0,Unknown
NCT00514046,Vandetanib to Treat Children and Adolescents With Medullary Thyroid Cancer,Completed,Phase 1,2007-07-20,17,National Cancer Institute (NCI),NIH,Medullary Thyroid Carcinoma; Multiple Endocrine Neoplasia Type 2A; Multiple Endocrine Neoplasia Type 2B,United States,2007.0,United States
NCT04205903,Nilotinib in Preventing Paclitaxel-Induced Peripheral Neuropathy in Patients With Stage I-III Breast Cancer,Completed,Phase 1,2020-12-11,11,Ohio State University Comprehensive Cancer Center,OTHER,Anatomic Stage I Breast Cancer AJCC v8; Anatomic Stage IA Breast Cancer AJCC v8; Anatomic Stage IB Breast Cancer AJCC v8,United States,2020.0,United States
NCT00247403,Safety Study of 2DG With Stereotactic Radiosurgery,Withdrawn,Phase 1,,0,University of Iowa,OTHER,Intracranial Neoplasms; Neoplasm Metastasis,United States,,United States
NCT06202261,A Study of TQB2930 for Injection Monotherapy or Combination Therapy in Patients With Recurrent/Metastatic Breast Cancer,Recruiting,Phase 1,2023-04-13,154,"Chia Tai Tianqing Pharmaceutical Group Co., Ltd.",INDUSTRY,Metastatic Breast Cancer; Recurrent Breast Cancer; Advanced Malignancies,China,2023.0,China
NCT06540261,"The Study of ONO-7913, ONO-4538 and the Standard of Care as First-line Treatment in Patients Colorectal Cancer","Active, Not Recruiting",Phase 1,2021-09-23,65,"Ono Pharmaceutical Co., Ltd.",INDUSTRY,Unresectable Colorectal Cancer,Japan,2021.0,Japan
NCT00849186,Sunitinib and Surgery in Treating Patients With Localized or Metastatic Kidney Cancer,Completed,Unknown,,20,Roswell Park Cancer Institute,OTHER,Kidney Cancer,United States,,United States
NCT02168270,Temozolomide and Ascorbic Acid in Treating Patients With Recurrent High-Grade Glioma,Terminated,Phase 1,2014-06-16,4,University of Nebraska,OTHER,Anaplastic Astrocytoma; Anaplastic Oligodendroglioma; Anaplastic Oligoastrocytoma,United States,2014.0,United States
NCT05760170,Determining Clinical Trial Experiences of Lung Cancer Patients,UNKNOWN,Unknown,,500,Power Life Sciences Inc.,INDUSTRY,Lung Cancer,Unknown,,Unknown
NCT04184973,Efficacy and Safety of the CG-100 Intraluminal Bypass Device,Recruiting,Unknown,2020-06-23,250,Colospan Ltd.,INDUSTRY,Rectal Cancer; Rectal Tumor; Rectal/Anal,United States; Italy; Israel,2020.0,United States
NCT04937283,Segmentectomy Versus Lobectomy for Lung Adenocarcinoma ≤ 2cm,Recruiting,Unknown,2019-10-01,690,"Shanghai Pulmonary Hospital, Shanghai, China",OTHER,Lung Adenocarcinoma,China,2019.0,China
NCT03955783,Venetoclax and Selinexor in Treating Patients with Relapsed or Refractory High Risk Hematologic Malignancies,Completed,Phase 1,2019-06-21,78,Sanjay Mohan,OTHER,Diffuse Large B-cell Lymphoma; Acute Myeloid Leukemia; Non-Hodgkin's Lymphoma,United States,2019.0,United States
NCT05459441,Efficacy and Safety Evaluation of Percutaneous Ommaya Capsule Injection of Autologous Bi-dimensional Specific T Cells in the Treatment of Glioma and in Combination With Pemetrexed in the Treatment of Brain/Meningeal Metastases,UNKNOWN,Phase 1 (Early),2022-01-01,30,Shanghai Pudong Hospital,OTHER,Glioma; Brain Metastases,China,2022.0,China
NCT05751941,Study of Sipuleucel-T With or Without Continuing New Hormonal Agents in Metastatic Prostate Cancer,Recruiting,Phase 2,2023-02-14,26,H. Lee Moffitt Cancer Center and Research Institute,OTHER,Prostate Cancer; Metastatic Prostate Cancer,United States,2023.0,United States
NCT00086983,Rebeccamycin Analog and Oxaliplatin in Treating Patients With Refractory Solid Tumors,Terminated,Phase 1,,15,National Cancer Institute (NCI),NIH,"Unspecified Adult Solid Tumor, Protocol Specific",United States,,United States
NCT04791254,Anorexia iN Cancer Patients: ANCHOR,UNKNOWN,Unknown,2021-07-15,450,The Christie NHS Foundation Trust,OTHER,Gastric Cancer; Oesophageal Cancer,United Kingdom,2021.0,United Kingdom
NCT04352205,Daratumumab-Based Therapy for the Treatment of Newly Diagnosed Multiple Myeloma With Kidney Failure,Terminated,Phase 2,2020-05-07,17,Emory University,OTHER,Plasma Cell Myeloma; Renal Failure,United States,2020.0,United States
NCT06172894,PBMC-based Leukocyte Immunotherapy,Completed,Phase 1,2023-08-22,10,invIOs GmbH,INDUSTRY,Advanced Solid Tumor,Austria,2023.0,Austria
NCT05491694,To Evaluate the Efficacy of Toripalimab Combined With Chemotherapy After HIFU Induction in the Treatment of Early Triple-negative Breast Cancer,UNKNOWN,Phase 2,2022-09-01,20,The First Affiliated Hospital with Nanjing Medical University,OTHER,Breast Cancer; TNBC - Triple-Negative Breast Cancer,Unknown,2022.0,Unknown
NCT07059156,Multicenter Study of Combined Chemotherapy and Transplantation for Adult ALL,Recruiting,Phase 2,2025-06-01,50,Shanxi Bethune Hospital,OTHER,"Acute Lymphoblastic Leukemia, Adult",China,2025.0,China
NCT00389922,Lapatinib and Vinorelbine in Treating Patients With Advanced Solid Tumors,Completed,Phase 1,,22,"University of California, Davis",OTHER,"Unspecified Adult Solid Tumor, Protocol Specific",United States,,United States
NCT00886522,Intrabone Infusion of Cord Blood in Adults With Hematological Malignancies,Completed,Phase 2,,23,IRCCS Azienda Ospedaliero-Universitaria di Bologna,OTHER,Hematological Malignancies,Italy,,Italy
NCT05557851,Minnelide Along With Abraxane Plus Gemcitabine in Patients With Metastatic Adenocarcinoma of the Pancreas,UNKNOWN,Phase 1,2022-11-01,36,Minneamrita Therapeutics LLC,INDUSTRY,Metastatic Adenocarcinoma of the Pancreas,South Korea,2022.0,South Korea
NCT06333951,Anvumetostat Alone or in Combination With Other Therapies in Subjects With Advanced Thoracic Tumors With Homozygous MTAP-deletion (Master Protocol) (MTAPESTRY 104).,Recruiting,Phase 1,2024-09-17,500,Amgen,INDUSTRY,Thoracic Tumors; Non-small Cell Lung Cancer,Canada; China; Belgium; Greece; Italy; Spain; Turkey (Türkiye); South Korea; Australia; Austria; Netherlands; Japan; Argentina; Germany; France; Brazil; United States; Poland; Taiwan; Hong Kong,2024.0,Canada
NCT04030429,Crizotinib in c-MET Mutation Metastatic/Recurrent/Persistent Endometrial Cancer,Terminated,Phase 2,2019-09-01,40,National Cheng-Kung University Hospital,OTHER,Endometrial Cancer Recurrent,Taiwan,2019.0,Taiwan
NCT06708429,Lynch Syndrome X-Talk of Enteral Mucosa With Immune System,Recruiting,Unknown,2023-06-01,300,San Raffaele University,OTHER,Lynch Syndrome; Lynch Syndrome I; Lynch Syndrome II,United States; Italy,2023.0,United States
NCT00055731,Hormone Therapy With or Without Docetaxel And Estramustine in Treating Patients With Prostate Cancer That is Locally Advanced or At High Risk of Relapse,Completed,Phase 3,2002-11-14,413,UNICANCER,OTHER,Prostate Cancer,France,2002.0,France
NCT05767931,Development of Multi-specific Antibodies Based on Immune Microenvironment of Breast Cancer,UNKNOWN,Unknown,2023-03-06,60,Peking University,OTHER,Invasive Breast Cancer,China,2023.0,China
NCT04825002,Detection of Clinically Significant Prostate Cancer Using a Urinary Multimarker Sensor,UNKNOWN,Unknown,2021-03-22,800,Asan Medical Center,OTHER,Prostate Cancer,South Korea,2021.0,South Korea
NCT06977737,A Study of ATTR-01 in Participants With Select Epithelial Solid Tumours,Recruiting,Phase 1,2025-03-21,72,Accession Therapeutics Limited,INDUSTRY,"Solid Tumor, Adult",United Kingdom; Spain,2025.0,United Kingdom
NCT07328737,One vs Three HIPEC Cycles After CRS for Pseudomyxoma Peritonei,Recruiting,Unknown,2025-11-01,132,Beijing Tsinghua Chang Gung Hospital,OTHER,Pseudomyxoma Peritonei,China,2025.0,China
NCT02514837,Microwave Radiometry for the Diagnosis and Monitoring of Breast Cancer,Withdrawn,Unknown,,0,University of Edinburgh,OTHER,Breast Cancer,Unknown,,Unknown
NCT03888937,bnP for pRediction of Outcome FollowIng Lung rEsection Surgery,UNKNOWN,Unknown,2018-10-01,250,University of Glasgow,OTHER,Lung Cancer,United Kingdom,2018.0,United Kingdom
NCT01831037,The Regression of Liver Fibrosis and Risk for Hepatocellular Carcinoma (ROLFH) Study,Withdrawn,Unknown,,0,University of Arkansas,OTHER,Chronic Hepatitis C; Chronic Hepatitis B,United States; Canada,,United States
NCT05948137,F-18 FDOPA PET/CT Versus I-123 MIBG Scintigraphy With SPECT/CT for the Diagnosis of Pheochromocytoma and Paraganglioma,Terminated,Unknown,2017-09-21,32,Asan Medical Center,OTHER,Pheochromocytoma; Paraganglioma,South Korea,2017.0,South Korea
NCT02229045,Phase II Study of Albumin Bound Paclitaxel With 5-FU and CF as Second Line in Taxanes Naive Advanced Gastric Cancer,UNKNOWN,Phase 2,,37,Sun Yat-sen University,OTHER,Gastric Caner,China,,China
NCT04185337,Ultrasound-Guided Photoacoustic Imaging for the Detection of Metastases in Inguinal Lymph Nodes,Completed,Phase 1 (Early),2021-01-26,23,M.D. Anderson Cancer Center,OTHER,Malignant Neoplasm,United States,2021.0,United States
NCT04646837,Mechanism of Response to IMFINZI Neoadjuvant Therapy in Non-small Cell Lung Cancer Patients Based on Multiple-omics Models,UNKNOWN,Phase 1,2021-05-01,20,Peking Union Medical College Hospital,OTHER,Non-small Cell Lung Cancer,China,2021.0,China
NCT03558945,Clinical Trial on Personalized Neoantigen Vaccine for Pancreatic Tumor,UNKNOWN,Phase 1,2018-07-12,30,"Anda Biopharmaceutical Development (Shenzhen) Co., Ltd.",INDUSTRY,Pancreatic Tumor,China,2018.0,China
NCT00303745,"Irinotecan With or Without Capecitabine as Second-Line Therapy in Treating Older Patients With Progressive, Metastatic Colorectal Cancer That Cannot Be Removed By Surgery",UNKNOWN,Phase 2,,78,Federation Francophone de Cancerologie Digestive,OTHER,Colorectal Cancer,France,,France
NCT00918645,Calcium-41 (41Ca) Chloride Aqueous Solution in Diagnosing Patients With Prostate Cancer and Bone Metastasis,Terminated,Unknown,,13,"University of California, Davis",OTHER,Metastatic Cancer; Prostate Cancer,United States,,United States
NCT03379727,Study to Assess the Safety and Efficacy of Midostaurin (PKC412) in Combination With Standard Chemotherapy During Induction and Consolidation Followed by 12 Months of Maintenance Monotherapy in Patients With Newly-diagnosed FMS-like Tyrosine 3 (FLT3) Kinase Receptor-mutated Acute Myeloid Leukemia.,Completed,Phase 3,2018-02-13,301,Novartis Pharmaceuticals,INDUSTRY,Acute Myeloid Leukemia,France; Estonia; Croatia; Bulgaria; Slovakia; Norway; Lithuania; Serbia; Czechia; Finland; Romania; Sweden; Italy; Hungary; Spain,2018.0,France
NCT00748527,"Carboplatin With or Without Decitabine in Treating Patients With Progressive, Advanced Ovarian Epithelial Cancer, Fallopian Tube Cancer, or Primary Peritoneal Cancer",Terminated,Phase 2,,134,Cancer Research UK,OTHER,Fallopian Tube Cancer; Ovarian Cancer; Peritoneal Cavity Cancer,United Kingdom,,United Kingdom
NCT03295942,A Study of OMP-336B11 in Subjects With Locally Advanced or Metastatic Tumors,Terminated,Phase 1,2017-09-12,24,"OncoMed Pharmaceuticals, Inc.",INDUSTRY,Locally Advanced Malignant Neoplasm; Metastatic Cancer,United States,2017.0,United States
NCT04748042,"Focal Radiation With Pulsed Systemic Therapy of Abiraterone, Androgen Deprivation Therapy (ADT), Lynparza Towards Castration Sensitive Oligometastatic Prostate Cancer (FAALCON)","Active, Not Recruiting",Phase 2,2021-05-28,21,University of Michigan Rogel Cancer Center,OTHER,Prostate Cancer; Castrate Sensitive Prostate Cancer; Oligometastatic Disease,United States,2021.0,United States
NCT00513786,Evaluation of Carboplatin/Paclitaxel/Bevacizumab in the Treatment of Advanced Stage Endometrial Carcinoma,Completed,Phase 2,2007-08-01,38,David O'Malley,OTHER,Endometrial Cancer,United States,2007.0,United States
NCT00500903,"A Study of MLN8237, a Novel Aurora A Kinase Inhibitor, in Participants With Advanced Solid Tumors",Completed,Phase 1,2007-05-15,87,"Millennium Pharmaceuticals, Inc.",INDUSTRY,Advanced Malignancies,United States,2007.0,United States
NCT06956170,All Japanese Population: Belantamab Mafodotin Plus Pomalidomide and Dexamethasone (Pd) Versus Bortezomib Plus Pd in Relapsed/Refractory Multiple Myeloma,"Active, Not Recruiting",Phase 3,2022-02-10,21,GlaxoSmithKline,INDUSTRY,Multiple Myeloma,Japan,2022.0,Japan
NCT00197873,Lactobacillus Rhamnosus in Prevention of Chemotherapy-related Diarrhoea,Completed,Unknown,,84,University of Helsinki,OTHER,Colorectal Cancer,Finland,,Finland
NCT03242369,Comparison of the Effectiveness of Bowel Preparations Before Colonoscopy,UNKNOWN,Unknown,2017-09-01,400,"Military University Hospital, Prague",OTHER,Colorectal Neoplasms,Czechia,2017.0,Czechia
NCT01524783,Everolimus Plus Best Supportive Care vs Placebo Plus Best Supportive Care in the Treatment of Patients With Advanced Neuroendocrine Tumors (GI or Lung Origin),Completed,Phase 3,2012-03-30,302,Novartis Pharmaceuticals,INDUSTRY,Advanced NET of GI Origin; Advanced NET of Lung Origin; Neuroendocrine Tumors,Canada; South Africa; China; Belgium; Greece; Italy; Spain; Turkey (Türkiye); United Kingdom; South Korea; Russia; Netherlands; Austria; Japan; Germany; Hungary; Saudi Arabia; Colombia; Lebanon; Thailand; United States; Slovakia; Poland; Czechia; Taiwan,2012.0,Canada
NCT04319783,Darolutamide + Consolidation Radiotherapy in Advanced Prostate Cancer Detected by PSMA,"Active, Not Recruiting",Phase 2,2021-06-02,65,Trans Tasman Radiation Oncology Group,OTHER,Advanced Prostate Carcinoma; Cancer of Prostate; PSA,Australia; Singapore,2021.0,Australia
NCT01047969,Avoiding Surgery in Rectal Cancer After Pre-Operative Therapy,UNKNOWN,Phase 2,2006-06-06,99,Royal Marsden NHS Foundation Trust,OTHER,Rectal Adenocarcinoma,United Kingdom,2006.0,United Kingdom
NCT01974869,Anti Tumor Necrosis Factor Alpha Agents and Surgical Stress Response,Completed,Unknown,,47,"El-Hussuna, Alaa, M.D.",INDIV,Inflammatory Bowel Diseases,Denmark,,Denmark
NCT00332969,Efficacy of Octreotide Treatment in Patients With Primary Inoperable Thymoma,Completed,Phase 2,,25,Novartis Pharmaceuticals,INDUSTRY,Thymoma,Germany,,Germany
NCT04973683,AL101 Before Surgery for the Treatment of Notch Activated Adenoid Cystic Cancer,"Active, Not Recruiting",Phase 1,2021-09-30,14,M.D. Anderson Cancer Center,OTHER,Adenoid Cystic Carcinoma; Metastatic Adenoid Cystic Carcinoma,United States,2021.0,United States
NCT05055583,Toripalimab in Combination With Platinum-based Chemotherapy for Mutation-negative Stage IV Oligometastatic NSCLC,UNKNOWN,Phase 2,2021-08-31,30,Tang-Du Hospital,OTHER,NSCLC Stage IV; Oligometastasis,China,2021.0,China
NCT02066454,Evaluation of the Use of Apixaban in Prevnetion of Thromboembolic Disease in Patients With Myeloma Trated With iMiDs,Completed,Phase 3,2014-06-05,108,"University Hospital, Grenoble",OTHER,Myeloma; Venous Thromboembolism,France,2014.0,France
NCT04249154,Postop Hypofractionated Radiation Therapy and LHRH in Patients With Prostate Cancer,Recruiting,Phase 2,2019-09-03,77,McGill University Health Centre/Research Institute of the McGill University Health Centre,OTHER,Prostate Cancer,Canada,2019.0,Canada
NCT06986005,The Effect of Neoadjuvant Chemotherapy on Physical Functions,Completed,Unknown,2025-01-08,67,ATİYE KAŞ ÖZDEMİR,OTHER,Breast Cancer; Neoadjuvant Chemotherapy; Neoadjuvant Therapy,Turkey (Türkiye),2025.0,Turkey (Türkiye)
NCT00281866,Erlotinib in Treating Patients With Metastatic and/or Recurrent Head and Neck Cancer,Completed,Phase 2,,37,Sidney Kimmel Comprehensive Cancer Center at Johns Hopkins,OTHER,Head and Neck Cancer,United States; Spain,,United States
NCT01910766,Coenzyme Q10 and Clomiphene Citrate (CC) for Ovulation Induction in Polycystic Ovary Syndrome,Completed,Unknown,,110,Mansoura University,OTHER,Polycystic Ovary Syndrome,Egypt,,Egypt
NCT00829166,A Study of Trastuzumab Emtansine Versus Capecitabine + Lapatinib in Participants With HER2-positive Locally Advanced or Metastatic Breast Cancer,Completed,Phase 3,,991,Hoffmann-La Roche,INDUSTRY,Breast Cancer,Denmark; New Zealand; Canada; Singapore; Bosnia and Herzegovina; Italy; Spain; United Kingdom; South Korea; Mexico; Russia; Bulgaria; Germany; Switzerland; Sweden; Colombia; France; Brazil; United States; Poland; Finland; Philippines; Slovenia; Taiwan; Hong Kong; Portugal; India,,Denmark
NCT04831905,Micro-wave Ablation Under Organ-based Tracking in Patients With Prostate Cancer - FOSTINE,UNKNOWN,Unknown,2021-03-01,10,Jules Bordet Institute,OTHER,Focal Treatment for Prostate Cancer,Belgium,2021.0,Belgium
NCT01640405,Study of 5-Fluorouracil/Leucovorin/Oxaliplatin (FOLFOX) + Bevacizumab Versus 5-Fluorouracil/Leucovorin/Oxaliplatin/Irinotecan (FOLFOXIRI) + Bevacizumab as First Line Treatment of Patients With Metastatic Colorectal Cancer Not Previously Treated and With Three or More Circulating Tumoral Cells,Completed,Phase 3,,350,Spanish Cooperative Group for the Treatment of Digestive Tumours (TTD),OTHER,Metastatic Colorectal Cancer,Spain,,Spain
NCT05609994,ViCToRy: Vorasidenib in Combination With Tumor Specific Peptide Vaccine for Recurrent IDH1 Mutant Lower Grade Gliomas,Recruiting,Phase 1,2025-07-15,48,"Katy Peters, MD, PhD",OTHER,Low Grade Glioma of Brain,United States,2025.0,United States
NCT04008056,Impact of Patient Reported Outcomes for Pre-chemotherapy Medical Decision in Day Patients With Digestive Cancer,Completed,Unknown,2019-11-16,138,Centre Hospitalier Universitaire de Nīmes,OTHER,Digestive Cancer,France,2019.0,France
NCT05792722,Evaluating Safety and Efficacy of Prostate-sparing Radical Cystectomy,Recruiting,Unknown,2023-10-25,70,Johns Hopkins University,OTHER,Bladder Cancer,United States,2023.0,United States
NCT06397222,Sintilimab Plus Bevacizumab and SIRT for Intermediate-advanced HCC,Recruiting,Phase 2,2024-05-01,23,Second Affiliated Hospital of Guangzhou Medical University,OTHER,Hepatocellular Carcinoma Non-resectable,China,2024.0,China
NCT04086251,Remote Electronic Patient Monitoring in Oncology Patients,UNKNOWN,Unknown,2019-09-09,30,Gaido Health,INDUSTRY,Cancer,United States,2019.0,United States
NCT07038629,Chemoradiation Plus Iparomlimab Consolidation in Older With ESCC,Recruiting,Phase 2,2025-03-01,52,Tianjin Medical University Cancer Institute and Hospital,OTHER,Esophageal Cancer,China,2025.0,China
NCT00003029,Fluorouracil With or Without Cisplatin in Treating Patients With Advanced or Metastatic Cancer of the Pancreas,Completed,Phase 3,,200,European Organisation for Research and Treatment of Cancer - EORTC,NETWORK,Pancreatic Cancer,France; Belgium; Portugal; Italy; Israel,,France
NCT05101629,Pembrolizumab and Lenvatinib in Patients With Advanced HCC Who Are Refractory to Atezolizumab and Bevacizumab/ IO-based Therapy,Completed,Phase 2,2022-05-11,32,Institut für Klinische Krebsforschung IKF GmbH at Krankenhaus Nordwest,OTHER,Hepatocellular Carcinoma,Germany,2022.0,Germany
NCT02220829,Comparative Study of Use of Alpha-Blockers to Treat Symptoms in Prostate Cancer Patients Undergoing Radiation Therapy,Completed,Phase 3,,148,Sir Mortimer B. Davis - Jewish General Hospital,OTHER,Urinary Problems; Prostate Cancer,Canada,,Canada
NCT03098329,Check it: A New Approach to Controlling Chlamydia Transmission in Young People,Completed,Unknown,2017-05-22,1907,Tulane University,OTHER,Chlamydia Trachomatis Infection; Gonorrhea,United States,2017.0,United States
NCT00599131,Cetuximab and Radiation Therapy in Laryngeal Cancer Patients Who Have Responded to One Cycle of Chemotherapy (SPORE),Terminated,Phase 2,,4,University of Michigan Rogel Cancer Center,OTHER,Cancer of Larynx,United States,,United States
NCT05400902,HAIC Combined With Sintilimab and Bevacizumab for Unresectable Intrahepatic Cholangiocarcinoma,UNKNOWN,Phase 2,2023-05-31,17,Binkui Li,OTHER,Intrahepatic Cholangiocarcinoma,China,2023.0,China
NCT06360653,a SIngle Center Study of Post-operative STEReotactic RAdiotherapY for Endometrial Cancer,Recruiting,Unknown,2025-05-02,60,ARNAS Civico Di Cristina Benfratelli Hospital,OTHER,Endometrial Cancer,Italy,2025.0,Italy
NCT03048253,A Phase I-c Study of Recombinant GM-CSF Herpes Simplex Virus to TreatⅣ M1c,UNKNOWN,Unknown,2016-03-29,30,OrienGene Biotechnology Ltd.,INDUSTRY,Melanoma,China,2016.0,China
NCT02682953,Hyperbaric Oxygen Therapy for Hematopoietic Progenitor Cell Collection in Poor Mobilizers,Withdrawn,Phase 2,,0,"University of Maryland, Baltimore",OTHER,Bone Marrow Transplantation; Hematopoietic Stem Cells; Multiple Myeloma,United States,,United States
NCT06245837,"Treatment and Biomarker Testing Patterns,Treatment Outcomes in a/m NSCLC With and Without Actionable Genomic Alterations","Active, Not Recruiting",Unknown,2024-03-20,1500,AstraZeneca,INDUSTRY,Non-small-cell Lung Cancer,Russia,2024.0,Russia
NCT04017845,Screening for Colorectal Cancer in Average and High Risk Population,Completed,Phase 1 (Early),2015-04-01,537,"Lewai Sharki Abdulaziz, MSc PhD",OTHER,Colorectal Neoplasms; Colorectal Cancer; Adenomatous Polyp of Colon,Iraq,2015.0,Iraq
NCT00813137,FOLFOX4 Combined With Endostar in Patients With Advanced Colorectal Cancer,UNKNOWN,Phase 2,,120,"Simcere Pharmaceutical Co., Ltd",OTHER,Colorectal Neoplasms,China,,China
NCT02449837,Investigation of Circulating Tumor Cells From Cancer Patients Undergoing Radiation Therapy,Completed,Unknown,,162,UNC Lineberger Comprehensive Cancer Center,OTHER,Circulating Tumor Cells,United States,,United States
NCT03193437,Selinexor in Patients With Advanced Thymic Epithelial Tumor Progressing After Primary Chemotherapy,Terminated,Phase 2,2018-04-03,8,Georgetown University,OTHER,Thymoma; Advanced Thymic Epithelial Tumor,United States,2018.0,United States
NCT00003245,Irinotecan in Treating Patients With Recurrent or Refractory Non-Hodgkin's Lymphoma,Completed,Phase 2,1998-02-18,50,M.D. Anderson Cancer Center,OTHER,Lymphoma,United States,1998.0,United States
NCT03136445,TRial to EvaluAte Tranexamic Acid Therapy in Thrombocytopenia,Completed,Phase 3,,616,NHS Blood and Transplant,OTHER_GOV,Hematologic Neoplasms; Hemorrhage; Hematopoietic Stem Cell Transplantation,Australia; United Kingdom,,Australia
NCT05161572,Perioperative Chemoimmunotherapy With/Without Preoperative Chemoradiation for Locally Advanced Gastric Cancer,Terminated,Phase 2,2021-09-28,6,Fudan University,OTHER,Stomach Neoplasms; Esophagogastric Junction Disorder; Neoadjuvant Therapy,China,2021.0,China
NCT00110695,"Therapy With Abraxane and 5-Fluorouracil, Epirubicin, Cyclophosphamide (FEC) for Patients With Breast Cancer",Completed,Phase 2,,66,NSABP Foundation Inc,NETWORK,Breast Neoplasms,United States,,United States
NCT02392039,Study of Loratadine for Pegfilgrastim Induced Bone Pain in Patients With Aggressive Lymphoma,Terminated,Phase 1 (Early),2015-12-14,1,M.D. Anderson Cancer Center,OTHER,Lymphoma,United States,2015.0,United States
NCT00868595,MTD Study of Vaccine BP-GMAX-CD1 Plus AP1903 to Treat Castrate Resistant Prostate Cancer,Completed,Phase 1,,18,Bellicum Pharmaceuticals,INDUSTRY,Castrate Resistant Prostate Cancer (CRPC),United States,,United States
NCT04790695,Single Patient Protocol for an NRG1 Fusion Positive Metastatic Pancreatic Cancer Patient Using Seribantumab,Completed,Phase 2,2021-03-29,1,Ottawa Hospital Research Institute,OTHER,Metastatic Pancreatic Cancer,Canada,2021.0,Canada
NCT03086239,"A Study on the Safety and Tolerability of Rovalpituzumab Tesirine in Japanese Patients With Advanced, Recurrent Small Cell Lung Cancer",Completed,Phase 1,2017-04-28,29,AbbVie,INDUSTRY,Small Cell Lung Cancer,Japan,2017.0,Japan
NCT07311577,"Disitamab Vedotin Combined With Platinum and Bevacizumab as First-Line and Maintenance Therapy for HER2-Expressing, HRD-Negative High-Risk Ovarian Cancer: A Multicenter, Non-Randomized, Single-Arm Phase II Clinical Study",Recruiting,Phase 2,2026-01-01,43,Jiangsu Cancer Institute & Hospital,OTHER,Ovarian Cancer Metastatic; Ovarian Cancer Metastatic Recurrent,China,,China
NCT00508339,Functional Outcomes Following Limb Sparing Surgery for Sarcoma Patients,Withdrawn,Unknown,,0,M.D. Anderson Cancer Center,OTHER,Sarcoma,United States,,United States
NCT03816839,Evaluation of Orally Administered Amcenestrant (SAR439859) in Japanese Postmenopausal Patients With Advanced Breast Cancer (AMEERA-2),Terminated,Phase 1,2019-03-25,10,Sanofi,INDUSTRY,Breast Cancer,Japan,2019.0,Japan
NCT00024050,Chemotherapy and Peripheral Stem Cell Transplantation in Treating Patients With Myelodysplastic Syndrome,Completed,Phase 2,,61,Fred Hutchinson Cancer Center,OTHER,Leukemia; Myelodysplastic Syndromes,United States,,United States
NCT07538050,"Single Visit Clinical Validation of ScreenFire, a Low-Cost HPV Test: Efficacy and Cost Effectiveness (Phase 2)",Not Yet Recruiting,Unknown,2026-04-16,1000,The Cleveland Clinic,OTHER,Cervical Cancer Screening,El Salvador,,El Salvador
NCT06730750,A Study of BMS-986490 With or Without Bevacizumab in Advanced Solid Tumors,Recruiting,Phase 1,2025-02-12,360,Bristol-Myers Squibb,INDUSTRY,Advanced Solid Tumors,United States; Australia; Canada,2025.0,United States
NCT06552650,Evaluating the Effectiveness of an Early Exercise Program After Breast Reconstruction,UNKNOWN,Unknown,2023-11-20,72,Yonsei University,OTHER,Braest Cancer; Breast Reconstruction,South Korea,2023.0,South Korea
NCT05668650,"Double-blind Study to Evaluate the PK, Efficacy, Safety and Immunogenicity of MB12 Versus Keytruda® in Stage IV NSCLC",Recruiting,Phase 3,2023-08-15,174,Laboratorio Elea Phoenix S.A.,INDUSTRY,Non Small Cell Lung Cancer Metastatic,Argentina,2023.0,Argentina
NCT02675491,Phase 1 Study of DS-6051b in Japanese Subjects With Advanced Solid Malignant Tumors,Completed,Phase 1,2016-02-10,15,"Daiichi Sankyo Co., Ltd.",INDUSTRY,Advanced Solid Malignant Tumors,Japan,2016.0,Japan
NCT02536391,Ipatasertib (GDC-0068) Study to Evaluate Formulation Change and Food Effect on Bioavailability in Healthy Subjects,Completed,Phase 1,,18,"Genentech, Inc.",INDUSTRY,Cancer,United States,,United States
NCT05288491,A Study of Chinese Adults With Lymphoma,Completed,Unknown,2022-10-31,934,Takeda,INDUSTRY,Lymphoma,China,2022.0,China
NCT04964518,A Study of APG-2575 in Combination With Azacitidine in Patients With Acute Myeloid Leukemia (AML),UNKNOWN,Phase 1,2021-07-30,24,Ascentage Pharma Group Inc.,INDUSTRY,"AML, Adult",United States; Australia,2021.0,United States
NCT01788618,"Cancer and Disorders of Cognitive Functions and Quality of Life: ""Cognitive Rehabilitation in Patients Suffering From Cancer and Treated With Chemotherapy""",Completed,Unknown,,168,Centre Francois Baclesse,OTHER,Cancer,France,,France
NCT03226418,Geriatric Assessment & Genetic Profiling to Personalize Therapy in Older Adults With Acute Myeloid Leukemia,Completed,Phase 2,2017-07-07,75,University of Nebraska,OTHER,Adult Acute Myeloid Leukemia; Secondary Acute Myeloid Leukemia; Therapy-Related Acute Myeloid Leukemia,United States,2017.0,United States
NCT02480218,Cognitive Sequelae of Adjuvant Endocrine Therapy for the Treatment of Breast Cancer in Older Women,Completed,Unknown,,47,Sunnybrook Health Sciences Centre,OTHER,Breast Cancer,Canada,,Canada
NCT02751918,Phase Ib Study of Anetumab Ravtansine in Combination With Pegylated Liposomal Doxorubicin in Patients With Recurrent Mesothelin-expressing Platinum-resistant Cancer,Completed,Phase 1,2016-06-08,65,Bayer,INDUSTRY,Ovarian Neoplasms,United States; Moldova; Belgium; Spain,2016.0,United States
NCT00023790,Photodynamic Therapy in Treating Patients With Skin Cancer or Solid Tumors Metastatic to the Skin,Terminated,Phase 1,,3,Case Comprehensive Cancer Center,OTHER,Breast Cancer; Head and Neck Cancer; Lymphoma,United States,,United States
NCT02455297,Phase IIa Study of Copanlisib in Relapsed or Refractory Mantle Cell Lymphoma (MCL),Terminated,Phase 2,2015-08-24,4,Bayer,INDUSTRY,"Lymphoma, Mantle-Cell",United States,2015.0,United States
NCT06221397,AI-based Medical Device Validation for Early Melanoma Detection,Completed,Unknown,2020-09-17,105,AI Labs Group S.L,INDUSTRY,"Melanoma; Melanoma, Skin",Spain,2020.0,Spain
NCT07206810,"A Study of the Bortezomib, Lenalidomide, and Dexamethasone Regimen for the Treatment of Newly Diagnosed Multiple Myeloma Patients",Completed,Unknown,2018-08-01,419,The First Affiliated Hospital of Soochow University,OTHER,Myeloma,China,2018.0,China
NCT00130897,Treatment Use Study With Sunitinib (SU011248) For Patients With Cytokine-Refractory Metastatic Renal Cell Carcinoma,APPROVED_FOR_MARKETING,Unknown,,61,Pfizer,INDUSTRY,"Carcinoma, Renal Cell",Ecuador; Canada; Singapore; Belgium; Bosnia and Herzegovina; Greece; Panama; Italy; Spain; Chile; Turkey (Türkiye); United Kingdom; Malaysia; Romania; South Korea; Australia; Mexico; Austria; Netherlands; Russia; Venezuela; Bulgaria; Argentina; Peru; Germany; Switzerland; Sweden; Ireland; Hungary; Israel; Colombia; Egypt; France; Lebanon; Croatia; Brazil; Thailand; United States; Slovakia; Norway; Poland; Serbia; Czechia; Finland; Philippines; Slovenia; Taiwan; Hong Kong; Portugal; India,,Ecuador
NCT02400060,Telephone-Based Intervention in Increasing Adherence to Adjuvant Hormonal Therapy in Patients With Breast Cancer,Completed,Unknown,2015-03-26,39,Ohio State University Comprehensive Cancer Center,OTHER,Stage IA Breast Cancer; Stage IB Breast Cancer; Stage IIA Breast Cancer,United States,2015.0,United States
NCT01025960,A Comparison of Methods to Detect Polyps During Colonoscopy,Completed,Unknown,,768,The Cleveland Clinic,OTHER,Colorectal Cancer,United States,,United States
NCT00000860,The Effects of Treatment for Mycobacterium Avium Complex (MAC) on the Cells of HIV-Infected Patients,Completed,Unknown,,24,National Institute of Allergy and Infectious Diseases (NIAID),NIH,Mycobacterium Avium-Intracellulare Infection; HIV Infections,United States,,United States
NCT05686720,"Single-arm, Open-label Clinical Study of SZ011 in the Treatment of Advanced Triple Negative Breast Cancer",UNKNOWN,Phase 1 (Early),2023-02-01,12,First Affiliated Hospital of Shantou University Medical College,OTHER,Advanced Triple Negative Breast Cancer,China,2023.0,China
NCT03844620,Circulating Cell-Free Tumor DNA Testing in Guiding Treatment for Patients With Advanced or Metastatic Colorectal Cancer,"Active, Not Recruiting",Phase 2,2019-01-29,100,M.D. Anderson Cancer Center,OTHER,Refractory Colorectal Carcinoma; Stage III Colorectal Cancer AJCC v8; Stage IIIA Colorectal Cancer AJCC v8,United States,2019.0,United States
NCT05110924,RCT Treatment Versus Non Treatment of Low-risk BCCs in Elderly,Terminated,Unknown,2021-06-01,9,"University Hospital, Ghent",OTHER,Basal Cell Carcinoma; Elderly,Belgium,2021.0,Belgium
NCT01002924,Extension Study of EC145 (Vintafolide) for Subjects Enrolled in a Previous Study With EC145 (MK-8109-010),Completed,Phase 2,2009-12-31,1,Endocyte,INDUSTRY,Solid Tumors,United States,2009.0,United States
NCT04203524,Procalcitonin and Antimicrobial Utilization in Critically Ill Cancer Patients with Sepsis,Terminated,Unknown,2019-08-21,157,King Hussein Cancer Center,OTHER,Sepsis; Septic Shock; Neoplasm,Jordan,2019.0,Jordan
NCT06949124,"A Phase 1 Clinical Study to Evaluate the Effects of SHR7280 on the Pharmacokinetics of Midazolam, S-warfarin, Omeprazole, Digoxin, and Rosuvastatin in Healthy Subjects",Completed,Phase 1,2025-04-28,20,"Jiangsu HengRui Medicine Co., Ltd.",INDUSTRY,Endometriosis; Uterine Fibroids; Assisted Reproduction,China,2025.0,China
NCT03973723,Plasma EBV DNA Monitoring in Post-treatment NPC Patients,Completed,Unknown,2011-08-01,441,Taichung Veterans General Hospital,OTHER,Nasopharyngeal Carcinoma; NPC; EBV,Taiwan,2011.0,Taiwan
NCT03442959,Resection of the Primary Tumor vs no Resection in Asymptomatic Patients With Unresectable Synchronous Liver Metastases From siNEN,UNKNOWN,Unknown,2018-07-03,50,CHU de Reims,OTHER,Small Intestinal Neuroendocrine Tumor,France,2018.0,France
NCT02274779,Salvage Radiotherapy Combined With Hormonotherapy in Oligometastatic Pelvic Node Relapses of Prostate Cancer,Completed,Phase 2,2014-08-20,74,Institut Cancerologie de l'Ouest,OTHER,Prostate Cancer,France,2014.0,France
NCT02746796,Study of ONO-4538 in Gastric Cancer,Completed,Phase 2,,680,"Ono Pharmaceutical Co., Ltd.",INDUSTRY,Gastric Cancer,Japan; Taiwan; South Korea,,Japan
NCT01902862,An Efficacy and Tolerability Study of Bortezomib in Combination With Rituximab Standard Therapy in Participants With Relapsed or Refractory Follicular Lymphoma,Terminated,Phase 2,,7,Janssen-Cilag G.m.b.H,INDUSTRY,"Lymphoma, Follicular",Germany,,Germany
NCT01362296,An Open-label Study of GSK1120212 Compared With Docetaxel in Stage IV KRAS-mutant Non-small Cell Lung Cancer,Completed,Phase 2,,134,GlaxoSmithKline,INDUSTRY,"Lung Cancer, Non-Small Cell",France; Netherlands; United States; South Korea; Greece; Italy; Hungary; Spain,,France
NCT00797446,Photon/Proton Radiation Therapy for Oropharyngeal Cancers,Terminated,Unknown,,10,University of Florida,OTHER,Oropharyngeal Cancers,United States,,United States
NCT01758146,Impact of Obesity on the Efficacy of Endocrine Therapy With Aromatase Inhibitors,UNKNOWN,Phase 3,,412,"Post Graduate Institute of Medical Education and Research, Chandigarh",OTHER,Breast Cancer,India,,India
NCT00592046,A Phase I Trial of ZIO-101 in Hematologic Cancers,Completed,Phase 1,,12,Alaunos Therapeutics,INDUSTRY,Acute Leukemia; Chronic Myeloproliferative Disease; Chronic Lymphoproliferative Disease,United States,,United States
NCT06325046,Adaptive Radiation Therapy (ART) Stereotactic Ablative Body Radiotherapy (SABR) for Primary Localized Prostate Cancer,Recruiting,Unknown,2024-08-15,144,Mayo Clinic,OTHER,Localized Prostate Adenocarcinoma; Stage I Prostate Cancer AJCC v8; Stage II Prostate Cancer AJCC v8,United States,2024.0,United States
NCT03125746,A Study of LXI-15029 in Patients With Advanced Malignant Solid Tumors,UNKNOWN,Phase 1,2017-06-12,72,"Shandong Luoxin Pharmaceutical Group Stock Co., Ltd.",INDUSTRY,Advanced Breast Cancer,China,2017.0,China
NCT01661088,A Study of Neoadjuvant FOLFIRINOX and FDR-Gemcitabine With Concurrent IMRT in Patients,Completed,Phase 2,,25,University of Michigan Rogel Cancer Center,OTHER,Pancreatic Cancer,United States,,United States
NCT01386203,Exhaled Breath Biomarkers in Lung Cancer,UNKNOWN,Unknown,,300,Sheba Medical Center,OTHER_GOV,Lung Cancer,Israel,,Israel
NCT05687188,Evaluating Obesity-Mediated Mechanisms of Pancreatic Carcinogenesis in Minority Populations,Recruiting,Unknown,2023-02-22,125,H. Lee Moffitt Cancer Center and Research Institute,OTHER,Pancreatic Cancer,United States,2023.0,United States
NCT03098303,Criteria Associated With Patient Willingness to Participate in Biomedical Research,Completed,Unknown,2014-12-23,1000,"University Hospital, Montpellier",OTHER,"Consulting in Pneumology Department, But Not for Oncology or Tobacology",France,2014.0,France
NCT00053027,Rituximab and Cladribine in Treating Patients With Newly Diagnosed Non-Hodgkin's Lymphoma,Completed,Phase 2,,30,Alliance for Clinical Trials in Oncology,OTHER,Lymphoma,Unknown,,Unknown
NCT03129061,Study to Evaluate Immunological Response to PD-1 Inhibition in Squamous Cell Carcinoma of the Head and Neck (SCCHN),Completed,Phase 1,2017-05-01,15,"CellSight Technologies, Inc.",INDUSTRY,Squamous Cell Carcinoma of the Head and Neck,United States,2017.0,United States
NCT00252161,A Trial of Neoadjuvant TS-1 and Cisplatin for Type 4 and Large Type 3 Gastric Cancer,Completed,Phase 3,,316,Haruhiko Fukuda,OTHER,Gastric Neoplasm,Japan,,Japan
NCT07312786,Testing the Feasibility of a Virtual Application to Support Breast and Colorectal Cancer Survivors,Recruiting,Unknown,,60,Nova Scotia Health Authority,OTHER,Breast Cancer Survivor; Colorectal Cancer Survivors,Canada,,Canada
NCT05448586,Opioid Free Anaesthesia in Oncologic Gynaecological Surgery: Is There Any Benefit?,Completed,Unknown,2019-02-02,132,Instituto de Investigación Hospital Universitario La Paz,OTHER,Cervix Cancer; Endometrial Cancer; Ovarian Cancer,Spain,2019.0,Spain
NCT02125786,A Trial of Surgery and Fractionated Re-Irradiation for Recurrent Ependymoma,"Active, Not Recruiting",Phase 2,2014-05-07,68,St. Jude Children's Research Hospital,OTHER,Ependymoma,United States,2014.0,United States
NCT02133742,"A Dose Finding Study To Evaluate Safety, Drug Interaction, Tumor Markers Of Axitinib In Combination With MK-3475 In Adult Patients With Previously Untreated Advanced Renal Cell Cancer",Completed,Phase 1,2014-09-16,52,Pfizer,INDUSTRY,Renal Cell Carcinoma,United States,2014.0,United States
NCT05487170,A Study of RNK05047 in Subjects With Advanced Solid Tumors/Diffuse Large B-cell Lymphoma (CHAMP-1),Recruiting,Phase 1,2022-07-12,32,"Ranok Therapeutics (Hangzhou) Co., Ltd.",INDUSTRY,Advanced Solid Tumor; DLBCL,United States; China,2022.0,United States
NCT05925270,Substituting SMSs for Provider-delivered Care to Improve Alcohol Use Outcomes,Completed,Unknown,2023-08-11,255,"University Hospital, Basel, Switzerland",OTHER,"Alcohol Use Disorder, Mild; Alcohol Use Disorder, Moderate",Lesotho,2023.0,Lesotho
NCT05007873,ASTX727 and Dasatinib for the Treatment of Newly Diagnosed Philadelphia Chromosome or BCR-ABL Positive Chronic Myeloid Leukemia in Chronic Phase,Recruiting,Phase 2,2021-10-21,70,M.D. Anderson Cancer Center,OTHER,Chronic Phase Chronic Myelogenous Leukemia; Philadelphia Chromosome Positive; BCR-ABL1 Positive Chronic Myelogenous Leukemia,United States,2021.0,United States
NCT04971369,Safety Study of 89Zr-NY001 PET Imaging in Patients,UNKNOWN,Unknown,2021-08-01,20,Wuxi No. 4 People's Hospital,OTHER,"Solid Tumor, Adult",China,2021.0,China
NCT04097769,"The Safety, Tolerability, and Initial Efficacy of HX009 in Patients With Advanced Malignancies",Completed,Phase 1,2019-06-12,21,Waterstone Hanxbio Pty Ltd,INDUSTRY,Advanced Solid Tumor,Australia,2019.0,Australia
NCT06619769,eSense-Cancer: Adapting an Online Intervention for Sexual Health Concerns to Gynecologic Cancer,Recruiting,Unknown,2024-10-01,60,University of British Columbia,OTHER,Gynecologic Cancers,Canada,2024.0,Canada
NCT02317783,Amyloid Plaque Deposition in Chemotherapy-Induced Cognitive Impairment,Terminated,Phase 2,2018-01-31,15,University of Utah,OTHER,Breast Cancer,United States,2018.0,United States
NCT01965483,Phase 2 Study of Adjuvant Radiotherapy in Breast Cancer Using a Once a Week Hypofractionated Regimen,Completed,Phase 2,,44,Instituto do Cancer do Ceara,OTHER,Breast Neoplasms,Brazil,,Brazil
NCT06021483,Observational Study to Evaluate the Safety and Efficacy of Zepzelca™ Injection,Recruiting,Unknown,2023-08-16,300,"Boryung Pharmaceutical Co., Ltd",INDUSTRY,SCLC,South Korea,2023.0,South Korea
NCT03813641,RALOX or CAPOX + Bevacizumab in the First-line Treatment of Advanced CRC(ROCB Study),UNKNOWN,Phase 2,2019-01-28,100,Shenzhen People's Hospital,OTHER,Colorectal Cancer,China,2019.0,China
NCT06486441,Study of Sacituzumab Govitecan Versus Treatment of Physician's Choice in Participants With Endometrial Cancer After Platinum-Based Chemotherapy and Immunotherapy (ASCENT-GYN-01/GOG-3104/ENGOT-en26),"Active, Not Recruiting",Phase 3,2024-08-28,640,Gilead Sciences,INDUSTRY,Endometrial Cancer,Canada; Singapore; China; Greece; Italy; Spain; United Kingdom; South Korea; Australia; Japan; Germany; Israel; France; Brazil; United States; Poland; Czechia; Taiwan; Hong Kong,2024.0,Canada
NCT03755141,Efficacy and Safety of Trastuzumab Biosimilar (Herzuma®) Plus Treatment of Physician's Choice (TPC) in Patients With HER-2 Positive Metastatic Breast Cancer,Completed,Phase 2,2018-12-15,109,"National Cancer Center, Korea",OTHER_GOV,HER2-positive Breast Cancer; Metastatic Breast Cancer,South Korea,2018.0,South Korea
NCT00679341,A Study of the Efficacy and Safety of Trastuzumab Emtansine (Trastuzumab-MCC-DM1) vs. Trastuzumab (Herceptin®) and Docetaxel (Taxotere®) in Patients With Metastatic HER2-positive Breast Cancer Who Have Not Received Prior Chemotherapy for Metastatic Disease,Completed,Phase 2,,137,Hoffmann-La Roche,INDUSTRY,Breast Cancer,Unknown,,Unknown
NCT07276854,Novel Humanized Ferritin-based NIR Fluorescent Molecular Probe for Identifying Tumor Margins in Gastric Tissue,Not Yet Recruiting,Unknown,2025-12-30,32,"Nanfang Hospital, Southern Medical University",OTHER,Gastric Cancer; Molecular Imaging,China,2025.0,China
NCT03225105,M3541 in Combination With Radiotherapy in Solid Tumors,Terminated,Phase 1,2017-09-06,15,"EMD Serono Research & Development Institute, Inc.",INDUSTRY,Solid Tumors,United States,2017.0,United States
NCT02014805,Postoperative Conformal Radiotherapy for Stage II-III B Type Thymoma,UNKNOWN,Phase 3,,210,Chinese Academy of Medical Sciences,OTHER,Thymoma,China,,China
NCT00273494,Neoadjuvant Chemotherapy Plus/Minus Surgery in Non-Small-Cell Lung Cancer (NSCLC) Stage IIIA/N2,UNKNOWN,Phase 3,,406,"Rigshospitalet, Denmark",OTHER,Non-Small Cell Lung Cancer,Denmark,,Denmark
NCT06236594,Application of Multimodal Endoscopic Functional Imaging Technology in the Diagnosis of Common Gastrointestinal Diseases,UNKNOWN,Unknown,2023-09-18,100,Beijing 302 Hospital,OTHER,Gastrointestinal Disease,China,2023.0,China
NCT01677390,A Phase 1b Study of SGN-75 in Combination With Everolimus in Patients With Renal Cell Carcinoma,Terminated,Phase 1,,4,Seagen Inc.,INDUSTRY,Renal Cell Carcinoma,United States,,United States
NCT03045497,Contrast-Enhanced Ultrasound in Predicting Treatment Response in Patients With Liver Cancer Receiving Transarterial Chemoembolization With Drug Eluting Beads,Completed,Phase 1,2012-12-12,15,Sidney Kimmel Comprehensive Cancer Center at Thomas Jefferson University,OTHER,Hepatocellular Carcinoma,Unknown,2012.0,Unknown
NCT05082597,Clinical Outcome of Extracorporeal Shock Wave Therapy in Patient With Axillary Web Syndrome,Completed,Unknown,2021-10-13,20,Taichung Veterans General Hospital,OTHER,Axillary Web Syndrome; Breast Cancer; Lymphedema,Taiwan,2021.0,Taiwan
NCT03542097,Assessment of MGMT Promoter Methylation in Advanced Ewing Sarcoma Treated With Temozolomide and Irinotecan,Completed,Unknown,2014-04-15,82,Istituto Ortopedico Rizzoli,OTHER,Ewing Sarcoma Family of Tumors,United Kingdom; Italy,2014.0,United Kingdom
NCT02362997,"Pembrolizumab After ASCT for Hodgkin Lymphoma, DLBCL and T-NHL",Completed,Phase 2,,82,Dana-Farber Cancer Institute,OTHER,Hodgkin Lymphoma; Diffuse Large B Cell Lymphoma; Peripheral T-Cell Lymphoma,United States,,United States
NCT00293410,"Clofarabine and Cyclophosphamide in Treating Patients With Relapsed or Refractory Acute Leukemia, Chronic Myelogenous Leukemia, or Myeloproliferative Disorders",Completed,Phase 1,,70,Sidney Kimmel Comprehensive Cancer Center at Johns Hopkins,OTHER,Chronic Myeloproliferative Disorders; Leukemia; Myelodysplastic/Myeloproliferative Diseases,United States,,United States
NCT03178110,Manual Therapy and Use of the Dynasplint for Trismus in Patients With Head and Neck Cancer,Completed,Unknown,2018-10-04,10,University of Alberta,OTHER,"Neoplasms, Head and Neck; Trismus",Canada,2018.0,Canada
NCT00892710,Trial of Poor Performance Status Patients (ToPPS),Completed,Phase 2,,172,"SCRI Development Innovations, LLC",OTHER,Non Small Cell Lung Cancer,United States,,United States
NCT07146113,Treatment Approaches and Biomarkers PRevalence In de Novo MEtastatic Hormone-sensitive Prostate Cancer in Russian Federation,Recruiting,Unknown,2025-06-30,400,AstraZeneca,INDUSTRY,Prostate Cancer,Russia,2025.0,Russia
NCT06288113,"Re-treatment With 177Lu-PSMA-617 for the Treatment of Metastatic Castration-Resistant Prostate Cancer, RE-LuPSMA Trial",Recruiting,Phase 2,2024-08-01,40,Jonsson Comprehensive Cancer Center,OTHER,Castration-Resistant Prostate Carcinoma; Stage IVB Prostate Cancer AJCC v8,United States,2024.0,United States
NCT02475213,Safety Study of Enoblituzumab (MGA271) in Combination With Pembrolizumab or MGA012 in Refractory Cancer,Completed,Phase 1,,146,MacroGenics,INDUSTRY,Melanoma; Head and Neck Cancer; Non Small Cell Lung Cancer,United States,,United States
NCT01807390,Perspectives of Receiving Open Versus Minimally Invasive Surgery,UNKNOWN,Unknown,,200,Ottawa Hospital Research Institute,OTHER,Lung Cancer; Esophageal Cancer,Canada,,Canada
NCT01975597,Pilot Study of Bone Biopsy and Aspirate in Women With Metastatic Breast Cancer,Terminated,Unknown,,8,University of Michigan Rogel Cancer Center,OTHER,Metastatic Breast Cancer,United States,,United States
NCT00020397,Vaccine Therapy in Treating Patients With Refractory Metastatic Melanoma,Completed,Phase 2,,61,National Cancer Institute (NCI),NIH,Melanoma (Skin),United States,,United States
NCT02823210,Clinical and Therapeutic Impact of Molecular Markers in Myeloproliferative Disorders,UNKNOWN,Unknown,,300,Assistance Publique - Hôpitaux de Paris,OTHER,Myeloproliferative Neoplasms,France,,France
NCT06869460,"Multicenter Retrospective Study on Patients Treated with Stereotactic Radiosurgery/Radiotherapy for Single Brain Lesions: Evaluation of Treatment Efficacy and Safety, Also Through Radiomic Analysis Methods.","Active, Not Recruiting",Unknown,2024-02-20,372,Gemelli Molise Hospital,OTHER,Brain Metastases; Radiotherapy Side Effect,Italy,2024.0,Italy
NCT05204160,Pembrolizumab as Salvage Therapy for the Treatment of Multiple Myeloma in Patients Progressing on CAR-T Cell Therapy,Withdrawn,Phase 2,2022-04-11,0,Emory University,OTHER,Plasma Cell Myeloma,United States,2022.0,United States
NCT07082920,A Study of JNJ-78278343 in Combination With JNJ-95298177 for Treatment of Prostate Cancer,Recruiting,Phase 1,2025-07-07,140,"Janssen Research & Development, LLC",INDUSTRY,Prostatic Neoplasms,United States; United Kingdom,2025.0,United States
NCT04922723,Radiation/Temozolomide and Immunotherapy With Daratumumab to Improve Antitumor Efficacy in Glioblastoma,"Active, Not Recruiting",Phase 1,2022-10-03,16,West Virginia University,OTHER,Glioblastoma,United States,2022.0,United States
NCT00572923,Concurrent Chemo-Radiotherapy for Limited Disease Small Cell Lung Cancer (LD-SCLC) on Basis of FDG-PET-Scans,Completed,Unknown,,52,Maastricht Radiation Oncology,OTHER,Small Cell Lung Cancer,Netherlands,,Netherlands
NCT05779423,Cryoablation+Ipilimumab+Nivolumab in Melanoma,Recruiting,Phase 2,2023-09-23,37,Massachusetts General Hospital,OTHER,Metastatic Melanoma; Skin Cancer,United States,2023.0,United States
NCT04164082,"Testing the Addition of an Anti-cancer Drug, Pembrolizumab, to the Usual Intravesical Chemotherapy Treatment (Gemcitabine) for the Treatment of BCG-Unresponsive Non-muscle Invasive Bladder Cancer","Active, Not Recruiting",Phase 2,2020-03-18,161,National Cancer Institute (NCI),NIH,Bladder Flat Urothelial Carcinoma In Situ; Non-Muscle Invasive Bladder Urothelial Carcinoma; Stage 0a Bladder Cancer AJCC v8,United States; Guam; Puerto Rico,2020.0,United States
NCT00842582,Azacitidine With Carboplatin and Paclitaxel for Newly Diagnosed Ovarian Cancer,Withdrawn,Phase 1,,0,Loyola University,OTHER,Ovarian Cancer,United States,,United States
NCT05130424,A Real-world Study of Herombopag in the Treatment of Thrombocytopenia Related Diseases in Henan Province,UNKNOWN,Unknown,2021-09-29,498,SuxiaLuo,OTHER_GOV,Carcinoma;Blood,China,2021.0,China
NCT02712723,"Letrozole Plus Ribociclib or Placebo as Neo-adjuvant Therapy in ER-positive, HER2-negative Early Breast Cancer","Active, Not Recruiting",Phase 2,,121,Qamar Khan,OTHER,Breast Cancer,United States,,United States
NCT01908023,"Exercise and Radiotherapy, a Good Combination?",Completed,Unknown,,15,Norwegian University of Science and Technology,OTHER,Breast Neoplasms,Norway,,Norway
NCT07159880,Letrozole Extended vs Traditional Therapy for Ovulation Induction in Women With PCOS (PROLEx-PCOS),Recruiting,Unknown,2025-09-01,20,GABRIEL MONTEIRO PINHEIRO,OTHER,PCOS (Polycystic Ovary Syndrome); Infertility; Anovulation,Brazil,2025.0,Brazil
NCT04518280,Short-course Radiotherapy Based TNT Combined With PD-1 Inhibitor for Locally Advanced Rectal Cancer,Completed,Phase 2,2021-05-01,130,Fudan University,OTHER,Locally Advanced Rectal Cancer,China,2021.0,China
NCT03317080,Dynamic Monitoring Circulating Tumor DNA in Surgical Patients With Lung Cancer,UNKNOWN,Unknown,2017-09-27,400,West China Hospital,OTHER,Lung Cancer,China,2017.0,China
NCT07162480,"Phase II Trial of Puxitatug Samrotecan (AZD8205) in Advanced, Recurrent or Metastatic (R/M) Aggressive Adenoid Cystic Carcinoma Subtype I (ACC-I)",Recruiting,Phase 2,2026-04-29,28,M.D. Anderson Cancer Center,OTHER,Adenoid Cystic Carcinoma,United States,,United States
NCT05059379,Medial vs. Entire Supraclavicular Lymph Node Radiation Therapy for Patients With Invasive Breast Cancer,Recruiting,Phase 3,2021-09-20,1650,Fudan University,OTHER,Breast Cancer; Radiotherapy; Complications; Effect of Radiation Therapy,China,2021.0,China
NCT01213979,Open-label Pharmacokinetic Study of Iron Isomaltoside 1000 (Monofer®) Administered by 500 mg IV Bolus Injection or 1000 mg Intravenous Infusion to Patients With Non-hematological Malignancies Associated With Chemotherapy Induced Anaemia (CIA),Completed,Phase 1,,16,Pharmacosmos A/S,INDUSTRY,Non-hematological Malignancies,Unknown,,Unknown
NCT03265496,Correlation Between Tissue and Plasmatic EGFR in CBNPC With EGFR Mutation or Predictive Factor of EGFR Mutation,Terminated,Unknown,2016-07-07,21,Centre Oscar Lambret,OTHER,Nsclc,France,2016.0,France
NCT03451162,"Safety, Tolerability, and Pharmacokinetic (PK) Study of DHES0815A in Participants With Human Epidermal Growth Factor Receptor (HER)2-Positive Breast Cancer",Completed,Phase 1,2018-04-17,14,"Genentech, Inc.",INDUSTRY,Breast Cancer,United States; South Korea,2018.0,United States
NCT00246662,Safety Assessment of Two Schedules of Intravenous Infusions of SNS-595 for the Treatment of Hematologic Malignancies,Completed,Phase 1,2005-11-14,75,Sunesis Pharmaceuticals,INDUSTRY,"Leukemia, Lymphocytic, Acute; Leukemia, Nonlymphocytic, Acute; Leukemia, Myeloid, Chronic",United States,2005.0,United States
NCT06331962,Digestive Tract Cancer and CIPN,UNKNOWN,Unknown,2023-05-19,90,National Cheng-Kung University Hospital,OTHER,Digestive Tract Cancer; Chemotherapy-induced Peripheral Neuropathy; Remote Exercise,Taiwan,2023.0,Taiwan
NCT02515162,Fischer Cone Biopsy Excisor Versus Loop Excision Procedure for Conization,Completed,Unknown,,178,Zydolab - Institute of Cytology and Immune Cytochemistry,OTHER,Uterine Cervical Dysplasia,Germany,,Germany
NCT00730262,Efficacy Study of TLN-4601 in Patients With Recurring Glioblastoma Multiforme,Terminated,Phase 2,,40,Thallion Pharmaceuticals,INDUSTRY,Glioblastoma Multiforme,United States; Canada,,United States
NCT06636188,An Oncology Nurse AI Agent to Reduce Cancer Distress During Radiotherapy,Recruiting,Unknown,2026-02-01,138,The University of Hong Kong,OTHER,Head and Neck Cancer,Hong Kong,,Hong Kong
NCT01837303,chemQbiosciences:Manual Liquid Based Cytology,Completed,Unknown,,76,"University of North Carolina, Chapel Hill",OTHER,Cervical Dysplasia; Cervical Cancer,United States,,United States
NCT06789003,Evaluation of a PREHABilitation Protocol Using Adapted Physical Activity (APA) for Multiple Myeloma Patients Eligible for Intensive Autologous Stem Cell Transplantation Treatment,Recruiting,Unknown,2025-02-10,120,Centre Hospitalier Henri Duffaut - Avignon,OTHER,Multiple Myeloma,France,2025.0,France
NCT04787003,Oncolytic Virus (OVV-01) Injection in the Treatment of Patients With Advanced Solid Tumors,UNKNOWN,Phase 1,2021-02-16,50,North China Petroleum Bureau General Hospital,OTHER,Neoplasms,China,2021.0,China
NCT06688188,68Ga-JH12 PET/CT: Dosimetry and Biodistribution Study,Recruiting,Phase 1 (Early),2024-11-01,5,First Affiliated Hospital of Fujian Medical University,OTHER,Malignant Neoplasm,China,2024.0,China
NCT05648188,A2R and Ectonucleotidases Expression in Lung Cancer Circulating Tumor Cells,Withdrawn,Unknown,2023-01-01,0,Centre Hospitalier Universitaire de Nice,OTHER,Non Small Cell Lung Cancer,France,2023.0,France
NCT00952003,Oxaliplatin/Irinotecan/Bevacizumab Followed by Docetaxel/Bevacizumab in Inoperable Locally Advanced or Metastatic Gastric Cancer Patients,Completed,Phase 2,,40,Arbeitsgemeinschaft medikamentoese Tumortherapie,OTHER,Gastric Cancer; Unresectable,Austria,,Austria
NCT01266603,"High-Dose Interleukin-2 (HDIL-2), Combined With recMAGE-A3 + AS15 ASCI",Completed,Phase 2,2011-02-22,44,M.D. Anderson Cancer Center,OTHER,Melanoma,United States,2011.0,United States
NCT00005603,Combination Chemotherapy in Treating Children With Acute Lymphoblastic Leukemia,Completed,Phase 3,,276,Children's Oncology Group,NETWORK,Leukemia,United States,,United States
NCT01108003,Broccoli Sprout Extract in Treating Patients With Transitional Cell Bladder Cancer Undergoing Surgery,Terminated,Unknown,,7,Roswell Park Cancer Institute,OTHER,Recurrent Bladder Cancer; Stage 0 Bladder Cancer; Stage I Bladder Cancer,United States,,United States
NCT00565903,Elucidating the Genetic Basis of the Pleuropulmonary Blastoma (PPB) Familial Cancer Syndrome,Completed,Unknown,,1247,Ashley Hill,OTHER,Pleuropulmonary Blastoma; Cystic Nephroma; Sertoli-Leydig Cell Tumor of Ovary,United States,,United States
NCT02627703,(Oncotype DX®) in Estrogen Receptor Positive (ER+) HER-2 Negative (HER 2-) 1-3 Node Positive (pN1) Breast Cancer,UNKNOWN,Unknown,,80,British Columbia Cancer Agency,OTHER,Breast Cancer,Canada,,Canada
NCT01704703,"Study of FOLFIRI + Panitumumab Using Ultra-selection Technology of Patients With Stage IV Colorectal Cancer Refractory to Irinotecan Without Any Mutation on KRAS, PIK3Ca, BRAF and NRAS Genes Detected With Highly Sensitive Techniques",Completed,Phase 2,,72,Spanish Cooperative Group for the Treatment of Digestive Tumours (TTD),OTHER,Stage IV Colorectal Cancer,Spain,,Spain
NCT01046461,"Ramosetron, Aprepitant and Dexamethasone (RAD) in Solid Cancer",UNKNOWN,Phase 2,,41,Hallym University Medical Center,OTHER,Solid Tumour; Postoperative Nausea and Vomiting,South Korea,,South Korea
NCT03314961,Lymph Node Metastases and Arterial Ligation in Rectal Cancer Surgery,Completed,Unknown,,151,Region Västmanland,OTHER,Lymph Node Metastases,Unknown,,Unknown
NCT03731442,Salvage Chemoradiation Therapy for Recurrence After Radical Surgery or Palliative Surgery in Esophageal Cancer Patients,Recruiting,Phase 3,2018-11-01,300,Chinese Academy of Medical Sciences,OTHER,Esophageal Cancer,China,2018.0,China
NCT07291986,"To Compare the Clinical Outcomes of FemtoLASIK and ICL Implantation in Treating Moderate Myopia Focusing on Refractive Stability, Contrast Sensitivity and High Order Aberrations.",Completed,Unknown,2023-01-01,60,Walid Osama Abdel Rahman Nour El Din,OTHER,"Myopia, Moderate",Egypt,2023.0,Egypt
NCT01124786,A Study Comparing CO-1.01 With Gemcitabine as First Line Therapy in Patients With Metastatic Pancreatic Adenocarcinoma (LEAP),Completed,Phase 2,,367,"Clovis Oncology, Inc.",INDUSTRY,Metastatic Pancreatic Adenocarcinoma,France; Netherlands; Brazil; Canada; Argentina; United States; Norway; Germany; United Kingdom; Belgium; Sweden; Australia; Russia; Italy; Ukraine,,France
NCT02191761,"Safety and Pharmacokinetics of SM04755 in Subjects With Advanced Colorectal, Gastric, Hepatic, or Pancreatic Cancer",Completed,Phase 1,2014-06-19,13,"Biosplice Therapeutics, Inc.",INDUSTRY,Colorectal Cancer; Gastric Cancer; Hepatic Cancer,United States,2014.0,United States
NCT00413270,Oral Nilotinib in Adults With Chronic Myeloid Leukemia (CML) in Blast Crisis Who Are Imatinib Resistant or Intolerant,NO_LONGER_AVAILABLE,Unknown,,61,Novartis Pharmaceuticals,INDUSTRY,Chronic Myelogenous Leukemia,Canada,,Canada
NCT03332173,Study of BTK Inhibitor BGB-3111 in Chinese Subjects With Relapsed/Refractory Waldenström's Macroglobulinemia (WM),Completed,Phase 2,2017-08-31,44,BeiGene,INDUSTRY,Waldenström's Macroglobulinemia (WM),China,2017.0,China
NCT02158169,Biosimilar Retacrit® in the Treatment of Chemotherapy-induced Anaemia in Oncology and Haematology,Completed,Unknown,,2167,"Hospira, now a wholly owned subsidiary of Pfizer",INDUSTRY,Chemotherapy-induced Anemia,France,,France
NCT06125769,LIver TrAnspLantation for Non-resectable Peri-HIlar cholangioCArcinoma (LITALHICA),Recruiting,Unknown,2024-01-15,50,Azienda Sanitaria Ospedaliera,OTHER,Perihilar Cholangiocarcinoma,Italy,2024.0,Italy
NCT02958683,Chest Wall Motion Analysis in Disease,Completed,Unknown,,400,Heart of England NHS Trust,OTHER,Mesothelioma; Lung Neoplasms; Surgery,United Kingdom,,United Kingdom
NCT02110069,A Study to Compare Vincristine to Sirolimus for Treatment of High Risk Vascular Tumors,Terminated,Phase 2,2017-06-14,4,Boston Children's Hospital,OTHER,Kaposiform Hemangioendothelioma (KHE); Kasabach-Merritt Syndrome; Tufted Angioma,United States,2017.0,United States
NCT04331483,"A Study to Assess a Physical Activity Program in Children, Adolescents and Young Adults Requiring Hematopoietic Stem Cell Allografts",Withdrawn,Unknown,2018-12-08,0,Centre Leon Berard,OTHER,Haematological Malignancy; Acute Leukemia; Myelodysplastic Syndromes,France,2018.0,France
NCT07020962,Effect of Laughter Therapy on Breast Cancer Patients,Not Yet Recruiting,Unknown,2025-06-25,56,Prof. Dr. Cemil Tascıoglu Education and Research Hospital Organization,OTHER,Laughter Therapy; Psychological Well-being; Breast Cancer,Unknown,2025.0,Unknown
NCT00519246,Comparison of Pain Therapeutic Effects After Benign Mastectomy,Completed,Phase 4,,2000,Nanjing Medical University,OTHER,"Pain, Postoperative; Mastectomy",China,,China
NCT02112188,Meaning-Centered Counseling for Chinese Patients Who Are Being Treated for Advanced Cancer,"Active, Not Recruiting",Unknown,,84,Memorial Sloan Kettering Cancer Center,OTHER,Advanced Cancer,United States,,United States
NCT01707888,VATS Major Lung Resection for Chinese Early-stage Non-small Cell Lung Cancer,UNKNOWN,Unknown,,500,Peking University People's Hospital,OTHER,Non-small Cell Lung Cancer,China,,China
NCT00496288,Prophylactic Irradiation to the Contralateral Breast for BRCA Mutation Carriers Undergoing Treatment for Breast Cancer,UNKNOWN,Phase 2,,240,Assaf-Harofeh Medical Center,OTHER_GOV,Breast Cancer,Israel,,Israel
NCT06861088,The Effect of Kinisoquin™ on Thromboembolic Events in Patients With Metastatic or Locally Advanced Pancreatic Cancer,Recruiting,Phase 3,2025-12-19,480,Quercis Pharma AG,INDUSTRY,Venous Thromboembolism; Metastatic Pancreatic Cancer; Locally Advanced Pancreatic Adenocarcinoma,United States,2025.0,United States
NCT06282588,Treatment of High-Risk Prostate Cancer Guided by Novel Diagnostic Radio- and Molecular Tracers,Recruiting,Phase 2,2023-12-13,493,Cancer Research Antwerp,OTHER,Prostate Cancer,Belgium,2023.0,Belgium
NCT01850888,MIBG for Refractory Neuroblastoma and Pheochromocytoma,Completed,Unknown,,15,"Masonic Cancer Center, University of Minnesota",OTHER,Relapsed Neuroblastoma; Metastatic Pheochromocytoma,United States,,United States
NCT02872103,Placebo-controlled Trial of F-627 in Women With Breast Cancer Receiving Myelotoxic Chemotherapy,Completed,Phase 3,,122,EVIVE Biotechnology,INDUSTRY,Breast Cancer; Neutropenia,United States,,United States
NCT03120403,Safety and Efficacy of Intrathecal Morphine in Children,Completed,Phase 2,2016-07-01,45,Alaa Ali Mohamed Elzohry,OTHER,Abdominal Cancer,Unknown,2016.0,Unknown
NCT00217646,"Sorafenib in Treating Patients With Refractory or Relapsed Acute Leukemia, Myelodysplastic Syndromes, or Blastic Phase Chronic Myelogenous Leukemia",Completed,Phase 1,,36,National Cancer Institute (NCI),NIH,Adult Acute Basophilic Leukemia; Adult Acute Eosinophilic Leukemia; Adult Acute Megakaryoblastic Leukemia,United States,,United States
NCT05014646,Leflunomide for the Treatment of High-Risk Smoldering Multiple Myeloma in African-American and European-American Patients,"Active, Not Recruiting",Phase 2,2022-03-07,27,City of Hope Medical Center,OTHER,Smoldering Plasma Cell Myeloma,United States,2022.0,United States
NCT02836288,Study of Oral Ketamine Versus Placebo for Treating Depression in Patients Undergoing Treatment for Cancer,Completed,Phase 1 (Early),2016-12-20,4,"Scott A. Irwin, MD, PhD",OTHER,Cancer; Depression,United States,2016.0,United States
NCT07264088,Identifying the Best Follow up Approach for People Who Have Had Treatment to Cure Newly Diagnosed Prostate Cancer,Not Yet Recruiting,Unknown,,100000,Imperial College London,OTHER,Prostate Cancer,United Kingdom,,United Kingdom
NCT00176527,"Isotretinoin, Interferon Alfa-2b, Docetaxel, and Estramustine in Treating Patients With Metastatic Prostate Cancer That Did Not Respond to Hormone Therapy",Terminated,Phase 2,,40,University of Medicine and Dentistry of New Jersey,OTHER,Prostate Cancer,United States,,United States
NCT05901142,Prehabilitation and RecOVERy From Surgery for Breast Cancer Study,"Active, Not Recruiting",Unknown,2023-06-16,34,University Hospitals of Derby and Burton NHS Foundation Trust,OTHER,Exercise; Breast Neoplasm Female,United Kingdom,2023.0,United Kingdom
NCT04688086,A Prospective Study to Evaluate Clinical Performance of Thermalytix in Detecting Breast Cancers,Completed,Unknown,2018-12-15,687,Niramai Health Analytix Private Limited,INDUSTRY,Breast Cancer; Early Detection of Cancer,India,2018.0,India
NCT03216070,Low-dose Dasatinib as First-line Treatment for Chronic Myeloid Leukemia,UNKNOWN,Phase 4,2016-04-01,12,Hospital Universitario Dr. Jose E. Gonzalez,OTHER,Chronic Myelogenous Leukemia,Mexico,2016.0,Mexico
NCT05329870,Does Genetic Susceptibility for Bleeding Affect Quantitative Faecal Immunochemical Test (qFIT) Results?,Withdrawn,Unknown,2022-05-18,0,University of Edinburgh,OTHER,Colon Cancer; Colorectal Cancer,United Kingdom,2022.0,United Kingdom
NCT02786641,Induction Chemotherapy of TPX in Nomogram-predicted High Risk Locoregionally Advanced Nasopharyngeal Carcinoma,UNKNOWN,Phase 3,,235,Sun Yat-sen University,OTHER,Nasopharyngeal Carcinoma,China,,China
NCT00588341,Phase II Trial of Neoadjuvant Temozolomide in Melanoma Patients With Palpable Stage III or IV Disease Undergoing Complete Surgical Resection,Completed,Phase 2,,24,Memorial Sloan Kettering Cancer Center,OTHER,Melanoma; Skin Cancer; Cancer,United States,,United States
NCT05966441,Role of Curcumin in Paclitaxel Induced PN,UNKNOWN,Phase 2,2023-08-30,80,Ain Shams University,OTHER,Chemotherapy-induced Peripheral Neuropathy,Unknown,2023.0,Unknown
NCT00659269,A Randomized Phase III Study of Vitamins B6 and B12 to Prevent Chemotherapy-Induced Neuropathy in Cancer Patients,Completed,Phase 3,,319,New Mexico Cancer Research Alliance,OTHER,Cancer,United States,,United States
NCT00389441,Study Of AG-013736 In Patients With 131I-Refractory Thyroid Cancer,Completed,Phase 2,,52,Pfizer,INDUSTRY,Thyroid Neoplasms,Canada; United States; Poland; Czechia; United Kingdom; China; Italy; India; Spain,,Canada
NCT02715141,Molecular Stool Testing for Colorectal Cancer Surveillance,Completed,Unknown,,3966,The Netherlands Cancer Institute,OTHER,Colorectal Cancer,Netherlands,,Netherlands
NCT05633641,Peripheral Blood Neoantigen Specific T Cells Predict the Efficacy of Immunotherapy for Esophageal Squamous Cell Carcinoma,UNKNOWN,Unknown,2022-10-19,60,Fudan University,OTHER,Esophageal Squamous Cell Carcinoma,China,2022.0,China
NCT01975454,Study of TLBZT Based Herbal Therapy Plus Chemotherapy for Metastatic Colorectal Cancer,Completed,Phase 1,,62,Shanghai University of Traditional Chinese Medicine,OTHER,Metastatic Colorectal Cancer,China,,China
NCT03994705,Descartes-11 in Patients With Relapsed/Refractory Multiple Myeloma,Terminated,Phase 1,2019-08-01,20,Cartesian Therapeutics,INDUSTRY,Multiple Myeloma,United States,2019.0,United States
NCT04397705,Remote Monitoring of Cancer Patients With Suspected Covid-19,UNKNOWN,Phase 1,2020-10-12,30,The Christie NHS Foundation Trust,OTHER,COVID; Oncology; Haematological Malignancy,United Kingdom,2020.0,United Kingdom
NCT02835066,Patient Function/Fitness and Psychosocial Health in Improving Health-Related Quality of Life in Patients With Stage I-IV Non-Small Cell Lung Cancer,Withdrawn,Unknown,,0,Wake Forest University Health Sciences,OTHER,Smoking; Lung Neoplasms,United States,,United States
NCT03760666,A Study of Brequinar in Subjects With Relapsed/Refractory Acute Myeloid Leukemia,Terminated,Phase 1,2018-12-20,17,"Clear Creek Bio, Inc.",INDUSTRY,Acute Myeloid Leukemia,United States,2018.0,United States
NCT06020066,SRS for NSCLC With Oligo-residual Intracranial Disease After First-line 3rd Generation EGFR-TKI,"Active, Not Recruiting",Phase 2,2023-08-10,202,Fudan University,OTHER,Brain Metastases; Non-small Cell Lung Cancer,China,2023.0,China
NCT00785356,Safety and Efficacy of Proellex in Pre-Menopausal Anemic Women With Symptomatic Uterine Fibroids,Terminated,Phase 3,,8,Repros Therapeutics Inc.,INDUSTRY,Uterine Fibroids; Anemia,Mexico,,Mexico
NCT03257722,Pembrolizumab + Idelalisib for Lung Cancer Study,Terminated,Phase 1,2017-09-26,4,Asha Nayak,OTHER,Non Small Cell Lung Cancer; Metastasis; Recurrence,United States,2017.0,United States
NCT01981122,A Study of Sipuleucel-T With Administration of Enzalutamide in Men With Metastatic Castrate-Resistant Prostate Cancer,Completed,Phase 2,,52,Dendreon,INDUSTRY,Metastatic Prostate Cancer,United States,,United States
NCT06478251,T Cell Receptor Gene-Engineered T Cell Therapy Targeting KRAS Mutations in the Treatment of Subjects With Advanced Solid Tumor,Recruiting,Phase 1,2024-02-01,9,TingBo Liang,OTHER,"Tumor, Solid",China,2024.0,China
NCT01578551,Study of Metformin Plus Paclitaxel/Carboplatin/Bevacizumab in Patients With Adenocarcinoma.,Terminated,Phase 2,,25,Sidney Kimmel Comprehensive Cancer Center at Johns Hopkins,OTHER,"Carcinoma, Non-Small-Cell Lung; Lung Adenocarcinoma",United States,,United States
NCT04616651,Patient-centered Development of the Cancer Support Community's Open to Options ®Chatbot Program,Terminated,Unknown,2021-03-25,18,University of Michigan Rogel Cancer Center,OTHER,Cancer,United States,2021.0,United States
NCT01191931,Prostate HistoScanning for the Non-invasive Detection and Staging of Prostate Cancer and Characterization of Prostate Tissues (PHS-02),Completed,Unknown,,52,Advanced Medical Diagnostics s.a.,INDUSTRY,Prostate Cancer,Germany; Czechia; United Kingdom; Belgium; Hungary,,Germany
NCT00003231,Combination Chemotherapy Followed by Surgery in Treating Patients With Non-small Cell Lung Cancer,Completed,Phase 2,,40,Swiss Cancer Institute,OTHER,Lung Cancer,Switzerland,,Switzerland
NCT06003231,A Study of Disitamab Vedotin in Previously Treated Solid Tumors That Express HER2,"Active, Not Recruiting",Phase 2,2023-11-14,120,"Seagen, a wholly owned subsidiary of Pfizer",INDUSTRY,"Carcinoma, Non-Small-Cell Lung; Ovarian Neoplasms; Endometrial Neoplasms",Canada; United States; United Kingdom; South Korea; Australia; Italy; Spain,2023.0,Canada
NCT04475731,Ponatinib in Adult Ph+ ALL Patients With MRD Positivity or Hematological Relapse,"Active, Not Recruiting",Phase 2,2021-05-04,67,Gruppo Italiano Malattie EMatologiche dell'Adulto,OTHER,"Philadelphia-Positive ALL; Acute Lymphoblastic Leukemia, in Relapse",Italy,2021.0,Italy
NCT02608437,A Study Investigating SGI-110 in Combination With Ipilimumab in Unresectable or Metastatic Melanoma Patients,UNKNOWN,Phase 1,,19,Italian Network for Tumor Biotherapy Foundation,OTHER,Metastatic Melanoma,Italy,,Italy
NCT00433537,Combination Chemotherapy and Rituximab in Treating Patients With Untreated Mantle Cell Lymphoma,Completed,Phase 2,,77,National Cancer Institute (NCI),NIH,Contiguous Stage II Mantle Cell Lymphoma; Noncontiguous Stage II Mantle Cell Lymphoma; Stage I Mantle Cell Lymphoma,United States,,United States
NCT04059237,Pilot Study of a Decision Aid Intervention for Family-building After Cancer,Completed,Unknown,2020-01-06,102,Stanford University,OTHER,Cancer,United States,2020.0,United States
NCT06418945,Clinical Study on the Effect of Removal of Porphyromonas Gingivalis on Prognosis of Esophageal Cancer After Radical Surgery,Not Yet Recruiting,Phase 3,2024-08-01,500,The First Affiliated Hospital of Henan University of Science and Technology,OTHER,Evaluate the DFS of Patients With Esophageal Cancer Who Underwent Radical Operation After Regular Removal of Porphyromonas Gingivalis,Unknown,2024.0,Unknown
NCT03343145,"A Study to Evaluate the Efficacy, Safety and Immunogenicity of Leucostim® Versus Neupogen® in Breast Cancer Patients",Completed,Phase 3,2017-01-12,143,"Dong-A ST Co., Ltd.",INDUSTRY,Breast Cancer,Indonesia,2017.0,Indonesia
NCT04389502,Efficacy of a Mobile Clinical Decision Support System (CaPtyVa CCR App) to Improve Performance of Gastroenterology and Coloproctology Specialists in Colorectal Cancer Screening and Surveillance According to Guideline Recommendations: A Randomized Clinical Trial.,UNKNOWN,Unknown,2020-05-15,200,Hospital Aleman,OTHER,Colorectal Cancer,Argentina,2020.0,Argentina
NCT06668402,Study of Daily Step Count and Treatment Response in Rectal Cancer (STEP-R),"Active, Not Recruiting",Unknown,2024-10-30,100,Gazi University,OTHER,Exercise; Total Neoadjuvant Treatment; Rectal Tumors,Turkey (Türkiye),2024.0,Turkey (Türkiye)
NCT07539753,Brain Radiotherapy Combined With Dalpiciclib and Endocrine Therapy in HR-Positive/HER2-Negative Advanced Breast Cancer With Brain Metastases,Not Yet Recruiting,Phase 2,2026-06-01,46,"Nanfang Hospital, Southern Medical University",OTHER,Breast Cancer; Brain Metastases; HR+/HER2- Breast Cancer,China,,China
NCT05150353,Detection of Amyloid Deposits in the Wrist by MRI With Mapping and High Resolution Sequences in Systemic Amyloidosis (AMYLOCARP),UNKNOWN,Unknown,2020-01-24,140,Ramsay Générale de Santé,OTHER,Amyloid; Systemic Amyloidosis,France,2020.0,France
NCT01286753,A Study of Vemurafenib (RO5185426) in Participants With Metastatic or Unresectable Papillary Thyroid Cancer Positive for the BRAF V600 Mutation,Completed,Phase 2,,51,Hoffmann-La Roche,INDUSTRY,Neoplasms,United States; Italy; Netherlands; France,,United States
NCT00899353,Prevention of Disease Progression in Early Stage Indolent B Cell Malignancies. (SMM),Terminated,Phase 2,,16,Marshall University,OTHER,Monoclonal Gammopathy of Undetermined Significance; Smoldering Multiple Myeloma; Chronic Lymphocytic Leukemia,United States,,United States
NCT05013437,Melphalan on Disease Burden Measured by Next Generation Sequencing Before AHCT (Autologous Hematopoietic Cell Transplant) for Multiple Myeloma,Withdrawn,Phase 1 (Early),,0,Koen van Besien,OTHER,Multiple Myeloma,United States,,United States
NCT01238237,Super-Selective Intraarterial Cerebral Infusion of Cetuximab (Erbitux) for Treatment of Relapsed/Refractory GBM and AA,Completed,Phase 1,,15,Northwell Health,OTHER,Glioblastoma Multiforme (GBM); ANAPLASTIC ASTROCYTOMA (AOA); GBM,United States,,United States
NCT02743637,A Dose Escalation Study of SDX-7320 in Patients With Advanced Refractory or Late-Stage Solid Tumors,Completed,Phase 1,,32,"SynDevRx, Inc.",INDUSTRY,Advanced Malignancy; Advanced Solid Tumors; Neoplasm,United States,,United States
NCT04571437,Letrozole and Metronomic Capecitabine in ER-positive HER2 Negative Advanced Breast Cancer (B-001 Study),UNKNOWN,Phase 2,2020-03-01,204,Cairo University,OTHER,Breast Cancer; Estrogen Receptor-positive Breast Cancer; Metastatic Breast Cancer,Egypt,2020.0,Egypt
NCT07405645,Stereotactic MRI-guided Focused Ultrasound Mesencephalotomy,Recruiting,Unknown,2026-02-15,20,University of Virginia,OTHER,Head Neck Cancer; Squamous Cell Cancer of Head and Neck (SCCHN); Cancer Pain,United States,,United States
NCT07455045,A Phase I Study of FZ-AD005 in Patients With High-Grade Glioma (HGG),Not Yet Recruiting,Phase 1,2026-03-01,40,"Shanghai Fudan-Zhangjiang Bio-Pharmaceutical Co., Ltd.",INDUSTRY,High Grade Glioma (III or IV); Diffuse Midline Glioma (DMG); Glioblastoma (GBM),China,,China
NCT01305772,Identification of Gene Expression Signature for Panitumumab Sensitivity in Untreated Locally Advanced SCCHN,Terminated,Phase 2,,6,Neal Ready,OTHER,Squamous Cell Carcinoma of the Head and Neck,United States,,United States
NCT05651672,Pemigatinib in the Advanced Gastrointestinal Cancer With FGFR 1-3 Alterations,Recruiting,Phase 2,2022-12-02,100,Tianjin Medical University Cancer Institute and Hospital,OTHER,Gastrointestinal Cancer,China,2022.0,China
NCT05797246,Bevacizumab in Adults With Recurrent Respiratory Papillomatosis (RRP),"Active, Not Recruiting",Phase 2,2023-08-02,21,National Cancer Institute (NCI),NIH,Respiratory Tract Diseases; Neoplasms; Neoplasms by Histologic Type,United States,2023.0,United States
NCT02137746,Study to Allow for Second Treatment Cycle of DCVAC in Patients With Localized Prostate Cancer,Completed,Phase 2,,24,SOTIO a.s.,INDUSTRY,Prostate Cancer,Czechia,,Czechia
NCT00030446,"Erlotinib and Carboplatin in Recurrent Ovarian, Fallopian Tube, or Primary Peritoneal Cancer",Completed,Phase 2,2002-01-10,50,NCIC Clinical Trials Group,NETWORK,Fallopian Tube Cancer; Ovarian Cancer; Peritoneal Cavity Cancer,Canada,2002.0,Canada
NCT00392327,"Chemotherapy and Radiation Therapy in Treating Young Patients With Newly Diagnosed, Previously Untreated, High-Risk Medulloblastoma/PNET","Active, Not Recruiting",Phase 3,2007-05-23,379,Children's Oncology Group,NETWORK,Anaplastic Medulloblastoma; Medulloblastoma,Canada; United States; Puerto Rico; Australia; Netherlands,2007.0,Canada
NCT01318161,Epidural Versus Patient-controlled Analgesia for Reduction in Long-term Mortality Following Colorectal Cancer Surgery,Terminated,Phase 3,,221,"Örebro University, Sweden",OTHER,Colorectal Cancer; Pain; Other Complications,Sweden,,Sweden
NCT02935361,Guadecitabine and Atezolizumab in Treating Patients With Advanced Myelodysplastic Syndrome or Chronic Myelomonocytic Leukemia That Is Refractory or Relapsed,"Active, Not Recruiting",Phase 1,2016-11-02,33,University of Southern California,OTHER,Chronic Myelomonocytic Leukemia; Myelodysplastic Syndrome; Recurrent Acute Myeloid Leukemia With Myelodysplasia-Related Changes,United States,2016.0,United States
NCT01366586,Confocal Laser Endomicroscopy for in Vivo Molecular Imaging of Gastric Cancer by Targeting MG7-Ag,Completed,Unknown,,5,Shandong University,OTHER,Gastric Cancer,China,,China
NCT02179970,"To Assess the Safety of Continuous IV Administration of Plerixafor in Patients With Advanced Pancreatic, Ovarian and Colorectal Cancers",Completed,Phase 1,,26,CCTU- Cancer Theme,OTHER,Pancreatic Adenocarcinoma Metastatic; Ovarian Serous Adenocarcinoma; Colorectal Cancer Metastatic,United Kingdom,,United Kingdom
NCT05207670,"A Study Evaluating the Safety, Efficacy, and Pharmacokinetics of Mosunetuzumab Monotherapy in Participants With Select B-Cell Malignancies","Active, Not Recruiting",Phase 2,2022-02-01,320,"Genentech, Inc.",INDUSTRY,Non-Hodgkin Lymphoma,United States,2022.0,United States
NCT05526573,Diagnostic Yeld of Ultrathin Bronchoscopy in Peripheral Pulmonary Lesions,UNKNOWN,Unknown,2022-07-14,148,Azienda Sanitaria-Universitaria Integrata di Udine,OTHER,Lung Cancer; Lung; Node; Lung Diseases,Italy,2022.0,Italy
NCT00747773,Cryospray Ablation of Surgical Resection Specimens To Determine Safety And Histological Effect In The Lung,Completed,Phase 4,,21,"CSA Medical, Inc.",INDUSTRY,Lung Cancer,United States,,United States
NCT06783569,A First-in-Human Escalation and Expansion Study of Patients With Advanced Solid Tumors,Recruiting,Phase 1,2024-12-31,94,JiaRay Group,INDUSTRY,Solid Tumors; Gastric Cancer; Esophagogastric Juction Cancer,China,2024.0,China
NCT06331169,Anlotinib With Trastuzumab Deruxtecan for Previously Treated HER2-Low Advanced Breast Cancer,Recruiting,Phase 1,2024-07-31,42,Fudan University,OTHER,Breast Cancer,China,2024.0,China
NCT01250483,Effects of Alpha Blockers on Prostate-specific Antigen (PSA) Change in Men With Lower Urinary Tract Symptoms (LUTS),Completed,Unknown,,174,Seoul National University Hospital,OTHER,Benign Prostatic Hyperplasia; Prostate Cancer,South Korea,,South Korea
NCT07130383,A Study of MHB036C Combined With MHB039A in Patients With Advanced Breast Cancer or Other Advanced Malignant Solid Tumors,Recruiting,Phase 2,2025-09-30,210,Minghui Pharmaceutical (Hangzhou) Ltd,INDUSTRY,Advanced Breast Cancer; Advanced Malignant Solid Tumor,China,2025.0,China
NCT04014283,Prevention of Female Cancers by Optimization of Selenium Levels in the Organism.,UNKNOWN,Unknown,,7000,Read-Gene S.A.,OTHER,Breast Neoplasms,Poland,,Poland
NCT01156883,Combination Chemotherapy in Treating Young Adult Patients With Acute Lymphoblastic Leukemia,Completed,Unknown,,76,Gruppo Italiano Malattie EMatologiche dell'Adulto,OTHER,Leukemia,Italy,,Italy
NCT06900283,Quality of Life as a Predictor of OS and PFS in Patients With Lung Cancer,"Active, Not Recruiting",Unknown,2021-01-01,320,"Instituto Nacional de Cancerologia, Columbia",OTHER_GOV,"Lung Cancers; Lung Cancer, Non-Small Cell",Colombia,2021.0,Colombia
NCT07459283,"The Safety, Dosimetry and Efficacy of 177Lu-INN805 in Patients With Malignant Solid Tumors",Not Yet Recruiting,Phase 1 (Early),,10,"FindCure Biosciences (ZhongShan) Co., Ltd.",INDUSTRY,Maligant Solid Tumor; Head & Neck Cancer; Thyroid Cancer,China,,China
NCT04404283,Brentuximab Vedotin Plus Lenalidomide and Rituximab for the Treatment of Relapsed/Refractory DLBCL,"Active, Not Recruiting",Phase 3,2020-08-20,239,"Seagen, a wholly owned subsidiary of Pfizer",INDUSTRY,Diffuse Large B-cell Lymphoma,France; Denmark; Canada; United States; Poland; Czechia; United Kingdom; Belgium; South Korea; Australia; Switzerland; Taiwan; Italy; Spain,2020.0,France
NCT00819169,"QUILT-3.026: AMG 655 in Combination With AMG 479 in Advanced, Refractory Solid Tumors",Terminated,Phase 1,2009-01-16,89,"NantCell, Inc.",INDUSTRY,Colorectal Cancer; Locally Advanced; Metastatic Cancer,Unknown,2009.0,Unknown
NCT01812369,Perioperative Chemotherapy for Patients With Locally Advanced Bladder Cancer,Completed,Phase 3,,500,"University Hospital, Rouen",OTHER,Bladder Cancer,France,,France
NCT03816683,A Disease Registry of Patients With Mantle Cell Lymphoma,Completed,Unknown,2019-04-01,227,AstraZeneca,INDUSTRY,Mantle Cell Lymphoma,United States,2019.0,United States
NCT00064883,Radiation Therapy and the Natural History of Childhood Cancers,Completed,Unknown,2003-07-28,241,National Cancer Institute (NCI),NIH,Cancer; Childhood Malignancy,United States,2003.0,United States
NCT03002454,Sodium Pertechnetate (99Tc) Injection Generator: 99mTc From Neutron-activation 99Mo v 99mTc From Fission 99Mo,Terminated,Phase 3,,4,University of Manitoba,OTHER,Cancer of Bone,Canada,,Canada
NCT03172754,Study of Nivolumab and Axitinib in Patients With Advanced Renal Cell Carcinoma,"Active, Not Recruiting",Phase 1,2017-06-12,98,Fox Chase Cancer Center,OTHER,Renal Cell Carcinoma,United States,2017.0,United States
NCT03980054,A Study of Evaluating The Effects Of Pyrotinib After Adjuvant Trastuzumab In Women With Early Stage Breast Cancer,UNKNOWN,Phase 3,2019-07-12,1192,"Jiangsu HengRui Medicine Co., Ltd.",INDUSTRY,Breast Cancer,China,2019.0,China
NCT04929054,PCR Based CEUS in BI RADS 4A Nodules,UNKNOWN,Unknown,2019-04-01,260,"Second Affiliated Hospital, School of Medicine, Zhejiang University",OTHER,PCA; Breast Cancer,China,2019.0,China
NCT02029105,Serum Biomarkers in Diagnosis of Mesothelioma,Completed,Unknown,,230,Eskisehir Osmangazi University,OTHER,Mesothelioma,Turkey (Türkiye),,Turkey (Türkiye)
NCT03245905,Study of Chidamide as a Single-agent Treatment for Patients With Relapse or Refractory B-NHL,UNKNOWN,Phase 2,2017-08-20,100,Sun Yat-sen University,OTHER,Relapsed or Refractory B-cell Non-Hodgkin's Lymphoma (NHL),China,2017.0,China
NCT00114205,Surgery and Intrapleural Docetaxel in Treating Patients With Malignant Pleural Effusion,Completed,Phase 1,,24,University of Virginia,OTHER,Metastatic Cancer,United States,,United States
NCT05132205,Radiofrequency Ablation of Papillary Thyroid Microcarcinoma,Completed,Unknown,2021-12-17,10,Johns Hopkins University,OTHER,Papillary Thyroid Cancer,United States,2021.0,United States
NCT00697905,Combination of Gemcitabine and Carboplatin in Metastatic or Recurrent Nasopharyngeal Carcinoma,Completed,Phase 2,,18,"Ministry of Health, Malaysia",OTHER_GOV,Nasopharyngeal Carcinoma,Malaysia,,Malaysia
NCT05928156,Multiple Myeloma/Chronic Lymphocytic Leukemia Coach RCT,Completed,Unknown,2020-12-17,77,Duke University,OTHER,Multiple Myeloma; Chronic Lymphocytic Leukemia,United States,2020.0,United States
NCT01404156,Preoperative Chemotherapy vs. Chemoradiation in Esophageal / GEJ Adenocarcinoma,Completed,Phase 2,,29,Dr. Gordon Buduhan,OTHER,"Esophageal Cancer; Adenocarcinoma, Esophageal; Adenocarcinoma, Gastroesophageal Junction",Canada,,Canada
NCT01658956,Effectiveness of Reduced GCSF Dosing in Patients With a Low to Moderate Risk of Febrile Neutropenia,UNKNOWN,Phase 2,,142,Jules Bordet Institute,OTHER,Breast Cancer,Belgium,,Belgium
NCT06415851,Chemotherapy Plus Bevacizumab and Anti-PD-1 Followed by Induction Therapy of Chemotherapy Plus Bevacizumab,Not Yet Recruiting,Phase 2,2024-06-01,36,Zhangfa Song,OTHER,Metastatic Colorectal Cancer; MSS,China,2024.0,China
NCT04389151,Triplezumab Combined With CAPEOX Regimen in Neoadjuvant Therapy for Locally Advanced Colon Cancer,UNKNOWN,Phase 2,2020-03-04,30,The First Affiliated Hospital of Xiamen University,OTHER,Locally Advanced Colon Cancer,China,2020.0,China
NCT03485651,Natera Ovarian Cancer Detection Assay,Terminated,Unknown,2017-12-14,12,"Natera, Inc.",INDUSTRY,Adnexal Mass,United States,2017.0,United States
NCT01274351,Study of Nilotinib as First Line Treatment in Philadelphia Chromosome Positive(Ph+) Chronic Myelogenous Leukemia in Chronic Phase (CML-CP),Completed,Phase 2,2011-01-25,112,Novartis Pharmaceuticals,INDUSTRY,Chronic Myelogenous Leukemia,Turkey (Türkiye),2011.0,Turkey (Türkiye)
NCT04746729,Health Effects of CArdiac FluoRoscopy and MOderN RadIotherapy in PediatriCs - Radiotherapy,Recruiting,Unknown,2021-01-11,2670,"Institut National de la Santé Et de la Recherche Médicale, France",OTHER_GOV,Neoplasms,France; Denmark; Belgium; Germany,2021.0,France
NCT00075829,Stem Cell Transplantation in Individuals With Multiple Myeloma (BMT CTN 0102),Completed,Phase 3,,710,"National Heart, Lung, and Blood Institute (NHLBI)",NIH,Multiple Myeloma,United States,,United States
NCT00536029,MicroRNA Expression and Function in Cutaneous Malignant Melanoma,Completed,Unknown,,68,"Rigshospitalet, Denmark",OTHER,Melanoma,Denmark,,Denmark
NCT06792929,The Effect of Virtual Reality Applications,Not Yet Recruiting,Unknown,2025-02-25,100,Dicle University,OTHER,Thyroid Cancer; Virtual Reality Therapy; Ultrasound,Turkey (Türkiye),2025.0,Turkey (Türkiye)
NCT05842629,Improved Diagnosis of Ovarian Cancer,Recruiting,Unknown,2021-05-15,1700,University of Aarhus,OTHER,Ovarian Neoplasms; Ovarian Cancer; Ovarian Cysts,Denmark,2021.0,Denmark
NCT07023731,A Study to Evaluate ARV-806 in Adults With Advanced Cancer That Has the KRAS G12D Mutation,Recruiting,Phase 1,2025-05-29,159,Arvinas Inc.,INDUSTRY,KRAS G12D Mutation; Advanced Solid Cancer,United States,2025.0,United States
NCT00705731,Adherence and the Economics of Colon Cancer Screening,Completed,Unknown,,1000,"University of California, San Francisco",OTHER,Colorectal Cancer Screening,United States,,United States
NCT00709631,Interest of a Systematic Biopsy for Hard-to-heal Leg Ulcers,Completed,Unknown,,155,Assistance Publique - Hôpitaux de Paris,OTHER,Chronic Leg Ulcers,France,,France
NCT02800031,IOTA Versus Pattern Recognition Method in Diagnosis of Ovarian Masses,Completed,Unknown,,396,"Woman's Health University Hospital, Egypt",OTHER,Gynecology,Egypt,,Egypt
NCT00638937,AZD0530 to Treat Recurrent Stage IIIB/IV NSCLC Previously Treated With Combination Chemotherapy,Completed,Phase 2,,37,National Cancer Institute (NCI),NIH,Recurrent Non-small Cell Lung Cancer; Stage IIIB Non-small Cell Lung Cancer; Stage IV Non-small Cell Lung Cancer,Canada,,Canada
NCT00503737,Pilot Study of the National Colorectal Cancer Roundtable Toolbox (NCCRT) to Increase Colorectal Cancer Screening Rates,Completed,Unknown,,287,Milton S. Hershey Medical Center,OTHER,Colorectal Cancer Screening,United States,,United States
NCT06886672,Genetic Susceptibility in MAlignant Pleural Mesothelioma: Clinical Implication of GermliNE variaTionS,Recruiting,Unknown,2023-06-15,60,Fondazione IRCCS Policlinico San Matteo di Pavia,OTHER,"Mesothelioma, Malignant Pleural",Italy,2023.0,Italy
NCT04096872,Clinical Application of Laparo-endoscopic Single-site Surgery and Natural Orifice Transluminal Endoscopic in Gynecology,UNKNOWN,Unknown,2017-11-01,9000,Peking Union Medical College Hospital,OTHER,"Cervical Cancer, Endometrial Cancer，Endometrial Lesion & Adnexal Lesion，Ectopic Pregnancy & Infertility，Pelvic Obstructive Disorder & Genital Tract Deformity",China,2017.0,China
NCT07164872,Neoadjuvant Chemotherapy Combined With Preoperative Radiotherapy for Locally Advanced Breast Cancer,Not Yet Recruiting,Unknown,2025-10-01,50,"Cancer Institute and Hospital, Chinese Academy of Medical Sciences",OTHER,Breast Cancer,Unknown,2025.0,Unknown
NCT02159872,Omacetaxine in Patients With Intermediate-1 and Higher Risk Myelodysplastic Syndrome (MDS) Post Hypomethylating Agent (HMA) Failure,Completed,Phase 2,2015-05-18,48,M.D. Anderson Cancer Center,OTHER,Leukemia,United States,2015.0,United States
NCT00200395,"OSI-774 (Erlotinib, Tarceva) in Elderly Patients",Completed,Phase 2,2003-07-02,30,Montefiore Medical Center,OTHER,Non-Small Cell Lung Cancer,United States,2003.0,United States
NCT02344095,A Trial of Weekly Paclitaxel With Oncothermia and Weekly cisPlatin With Oncothermia in Patients With Recurrent or Persistent Ovarian Cancer,Completed,Phase 1,,12,Seoul National University Hospital,OTHER,Epithelial Ovarian Carcinoma; Fallopian Tube Carcinoma; Primary Peritoneal Carcinoma,South Korea,,South Korea
NCT05683795,PelvEx - Beating the Empty Pelvis Syndrome,UNKNOWN,Unknown,2023-01-03,150,University of Southampton,OTHER,Empty Pelvis Syndrome; Pelvic Exenteration; Pelvic Neoplasm,United Kingdom,2023.0,United Kingdom
NCT00053339,Trastuzumab With or Without Tamoxifen in Treating Women With Progressive Stage IV Breast Cancer,Withdrawn,Phase 3,,0,Alliance for Clinical Trials in Oncology,OTHER,Stage IV Breast Cancer; Recurrent Breast Cancer,Unknown,,Unknown
NCT00312520,Pulse Steroids Versus Oral Steroids in Problematic Hemangiomas of Infancy,Completed,Phase 3,,20,The Hospital for Sick Children,OTHER,Hemangiomas,Canada,,Canada
NCT02420223,Study of Propranolol to Decrease Gene Expression of Stress-Mediated Beta-Adrenergic Pathways in HCT Recipients,Completed,Phase 2,2015-07-17,25,Medical College of Wisconsin,OTHER,Multiple Myeloma,United States,2015.0,United States
NCT04077359,Prospective Trial for Examining Hematuria Using Computed Tomography,Completed,Unknown,2019-09-15,300,Oslo University Hospital,OTHER,Urothelial Carcinoma; Renal Cell Carcinoma; Renal Cyst,Norway,2019.0,Norway
NCT00580359,S-1 vs Capecitabine in the Elderly and/or Poor Performance Status Patients With Recurrent or Metastatic Gastric Cancer,UNKNOWN,Phase 2,,96,"National Cancer Center, Korea",OTHER_GOV,Stomach Neoplasms,South Korea,,South Korea
NCT03645980,DKN-01 Inhibition in Advanced Liver Cancer,UNKNOWN,Phase 1,2018-10-10,70,Johannes Gutenberg University Mainz,OTHER,Hepatocellular Carcinoma,Germany,2018.0,Germany
NCT04795180,Pilot Randomized Evaluation of Butyrate Irrigation Before Ileostomy Closure on the Colonic Mucosa in Rectal Cancer Patients (BUTYCLO),Completed,Phase 2,2013-12-10,45,Institut d'Investigació Biomèdica de Girona Dr. Josep Trueta,OTHER,Rectal Cancer,Spain,2013.0,Spain
NCT04709380,Phase III RCT of Radiotherapy Plus Toripalimab Versus Sorafenib in Advanced Hepatocellular Carcinoma With PVTT,Terminated,Phase 3,2021-03-02,36,"Cancer Institute and Hospital, Chinese Academy of Medical Sciences",OTHER,Radiotherapy; Toripalimab; Sorafenib,China,2021.0,China
NCT04074096,Binimetinib Encorafenib Pembrolizumab +/- Stereotactic Radiosurgery in BRAFV600 Melanoma With Brain Metastasis,"Active, Not Recruiting",Phase 2,2022-09-05,10,UNICANCER,OTHER,Malignant Melanoma; BRAF V600 Mutation; Brain Metastases,France,2022.0,France
NCT04804696,Toripalimab with Paclitaxel and Cisplatin As Neoadjuvant Treatment for Esophageal Squamous Cell Carcinoma,Terminated,Phase 2,2021-02-10,10,Peking University,OTHER,Esophageal Squamous Cell Cancer,China,2021.0,China
NCT04867096,"Supervised Exercise, Sleep in Patients With Non Metastatic Breast Cancer",UNKNOWN,Unknown,2021-04-08,60,Centre Hospitalier Universitaire de Besancon,OTHER,Breast Cancer,France,2021.0,France
NCT04913896,CT and MRI in Prediction of Response in Patients With Gastric Cancer Following Neoadjuvant Chemotherapy and/or Immunotherapy,UNKNOWN,Unknown,2021-06-01,200,The First Hospital of Jilin University,OTHER,"Gastric Cancer; Magnetic Resonance Imaging; Tomography, X-Ray Computed",Unknown,2021.0,Unknown
NCT02178462,Biomarkers for Gynecologic Cancer,UNKNOWN,Unknown,,153,"Ajinomoto Co., Inc.",INDUSTRY,Ovarian Cancer; Endometrial Cancer; Benign Gynecological Disease,United States,,United States
NCT03480646,ProSTAR: A Study Evaluating CPI-1205 in Patients With Metastatic Castration Resistant Prostate Cancer,Completed,Phase 1,2017-11-15,175,Constellation Pharmaceuticals,INDUSTRY,Metastatic Castration Resistant Prostate Cancer (mCRPC),United States,2017.0,United States
NCT05570188,Anti-CD19 Universal CAR-NK Cells Therapy Combined With HSCT for B Cell Hematologic Malignancies,Withdrawn,Phase 1,2022-10-01,0,Kunming Hope of Health Hospital,OTHER,B-cell Lymphoma; B-cell Leukemia,China,2022.0,China
NCT06042946,Microsurgical Resection of Intramedullary Spinal Cord Metastases,Recruiting,Unknown,2023-09-01,60,Cantonal Hospital of St. Gallen,OTHER,Spinal Cord Metastasis; Spinal Cord Tumor Malignant Intramedullary; Functional Outcome,Switzerland,2023.0,Switzerland
NCT01851746,A Study of Docetaxel and Lobaplatin Versus Docetaxel and Carboplatin Combination Regimen in Patients With Platinum-sensitive (>6 Months) Relapsed Ovarian Cancer,UNKNOWN,Unknown,,200,Wuhan University,OTHER,Recurrent Ovarian Cancer,China,,China
NCT05243888,Efficacy of Strategies Involving Self-sampling to Reach Women Not Participating in Regular Cervical Cancer Screening,"Active, Not Recruiting",Unknown,2022-03-09,15000,Centre Regional de Coordination des Depistages des Cancer - Pays de la Loire,OTHER,Cancer Screening Test,France,2022.0,France
NCT04211727,Affinity: Hospital Trial,Completed,Unknown,2020-10-26,247,Entia Ltd,INDUSTRY,Cancer,United Kingdom,2020.0,United Kingdom
NCT04479527,Evaluation Effectiveness and Safety of (cTACE or DEB-TACE + FOLFOX Regimen HAIC) Combined With Camrelizumab and Apatinib Mesylas in the Treatment of Advanced Hepatocellular Carcinoma,UNKNOWN,Phase 2,,34,Peking University Cancer Hospital & Institute,OTHER,Hepatocellular Carcinoma,Unknown,,Unknown
NCT06508827,Intravenous Iron in Combination With Standard of Care Immunotherapy in Melanoma,Withdrawn,Phase 2,,0,Indiana University,OTHER,"Anemia, Iron Deficiency; Melanoma",Unknown,,Unknown
NCT00293527,Interferon Alpha-2b (Intron A) for Metastatic or Unresectable Clear Cell Renal Carcinoma,Withdrawn,Phase 2,,0,Ohio State University Comprehensive Cancer Center,OTHER,Renal Cancer,Unknown,,Unknown
NCT01717261,Single Pre-Operative Radiation Therapy (SPORT) for Low Risk Breast Cancer,Completed,Phase 1,,10,Maisonneuve-Rosemont Hospital,OTHER,Breast Cancer,Canada,,Canada
NCT00002961,Chemotherapy With or Without Total-Body Irradiation Prior to Bone Marrow Transplantation in Treating Children With Acute Lymphoblastic Leukemia,Terminated,Phase 3,,43,Children's Hospital of Philadelphia,OTHER,Leukemia,United States; Canada,,United States
NCT04223570,Portable Measurement of Protoporphyrin IX in the Skin,Completed,Unknown,2022-12-01,219,Dartmouth-Hitchcock Medical Center,OTHER,Photodynamic Therapy; Protoporphyrin IX,United States,2022.0,United States
NCT04106973,Mesothelioma Early Detection by VOCs,Terminated,Unknown,2019-06-05,12,Henry Ford Health System,OTHER,Pleural Mesothelioma; Asbestos Exposure; Pleural Plaque,United States,2019.0,United States
NCT03293173,Biomarker Driven Intensified ChemoImmunotherapy With Early CNS Prophylaxis,"Active, Not Recruiting",Phase 2,2017-08-04,120,Nordic Lymphoma Group,NETWORK,"Lymphoma, Large B-Cell, Diffuse",Denmark; Finland; Norway; Sweden,2017.0,Denmark
NCT06546969,Chemoimmunotherapy Combined With Hyperthermia and Spatially-Fractionated Radiotherapy in Advanced Biliary Tract Cancer,Recruiting,Phase 1,2024-10-29,15,"University of Maryland, Baltimore",OTHER,Biliary Tract Cancer; Cholangiocarcinoma,United States,2024.0,United States
NCT00609869,Lenalidomide in Comb w/Rituximab for Pts w/CD5+/CD20+ Hem Malignancies Who Relapse/Progress After Rituximab,Completed,Phase 2,,29,H. Lee Moffitt Cancer Center and Research Institute,OTHER,Lymphocytic Leukemia; Mantle Cell Lymphoma,United States,,United States
NCT04214769,Effect of Radiation Therapy Among Head and Neck Cancer Patients on the Inner Ear Function,UNKNOWN,Unknown,2020-03-01,17,Tel-Aviv Sourasky Medical Center,OTHER_GOV,Head and Neck Cancer Patients Treated With Radiotherapy,Unknown,2020.0,Unknown
NCT01194869,Preoperative Trial of Sorafenib in Combination With Cisplatin Followed by Paclitaxel for Early Stage Breast Cancer,Terminated,Phase 2,,25,Emory University,OTHER,Breast Cancer,United States,,United States
NCT03941769,2018-0674 - IL-7 for T-Cell Recovery Post Haplo and CB Transplant - Phase I/II,Completed,Phase 1,2020-09-29,1,M.D. Anderson Cancer Center,OTHER,"Acute Myeloid Leukemia; Chronic Myelogenous Leukemia, BCR-ABL1 Positive; Cord Blood Transplant Recipient",United States,2020.0,United States
NCT01337869,Bascom Cleft Lift Versus Limberg Flap for Sacrococcygeal Pilonidal Sinus,UNKNOWN,Unknown,,60,Trabzon Numune Training and Research Hospital,OTHER_GOV,Pilonidal Sinus,Turkey (Türkiye),,Turkey (Türkiye)
NCT04158141,Testing the Addition of Targeted Radiation Therapy to Surgery and the Usual Chemotherapy Treatment (Pemetrexed and Cisplatin [or Carboplatin]) for Stage I-IIIA Malignant Pleural Mesothelioma,Terminated,Phase 3,2020-01-29,16,NRG Oncology,OTHER,Pleural Biphasic Mesothelioma; Pleural Epithelioid Mesothelioma; Stage I Pleural Malignant Mesothelioma AJCC v8,United States,2020.0,United States
NCT04052854,"A Single-Arm, Expanded Access Study of Zanubrutinib in Participants With B-cell Malignancies",NO_LONGER_AVAILABLE,Unknown,,61,BeiGene,INDUSTRY,Waldenström Macroglobulinemia,United States,,United States
NCT02693405,Executive and Socio-cognitive Functions in Survivors of Primary Brain Tumor: Impact on Patients' Quality of Life,UNKNOWN,Unknown,,160,"University Hospital, Angers",OTHER_GOV,Primary Brain Tumor; Neurocognition; Quality of Life,France,,France
NCT02906605,"A Study of the Clinical Activity and Safety of JNJ-64041809, a Live Attenuated Listeria Monocytogenes Immunotherapy, in Combination With Apalutamide Versus Apalutamide in Subjects With Metastatic Castration-resistant Prostate Cancer",Withdrawn,Phase 2,,0,"Janssen Research & Development, LLC",INDUSTRY,"Prostatic Neoplasms, Castration-Resistant",United States,,United States
NCT01276054,Sentinel and/or Axillary Lymph Node Biopsy With or Without Axillary Reverse Mapping in Reducing Incidence and Severity of Arm Lymphedema in Stage 0-2 Patients.,Terminated,Phase 2,,4,University of Southern California,OTHER,Lymphedema; Recurrent Breast Cancer; Stage IA Breast Cancer,United States,,United States
NCT02543294,REcovery of Left Ventricular Dysfunction in CAncer Patients (RECAP Trial),Completed,Unknown,2012-09-10,20,M.D. Anderson Cancer Center,OTHER,Heart Failure; Cancer Treatment Induced Left Ventricular Dysfunction,United States,2012.0,United States
NCT05902494,HER2 and LA/mUC: A Multi-country Chart Review Cohort Study,Completed,Unknown,2023-06-29,389,"Seagen, a wholly owned subsidiary of Pfizer",INDUSTRY,Urothelial Carcinoma,United States; Austria; France; Germany,2023.0,United States
NCT05019794,Infigratinib in Subjects With GC or GEJ With FGFR2 Amplification or Other Solid Tumors With Other FGFR Alterations,UNKNOWN,Phase 2,2020-05-13,80,LianBio LLC,INDUSTRY,Gastric Cancer; Gastroesophageal Junction Adenocarcinoma; Solid Tumor,China,2020.0,China
NCT06321666,Response Evaluation of Cancer Therapeutics in Metastatic Breast Cancer to the Bone,UNKNOWN,Unknown,2019-09-12,58,European Institute of Oncology,OTHER,Metastatic Breast Cancer,Italy,2019.0,Italy
NCT04423094,Foci of Tumor Heterogeneity in Diffuse Low-Grade Gliomas,Completed,Unknown,2016-11-01,8,"University Hospital, Montpellier",OTHER,Glioma,France,2016.0,France
NCT04182594,Cardiovascular Events in GnRH Agonist vs. Antagonist,UNKNOWN,Phase 2,2020-01-17,80,Rabin Medical Center,OTHER,Hormone Sensitive Prostate Cancer; Prostate Cancer; Cardiac Event,Israel,2020.0,Israel
NCT02637466,"Vortioxetine for MDD, Cognition, and Systemic Inflammatory Biomarkers",Withdrawn,Phase 4,,0,University of Miami,OTHER,"Unipolar Major Depression; Stage I, II or III Breast Cancer",Unknown,,Unknown
NCT02472756,A Study of Rituximab in Combination With Chemotherapy in Relapsed/Refractory Follicular Lymphoma,Completed,Unknown,2008-09-19,41,Hoffmann-La Roche,INDUSTRY,"Lymphoma, Follicular",Serbia,2008.0,Serbia
NCT01393756,Revlimid Dose 25 mg in Association With (R-CHOP) in the Treatment Follicular Lymphoma,Completed,Phase 2,,80,The Lymphoma Academic Research Organisation,OTHER,Follicular Lymphoma,France,,France
NCT00828022,"Measles Vaccine in Patients With Measles Virus-Positive, Advanced Non-Small Cell Lung Cancer",UNKNOWN,Phase 1,,15,Soroka University Medical Center,OTHER,Non-Small Cell Lung Cancer; Measles,Israel,,Israel
NCT07318922,Evaluation of Artificial Intelligence in Diagnosis and Risk Assessment of Oral Potentially Malignant Disorders,Not Yet Recruiting,Unknown,2025-12-16,120,Ain Shams University,OTHER,Oral Lichen Planus; Oral Leukoplakia; Traumatic Ulcer of Oral Mucosa,Unknown,2025.0,Unknown
NCT00418951,Liposomal Amphotericin B (Ambisome) Versus Oral Voriconazole for the Prevention of Invasive Fungal Infections,Completed,Phase 2,,120,M.D. Anderson Cancer Center,OTHER,Acute Myelogenous Leukemia; Myelodysplastic Syndrome,United States,,United States
NCT06241729,Prospective Observational Study of Diffuse Large-cell B Lymphoma,Recruiting,Unknown,2023-01-03,50,Grand Hôpital de Charleroi,OTHER,"Lymphoma, B-Cell",Belgium,2023.0,Belgium
NCT03685331,"HOPE: Olaparib, Palbociclib and Fulvestrant in Patients With BRCA Mutation-associated, HR+, HER2-metastatic Breast Cancer",Completed,Phase 1,2020-10-15,9,Abramson Cancer Center at Penn Medicine,OTHER,Metastatic Breast Cancer; Locally Advanced Breast Cancer; Advanced Breast Cancer,United States,2020.0,United States
NCT00921531,Adjuvant Therapy With Thalidomide for Chemoembolization in Advanced Hepatocellular Carcinoma,UNKNOWN,Phase 3,,200,Fudan University,OTHER,Hepatocellular Carcinoma,China,,China
NCT03598231,Effectiveness of Sacral Neuromodulation in Low Anterior Resection Syndrome,Completed,Unknown,2018-05-25,45,Hospital Universitari Vall d'Hebron Research Institute,OTHER,Low Anterior Resection Syndrome; Sacral Neuromodulation - Interstim Therapy; Rectal Cancer,Spain,2018.0,Spain
NCT00585637,Vitamin D for Chemoprevention,Completed,Phase 1,,328,Dana-Farber Cancer Institute,OTHER,Gastrointestinal Cancers; Prostate Cancer; Hypertension,United States,,United States
NCT07234045,A Clinical Study to Explore CT1195E in Patients With Relapsed/Refractory B-Cell Neoplasms,Not Yet Recruiting,Phase 1,2025-11-30,30,"Institute of Hematology & Blood Diseases Hospital, China",OTHER,Relapsed/Refractory B-cell Non-Hodgkin Lymphoma; Relapsed/Refractory B-cell ALL,China,2025.0,China
NCT05931445,Patient Reported Outcomes Study Using Electronic Monitoring System for Advanced or Metastatic Solid Cancer,"Active, Not Recruiting",Unknown,2021-01-26,500,Comprehensive Support Project for Oncology Research,OTHER,Breast Cancer; Lung Cancer; Colorectal Cancer,Japan,2021.0,Japan
NCT03193645,Observational Prospective Study Describing the Global Patient Care and Follow-up of Prostate Cancer Patients Treated With Degarelix,Completed,Unknown,2017-06-27,150,Ferring Pharmaceuticals,INDUSTRY,Prostate Cancer,France,2017.0,France
NCT00930345,"Biological, Pathological and Imagery Markers in the First-line Treatment of Metastatic Clear-cell Renal Cell Carcinoma",Terminated,Phase 4,,33,Assistance Publique - Hôpitaux de Paris,OTHER,Metastatic Renal Cell Carcinoma,France,,France
NCT00671645,"Preoperative Combined RadioChemo-Molecular Target Therapy With Capecitabine, Bevacizumab, and Radiotherapy",Terminated,Phase 2,,8,Austrian Breast & Colorectal Cancer Study Group,NETWORK,Rectal Cancer,Austria,,Austria
NCT03687645,Hyperpolarised 13C-Pyruvate MRI Study,UNKNOWN,Unknown,2017-07-01,25,"University College, London",OTHER,Cancer; Cardiovascular Diseases,United Kingdom,2017.0,United Kingdom
NCT01334996,Use of Tamoxifen in Systemic Mastocytosis,Completed,Unknown,,1,Mayo Clinic,OTHER,Systemic Mastocytosis,United States,,United States
NCT00001880,Stem Cell Transplantation for Metastatic Solid Tumors,Terminated,Phase 2,1999-03-12,42,"National Heart, Lung, and Blood Institute (NHLBI)",NIH,Neoplasm Metastasis,United States,1999.0,United States
NCT06551896,Pemigatinib and Immune Checkpoint Inhibitor Treated FGFR1/2/3 Alteration Advanced Solid Tumor,Not Yet Recruiting,Phase 2,2024-08-15,30,Sun Yat-Sen Memorial Hospital of Sun Yat-Sen University,OTHER,Urothelial Carcinoma; Breast Neoplasms; Lung Cancer,Unknown,2024.0,Unknown
NCT01004796,Study of Biomarkers in Tissue Samples From Patients With Breast Cancer,UNKNOWN,Unknown,,61,"University of Wisconsin, Madison",OTHER,Breast Cancer,Unknown,,Unknown
NCT02651896,Hypofractionated Intensity Modulated and Image Guided Radiotherapy for Localized Prostate Cancer,UNKNOWN,Unknown,2015-12-20,130,Hospital Sirio-Libanes,OTHER,Prostatic Neoplasms,Brazil,2015.0,Brazil
NCT00079079,"Cisplatin or Carboplatin Combined With Gemcitabine in Locally Advanced, Recurrent, or Metastatic Malignant Salivary Gland Tumor",Completed,Phase 2,2003-10-27,34,NCIC Clinical Trials Group,NETWORK,Head and Neck Cancer,Canada,2003.0,Canada
NCT05262296,Versius or Laparoscopic Colorectal Cancer and Non-cancer Operation Outcomes,Completed,Unknown,2022-08-01,61,Joanne Turner,OTHER_GOV,Colorectal Disorders,United Kingdom,2022.0,United Kingdom
NCT06719362,"A Clinical Trial to Evaluate the Safety, Tolerability and Clinical Efficacy of M3T01 Monotherapy and in Combination With Pembrolizumab and Other Systemic Therapies",Recruiting,Phase 1,2025-06-17,110,Providence Health & Services,OTHER,Advanced Solid Tumors,United States,2025.0,United States
NCT04779346,Immunity Against Severe Acute Respiratory Syndrome Coronavirus 2 Disease (COVID-19) in the Oncology Outpatient Setting,UNKNOWN,Unknown,2020-12-21,500,Universitätsklinikum Hamburg-Eppendorf,OTHER,Cancer; Covid19; Immunity,Germany,2020.0,Germany
NCT00244946,"Combination Chemotherapy Followed By Autologous Stem Cell Transplant, and White Blood Cell Infusions in Treating Patients With Non-Hodgkin's Lymphoma",Completed,Phase 1,,15,Barbara Ann Karmanos Cancer Institute,OTHER,Lymphoma,United States,,United States
NCT02791646,Optimizing Delivery of a Behavioral Cancer Pain Intervention Using a SMART,Completed,Unknown,2016-11-23,327,Duke University,OTHER,PCST-Full (Pain Coping Skills Training); PCST-Brief,United States,2016.0,United States
NCT05252988,Three Antidiarrheal Strategies in HER2+/HR+ Early Breast Cancer Patients Treated With Extended Adjuvant Neratinib,"Active, Not Recruiting",Phase 2,2022-08-31,177,Spanish Breast Cancer Research Group,OTHER,Early-stage Breast Cancer; HER2 Positive Breast Cancer; Hormone Receptor Positive,Spain,2022.0,Spain
NCT02853188,Measure of Plasma Tissue Factor to Predict a Venous Thromboembolism in Primitive Cancer of Lung,Completed,Unknown,2014-12-04,315,Hopital Foch,OTHER,Cancer of Lung,France,2014.0,France
NCT01068327,"Stereotactic Radiation, Nelfinavir Mesylate & Neoadjuvant Chemotherapy in Locally Advanced Pancreatic Cancer",Completed,Phase 1,2007-11-05,46,University of Nebraska,OTHER,Adenocarcinoma of the Pancreas; Stage III Pancreatic Cancer,United States,2007.0,United States
NCT04037527,Gemcitabine and Docetaxel With Radiation in Adults With Soft Tissue Sarcoma of the Extremities,Terminated,Phase 1,2020-08-18,9,Wake Forest University Health Sciences,OTHER,Soft Tissue Sarcoma,United States,2020.0,United States
NCT07164027,"Comparing a New PSMA Imaging Agent to MRI for Detecting Prostate Cancer, BEACON Trial",Recruiting,Phase 1 (Early),2025-11-14,30,Jonsson Comprehensive Cancer Center,OTHER,Prostate Carcinoma,United States,2025.0,United States
NCT07429461,Clinical Study of SYNCAR-100 in the Treatment of Relapsed/Refractory Acute B-Lymphoblastic Leukemia,Recruiting,Phase 1 (Early),2026-02-28,16,Zhejiang University,OTHER,B-Cell Acute Lymphoblastic Leukemia,China,,China
NCT06571461,Liposomal Irinotecan in Combination With Oxaliplatin and S-1 Versus Gemcitabine Combined With Capecitabine as Postoperative Adjuvant Therapy for Pancreatic Cancer,Not Yet Recruiting,Phase 3,,408,"CSPC Ouyi Pharmaceutical Co., Ltd.",INDUSTRY,Pancreatic Cancer,Unknown,,Unknown
NCT07034742,Exploratory Study on the Application of Molecular Residual Disease (MRD) in Postoperative Treatment of Gastric Cancer,Recruiting,Phase 1 (Early),2025-06-01,136,"Cancer Institute and Hospital, Chinese Academy of Medical Sciences",OTHER,Gastric Adenocarcinoma,China,2025.0,China
NCT06224673,ARX788 for Treating Patients With HER2-low Locally Advanced Unresectable or Metastatic Breast Cancer,Not Yet Recruiting,Phase 2,2026-05-15,36,"Laura Huppert, MD, BA",OTHER,HER2 Low Breast Carcinoma; Triple Negative Breast Cancer; Hormone-receptor-positive Breast Cancer,United States,,United States
NCT06884670,"Assessment of Efficacy and Safety of PD-1 Monoclonal Antibody Combined With IL-2 and CapeOX in Neoadjuvant Therapy for Locally Advanced Rectal Cancer Prior to Surgery: A Prospective, Multi-center, Randomized Controlled Study",Recruiting,Phase 2,2025-03-18,130,The First Affiliated Hospital with Nanjing Medical University,OTHER,Rectal Cancer,China,2025.0,China
NCT03249870,Study of Inotuzumab Ozogamicin Combined to Chemotherapy in Older Patients With Philadelphia Chromosome-negative CD22+ B-cell Precursor ALL,UNKNOWN,Phase 2,2017-12-28,130,Versailles Hospital,OTHER,Acute Lymphoblastic Leukemia (ALL) - Philadelphia Chromosome (Ph)-Negative CD22+ B-cell Precursor (BCP),France,2017.0,France
NCT02004769,Trastuzumab Plus Docetaxel and Capecitabine For First Line Treatment of Her2-Positive Advanced Gastric Cancer,Completed,Phase 2,,67,Sun Yat-sen University,OTHER,Stomach Neoplasms; Neoplasms Metastasis; ERBB2 Gene Amplification,China,,China
NCT01814969,Preoperative Hyperfractionated Radiotherapy or Radiochemotherapy in Locally Advanced Rectal Cancer.,UNKNOWN,Phase 3,,260,Maria Sklodowska-Curie National Research Institute of Oncology,OTHER,Rectal Cancer,Poland,,Poland
NCT03006705,Study of Adjuvant ONO-4538 With Resected Gastric Cancer,Completed,Phase 3,2017-01-31,800,"Ono Pharmaceutical Co., Ltd.",INDUSTRY,Gastric Cancer,Japan; China; Taiwan; South Korea,2017.0,Japan
NCT04748094,Quantification of Abdominal Organ Motion Using MRI,Completed,Unknown,2021-05-21,23,The Christie NHS Foundation Trust,OTHER,Cancer,United Kingdom,2021.0,United Kingdom
NCT06939166,Universal Chimeric Antigen Receptor T-Cell （UCAR T-cell） Therapy Targeting CD19/B Cell Maturation Antigen （CD19/BCMA） in Patients With r/r Neurological Autoimmune Diseases,Recruiting,Phase 1 (Early),2025-06-17,12,Tianjin Huanhu Hospital,OTHER,Neuromyelitis Optica Spectrum Disorders; Myasthenia Gravis; Multiple Sclerosis,China,2025.0,China
NCT07139366,Saccharomyces Boulardii Combined With Bismuth Quadruple Therapy for Helicobacter Pylori Rescue Treatment,Recruiting,Phase 4,2025-10-28,1248,Yongquan Shi,OTHER,Gastritis; Dyspepsia; Helicobacter Pylori Infection,China,2025.0,China
NCT05182866,ASP-1929 Photoimmunotherapy (PIT) Study in Patients With Recurrent Head/Neck Cancer,"Active, Not Recruiting",Phase 2,2022-01-21,9,"Rakuten Medical, Inc.",INDUSTRY,Head and Neck Cancer; Squamous Cell Carcinoma of Head and Neck,United States,2022.0,United States
NCT00001156,Assessment of Patients With Multiple Sclerosis (MS),Completed,Unknown,1976-01-23,1388,National Institute of Neurological Disorders and Stroke (NINDS),NIH,Herpesviridae Infection; HTLV-I Infection; Multiple Sclerosis,United States,,United States
NCT07337122,Collagen Matrix in Oral Cancer Surgery,Completed,Unknown,2020-11-16,33,SAYAH Charline,OTHER,"Oral Cancer , Oral Squamous Cell Carcinoma, Oral Cavity Cancer; Oropharynx Squamous Cell Carcinoma; Oropharynx Cancer",France,2020.0,France
NCT02070822,3T MRI to Predict TACE Response of HCC,UNKNOWN,Unknown,,100,National Taiwan University Hospital,OTHER,"Carcinoma, Hepatocellular",Taiwan,,Taiwan
NCT06928922,Inhaled mRNA Tumor-associated Antigen Dry Powder Vaccine in Advanced Lung Cancer and Lung Metastasis of Solid Tumors.,Recruiting,Phase 1 (Early),2025-02-24,83,"Cancer Institute and Hospital, Chinese Academy of Medical Sciences",OTHER,Advanced Lung Cancer; Lung Metastasis,China,2025.0,China
NCT02799251,Assessment of Postoperative Lymphopenia as Risk Factor for Postoperative Infections,Completed,Unknown,,1125,Centre Hospitalier Universitaire de Saint Etienne,OTHER,Cancer of the Digestive System; Thoracic Diseases,France,,France
NCT06632951,Study to Evaluate Adverse Events and Change in Disease Activity When Intravenously (IV) Infused Livmoniplimab is Used in Combination With IV Infused Budigalimab in Adult Participants With Urothelial Carcinoma (UC),"Active, Not Recruiting",Phase 2,2025-01-20,150,AbbVie,INDUSTRY,Urothelial Carcinoma,France; Japan; Canada; United States; Poland; Spain; South Korea; Israel,2025.0,France
NCT01925651,Clinical Trial of The Use of Bolus in Post Mastectomy Irradiation in Breast Cancer,Completed,Unknown,,58,AC Camargo Cancer Center,OTHER,Breast Cancer; Radiodermatitis,Brazil,,Brazil
NCT01790451,Safety and Efficacy of Irreversible Electroporation in Ablation of Prostate Cancer in Humans,Completed,Phase 1,,16,Clinical Research Office of the Endourological Society,OTHER,Prostate Cancer,Netherlands,,Netherlands
NCT03368651,"The Impact on Survival of Neo-adjuvant Transarterial Chemoinfusion (TAI) for Patients With Hepatocellular Carcinoma And Portal Vein Tumor Thrombosis (PVTT) Who Underwent Hepatectomy : A Random, Controlled, Stage III Clinical Trial.",Recruiting,Phase 3,2016-01-01,230,Sun Yat-sen University,OTHER,Hepatocellular Carcinoma,China,2016.0,China
NCT00538551,Prospective Data Collection of Newly Diagnosed Hodgkin's Disease and Non-Hodgkin's Lymphoma Cases,UNKNOWN,Unknown,,350,King Faisal Specialist Hospital & Research Center,OTHER,"Hodgkin Disease; Lymphoma, Non-Hodgkin",Saudi Arabia,,Saudi Arabia
NCT05350631,Efficacy Study on Quality of Life Criteria of a Digital Application on Any Cellphone (OnKO-Tips&Tricks) for Adolescents and Young Adults Diagnosed With Cancer,"Active, Not Recruiting",Unknown,2023-04-04,200,"University Hospital, Strasbourg, France",OTHER,Cancer,France,2023.0,France
NCT05029102,TAS-102 and Anlotinib in ≥3 Lines mGC,UNKNOWN,Phase 2,2021-09-01,45,Zhejiang University,OTHER,Gastric Cancer,China,2021.0,China
NCT03271502,Effect of Anesthesia on Optic Nerve Sheath Diameter in Patients Undergoing Robot-assisted Laparoscopic Prostatectomy,Completed,Unknown,2017-09-04,36,Asan Medical Center,OTHER,Prostate Cancer,South Korea,2017.0,South Korea
NCT05559853,Developing a New MRI Technique to Understand Changes in Brain Tumors After Treatment,Recruiting,Unknown,2022-09-22,119,Memorial Sloan Kettering Cancer Center,OTHER,"Brain Metastases; Brain Metastases, Adult; Metastatic Brain Tumor",United States,2022.0,United States
NCT07379502,Endometrial Response in Polycystic Ovarian Syndrome Treated With Letrozole Alone or With Added Estradiol Valerate,Not Yet Recruiting,Unknown,2026-03-05,60,CMH Kharian Medical College,OTHER_GOV,PCOS (Polycystic Ovary Syndrome),Pakistan,,Pakistan
NCT05359237,Vincristine Pharmacokinetics in Infants,"Active, Not Recruiting",Unknown,2022-11-16,83,Children's Oncology Group,NETWORK,Hematopoietic and Lymphoid Cell Neoplasm; Malignant Solid Neoplasm,United States; Australia; Canada,2022.0,United States
NCT05003037,Surufatinib Combined With Toripalimab and Chemotherapy in the Treatment of Non-Small Cell Lung Cancer,UNKNOWN,Phase 2,2021-12-08,106,"Li Zhang, MD",OTHER,"Carcinoma, Non-Small-Cell Lung",China,2021.0,China
NCT06789172,"A Phase 1, First-in-human Study of OKN4395 and Pembrolizumab in Patients With Solid Tumors",Recruiting,Phase 1,2025-01-23,166,Epkin,INDUSTRY,Solid Tumours; Sarcoma; HNSCC,United States; Australia; United Kingdom,2025.0,United States
NCT06205472,Phase II Study of Adjuvant SIB Radiotherapy Following Narrow-Margin Hepatectomy in Patients With HCC.,Recruiting,Phase 2,2024-01-26,100,"Cancer Institute and Hospital, Chinese Academy of Medical Sciences",OTHER,Hepatocellular Carcinoma; Narrow Margin; Radiotherapy,China,2024.0,China
NCT06110572,Phase I/II Trial in ES-SCLC to Enhance Response to Atezolizumab Plus Chemotherapy With Total Body Irradiation,Recruiting,Phase 1,2024-04-24,18,Vanderbilt-Ingram Cancer Center,OTHER,Extensive Stage Lung Small Cell Carcinoma; Stage IV Lung Cancer,United States,2024.0,United States
NCT07503795,Outcomes of Definitive Radiotherapy for Bladder Cancer,Not Yet Recruiting,Unknown,2026-04-01,300,Sohag University,OTHER,Bladder Cancer (BC),Egypt,,Egypt
NCT05257577,Factors Influencing Breast Cancer Resection Volumes And Their Impact on Treatment Outcome (FIBRATIO),"Active, Not Recruiting",Unknown,2022-05-28,220,Tampere University Hospital,OTHER,Breast Cancer; Quality of Life; Patient Satisfaction,Finland,2022.0,Finland
NCT01359696,"A Study Evaluating the Safety, Tolerability, and Pharmacokinetics of GDC-0425 Administered With and Without Gemcitabine in Patients With Refractory Solid Tumors or Lymphoma",Completed,Phase 1,2011-07-11,40,"Genentech, Inc.",INDUSTRY,Solid Tumor,United States; France,2011.0,United States
NCT01700946,Therapy for Pediatric Relapsed or Refractory Precursor B-Cell Acute Lymphoblastic Leukemia and Lymphoma,Completed,Phase 2,2013-04-15,80,St. Jude Children's Research Hospital,OTHER,Recurrent B-Cell Childhood Acute Lymphoblastic Leukemia; Recurrent Childhood B-Lymphoblastic Lymphoma,United States,2013.0,United States
NCT03223103,Safety and Immunogenicity of Personalized Genomic Vaccine and Tumor Treating Fields (TTFields) to Treat Glioblastoma,"Active, Not Recruiting",Phase 1,2018-03-01,13,Adilia Hormigo,OTHER,Glioblastoma,United States,2018.0,United States
NCT03769103,Study of Osimertinib + SRS vs Osimertinib Alone for Brain Metastases in EGFR Positive Patients With NSCLC,"Active, Not Recruiting",Phase 2,2019-03-19,40,British Columbia Cancer Agency,OTHER,Lung Cancer Non-small Cell Stage IV; Brain Metastases,Canada,2019.0,Canada
NCT06143527,Safety of Cultured Allogeneic Adult Umbilical Cord Derived Mesenchymal Stem Cells for PCOS,Recruiting,Phase 1,2023-11-16,20,The Foundation for Orthopaedics and Regenerative Medicine,OTHER,Polycystic Ovary Syndrome (PCOS); Polycystic Ovary Syndrome; PCOS,Greece; Antigua and Barbuda,2023.0,Greece
NCT06481527,Seen and Be Heard: Ensuring Fair Cancer Care for All Children,Not Yet Recruiting,Unknown,2024-09-02,50,Great Ormond Street Hospital for Children NHS Foundation Trust,OTHER,Cancer; Oncology; Haematological Malignancy,Unknown,2024.0,Unknown
NCT00943527,Hormonal Effects on Tc-99m Sestamibi Uptake in the Breast,Completed,Unknown,,110,Mayo Clinic,OTHER,Breast Cancer,United States,,United States
NCT05144061,A First-in-human Study of HRS2398 Tablets in Subjects With Advanced Malignant Tumors,Completed,Phase 1,2021-12-20,28,"Shanghai Hengrui Pharmaceutical Co., Ltd.",INDUSTRY,Advanced Malignant Tumor,China,2021.0,China
NCT05807542,Neoadjuvant Immunotherapy Combined With Chemotherapy in Patients With Locally Advanced ESCC,Completed,Phase 2,2022-03-01,20,Shanghai Zhongshan Hospital,OTHER,Esophagus Cancer,China,2022.0,China
NCT03249142,Immunotherapy With Neo-adjuvant Chemotherapy for OVarian Cancer,Completed,Phase 1,2017-10-18,69,ARCAGY/ GINECO GROUP,OTHER,Ovarian Cancer,France,2017.0,France
NCT00128986,Study of Tomotherapy in Patients With Benign Brain Tumour,Completed,Phase 1,,49,AHS Cancer Control Alberta,OTHER,Brain Neoplasms,Canada,,Canada
NCT00199186,Study Comparing Imatinib With Chemotherapy as Induction in Elderly Patients With Philadelphia Positive Acute Lymphoblastic Leukemia (ALL),UNKNOWN,Phase 2,,61,Johann Wolfgang Goethe University Hospital,OTHER,Philadelphia Positive Acute Lymphoblastic Leukemia; Lymphoid Blastic Phase of Chronic Myeloid Leukemia,Germany,,Germany
NCT07093086,Clinical Study of Multi-targeted CAR-T Therapy in Patients With Relapsed/Refractory B-Cell Lymphoma,Recruiting,Phase 1,2024-11-07,20,"Shanghai Unicar-Therapy Bio-medicine Technology Co.,Ltd",INDUSTRY,B-cell Lymphoma,China,2024.0,China
NCT02609386,"IRX-2 Regimen in Patients With Newly Diagnosed Stage II, III, or IVA Squamous Cell Carcinoma of the Oral Cavity",Completed,Phase 2,2016-01-11,105,"Brooklyn ImmunoTherapeutics, LLC",INDUSTRY,Squamous Cell Carcinoma of the Oral Cavity,United States; United Kingdom; Brazil; Canada,2016.0,United States
NCT04586270,A Study of TAS0612 in Participants With Advanced or Metastatic Solid Tumor Cancer,Terminated,Phase 1,2020-10-15,47,"Taiho Oncology, Inc.",INDUSTRY,Advanced or Metastatic Solid Tumors,United States; France,2020.0,United States
NCT01097369,Elitek (Rasburicase) Immuno-Monitoring Study,Terminated,Unknown,,1,Sanofi,INDUSTRY,Tumor Lysis Syndrome,United States,,United States
NCT06934369,Improving Engagement in HIV and Cancer Care in Zimbabwe,Recruiting,Unknown,2024-11-18,300,Fred Hutchinson Cancer Center,OTHER,Cancer; HIV,Zimbabwe,2024.0,Zimbabwe
NCT00765869,Randomised Controlled Trial of a Literacy Sensitive Decision Aid for Bowel Cancer Screening,UNKNOWN,Unknown,,555,University of Sydney,OTHER,Colorectal Neoplasms,Australia,,Australia
NCT06219083,Nutritional Status and Clinical Outcomes in Patients With Common Malignancies(NCOM),Recruiting,Unknown,2020-11-12,1538,Xiaoqin Luo,OTHER,"Cancer; Chemoradiotherapy; Nutrition, Healthy",China,2020.0,China
NCT03451383,Older Breast Cancer Patients: Risk for Cognitive Decline,Recruiting,Unknown,2010-08-01,1700,Georgetown University,OTHER,"Cancer, Breast; Age-related Cognitive Decline; Cognitive Decline",United States,2010.0,United States
NCT05378854,Training Data Collection & AI Development,Completed,Unknown,2022-07-31,27,Aristotle University Of Thessaloniki,OTHER,Breast Cancer; Prostate Cancer,Greece,2022.0,Greece
NCT01087554,Sirolimus or Everolimus or Temsirolimus and Vorinostat in Advanced Cancer,"Active, Not Recruiting",Phase 1,,249,M.D. Anderson Cancer Center,OTHER,Advanced Cancer,United States,,United States
NCT04864054,T-Cell Therapy (ECT204) in Adults With Advanced HCC,Recruiting,Phase 1,2022-03-11,20,Eureka Therapeutics Inc.,INDUSTRY,"Hepatocellular Carcinoma; Liver Cancer, Adult; Liver Neoplasm",United States; Taiwan,2022.0,United States
NCT04672005,Modified FOLFIRINOX Alternated With Biweekly Gemcitabine Plus Nab-Paclitaxel Untreated Pancreatic Cancer,"Active, Not Recruiting",Phase 2,2021-01-06,30,Lyudmyla Berim,OTHER,Metastatic Pancreatic Cancer,United States,2021.0,United States
NCT06173505,Study of Vudalimab or Pembrolizumab in Combination With Chemotherapy as First-line Treatment in Patients With Advanced NSCLC,Terminated,Phase 1,2023-12-27,28,"Xencor, Inc.",INDUSTRY,Nonsquamous Non-small Cell Lung Cancer,United States; Malaysia; Belgium; Taiwan; Greece; Portugal; Netherlands; Spain,2023.0,United States
NCT03052166,"Case Collection Study to Determine the Accuracy, Call Back and Cancer Detection Rates of QT Ultrasound in Breast Imaging",Completed,Unknown,2017-04-18,755,QT Ultrasound LLC,INDUSTRY,Breast,United States,2017.0,United States
NCT03568266,Pharmacogenomics of Asparaginase Induced Hepatotoxicity,Recruiting,Unknown,2018-05-22,500,University of Southern California,OTHER,Acute Lymphoblastic Leukemia,United States,2018.0,United States
NCT00165256,Wide Excision Alone as Treatment for Ductal Carcinoma in Situ of The Breast,"Active, Not Recruiting",Phase 2,,158,Dana-Farber Cancer Institute,OTHER,Ductal Carcinoma in Situ of the Breast,United States,,United States
NCT00438256,Neoadjuvant Accelerated Short Course Radiation Therapy With Proton Beam and Capecitabine for Resectable Pancreatic Cancer,Completed,Phase 1,,50,Massachusetts General Hospital,OTHER,Pancreatic Cancer,United States,,United States
NCT00820456,Metastatic Colorectal Cancer: Treatment Response With Dynamic Contrast MRI,Terminated,Unknown,,6,American College of Radiology,OTHER,Colorectal Neoplasm; Hepatic Neoplasm,United States,,United States
NCT03089151,Denver Garden Environment and Microbiome Study Disease,Completed,Unknown,2016-06-02,16,"University of Colorado, Boulder",OTHER,Diet Modification; Physical Activity; Weight Gain,United States,2016.0,United States
NCT00818402,Non-small Cell Lung Cancer and Quality of Life,Completed,Unknown,,130,University of Turku,OTHER,Non Small Cell Lung Cancer,Unknown,,Unknown
NCT05537402,LOcoregional vs Systemic Therapy in Patients With BCLC Stage B HCC,Terminated,Phase 2,2023-09-27,1,University of Texas Southwestern Medical Center,OTHER,Hepatocellular Carcinoma,United States,2023.0,United States
NCT02935153,A Clinical Research of CD22-Targeted CAR-T in B Cell Malignancies,UNKNOWN,Phase 1,,45,"Southwest Hospital, China",OTHER,Leukemia; Lymphoma,China,,China
NCT04745637,"Managed Access Programs for INC424, Ruxolitinib",AVAILABLE,Unknown,,61,Novartis Pharmaceuticals,INDUSTRY,Primary Myelofibrosis (PMF); Post Polycythemia Myelofibrosis (PPV MF); Thrombocythemia Myelofibrosis (PET-MF),Unknown,,Unknown
NCT03145545,Expanded Access Protocol Using Alpha/Beta T and CD19+ Depleted PBSC,AVAILABLE,Unknown,,61,Children's Hospital of Philadelphia,OTHER,Leukemia; Bone Marrow Failure Syndrome; Immunodeficiencies,United States,,United States
NCT00001572,Vaccination of Follicular Lymphomas With Tumor-Derived Immunoglobulin Idiotype,Completed,Phase 1,1997-01-30,21,National Cancer Institute (NCI),NIH,B Cell Lymphoma; Follicular Lymphoma; Neoplasm,United States,1997.0,United States
NCT06483295,Improving Patient-reported Outcomes After Lung Cancer Surgery With Mobile Internet Platform,Recruiting,Unknown,2024-03-24,216,Shanghai Chest Hospital,OTHER,Lung Cancer,China,2024.0,China
NCT05716295,A Dose Escalation/Expansion Study of MDK-703 in Patients With Advanced or Metastatic Solid Tumors,Terminated,Phase 1,2023-02-08,26,"Medikine, Inc.",INDUSTRY,Advanced or Metastatic Solid Tumors,United States,2023.0,United States
NCT00290095,Quality of Life in Patients With Multiple Myeloma,Completed,Unknown,,260,Ullevaal University Hospital,OTHER,Multiple Myeloma; Quality of Life,Norway,,Norway
NCT07010939,A Study of Treatment-Related Toxicities and Quality of Life After Local Therapy in Chinese Breast Cancer Patients,Recruiting,Unknown,2025-04-07,3000,FangYi,OTHER,Breast Neoplasms; Quality of Life (QOL); Toxicities,China,2025.0,China
NCT04264975,Utilization of Microbiome as Biomarkers and Therapeutics in Immuno-Oncology,UNKNOWN,Unknown,2018-06-04,60,Asan Medical Center,OTHER,Solid Carcinoma,South Korea,2018.0,South Korea
NCT04636775,Microbiome in Immunotherapy naïve NSCLC Patients Receiving PD-1/L1 Blockade (MIP_NSCLC),UNKNOWN,Unknown,2020-07-29,46,"Jun Zhang, MD, PhD",OTHER,"NSCLC Stage IV; NSCLC, Recurrent",United States,2020.0,United States
NCT04825275,Neuro-pharmacological Properties of Repurposed Posaconazole in Glioblastoma: A Phase 0 Clinical Trial,Terminated,Phase 1 (Early),2022-05-13,7,Milton S. Hershey Medical Center,OTHER,Glioblastoma; Glioblastoma Multiforme; Glioblastoma Multiforme of Brain,United States,2022.0,United States
NCT05952557,An Adjuvant Endocrine-based Therapy Study of Camizestrant (AZD9833) in ER+/HER2- Early Breast Cancer (CAMBRIA-2),Recruiting,Phase 3,2023-10-05,5500,AstraZeneca,INDUSTRY,"Breast Cancer, Early Breast Cancer",New Zealand; Canada; South Africa; China; Belgium; Greece; Italy; Spain; Chile; Turkey (Türkiye); Puerto Rico; United Kingdom; Malaysia; Romania; South Korea; Australia; Mexico; Austria; Estonia; Japan; Bulgaria; Argentina; Peru; United Arab Emirates; Germany; Switzerland; Ireland; Hungary; Israel; Colombia; France; Saudi Arabia; Croatia; Brazil; Thailand; United States; Serbia; Poland; Czechia; Philippines; Taiwan; Georgia; Portugal; India,2023.0,New Zealand
NCT00286546,Testosterone and Major Depression,Completed,Unknown,,100,"University Health Network, Toronto",OTHER,Major Depression,Canada,,Canada
NCT04725188,"Pembrolizumab/Vibostolimab Coformulation (MK-7684A) or Pembrolizumab/Vibostolimab Coformulation Plus Docetaxel Versus Docetaxel for Metastatic Non Small Cell Lung Cancer (NSCLC) With Progressive Disease After Platinum Doublet Chemotherapy and Immunotherapy (MK-7684A-002, KEYVIBE-002)",Completed,Phase 2,2021-04-20,255,Merck Sharp & Dohme LLC,INDUSTRY,Metastatic Non Small Cell Lung Cancer,Denmark; Belgium; Italy; Spain; Malaysia; South Korea; Australia; Russia; Austria; Argentina; Germany; Switzerland; Israel; France; Brazil; Thailand; United States; Poland; Finland; Taiwan,2021.0,Denmark
NCT02284061,"Physical Activity Program in Children and Adolescents With Cancer : Assessment of Benefits on Physical, Psychological and Social Health.",UNKNOWN,Unknown,,90,Assistance Publique Hopitaux De Marseille,OTHER,Cancer,France,,France
NCT02277561,Voxel Based Diffusion Tensor Imaging in Predicting Response in Patients With Brain Metastases Undergoing Whole Brain Radiation Therapy or Stereotactic Radiosurgery,Withdrawn,Unknown,,0,Albert Einstein College of Medicine,OTHER,"Tumors Metastatic to Brain; Unspecified Adult Solid Tumor, Protocol Specific",United States,,United States
NCT01010061,CLL11: A Study of Obinutuzumab (RO5072759 [GA101]) With Chlorambucil in Patients With Previously Untreated Chronic Lymphocytic Leukemia (Stage 1a),Completed,Phase 3,2009-12-21,787,Hoffmann-La Roche,INDUSTRY,"Lymphocytic Leukemia, Chronic",Denmark; New Zealand; Canada; Italy; Spain; United Kingdom; Romania; Australia; Mexico; Austria; Netherlands; Russia; Estonia; Bulgaria; Argentina; Germany; Switzerland; Egypt; France; Croatia; Brazil; Thailand; United States; Slovakia; Czechia; Hong Kong,2009.0,Denmark
NCT01941342,Evaluation of Preoperative Biliary Drainage Before Pancreatoduodenectomy,UNKNOWN,Phase 2,,274,"Southwest Hospital, China",OTHER,Pancreatic Cancer; Periampullary Carcinoma,China,,China
NCT05206942,Serial Ultrasound of Solid Tumor Lesions to Detect Early Response to Cancer Immunotherapy,Recruiting,Unknown,2022-03-21,30,Stanford University,OTHER,Solid Tumor,United States,2022.0,United States
NCT03970070,Perioperative Ostomy Self-Management Telehealth for Cancer Patients and Family Caregivers,Completed,Phase 2,2020-01-23,6,City of Hope Medical Center,OTHER,Malignant Neoplasm,United States,2020.0,United States
NCT05601570,Impact of the Experience of Anaesthetists in Changing Ventilation Strategies During Panendoscopy on the Incidence of Intraoperative Hypoxaemia,UNKNOWN,Unknown,2024-04-10,850,Centre Hospitalier Universitaire de Besancon,OTHER,ENT Tumor,France,2024.0,France
NCT01240369,Association Between VEGF-C and miRNA and Clinical Non-small Cell Lung Cancer and Esophagus Squamous Cell Carcinoma,UNKNOWN,Unknown,,250,China Medical University Hospital,OTHER,VEGFC Protein in Serum; VEGFC Protein in Non Small Cell Lung Cancer; VEGFC Protein in ESCC,Unknown,,Unknown
NCT04516083,Lynch Syndrome Can be Diagnosed Just From Somatic Mismatch Repair Mutation,UNKNOWN,Unknown,2019-12-21,100,RWJ Barnabas Health at Jersey City Medical Center,OTHER,Cancer Gene Mutation; Lynch Syndrome; Endometrial Cancer,United States,2019.0,United States
NCT02109341,Phase I/II Study to Evaluate Nab-paclitaxel in Substitution of CPT11 or Oxaliplatin in FOLFIRINOX Schedule as First Line Treatment in Metastatic Pancreatic Cancer,Completed,Phase 1,,148,Gruppo Oncologico Italiano di Ricerca Clinica,OTHER,Metastatic Pancreatic Cancer,Italy,,Italy
NCT03571841,Sexual Health and Rehabilitation After Ovarian Suppression Treatment,Completed,Unknown,2018-12-01,20,Dana-Farber Cancer Institute,OTHER,Breast Cancer Survivors; Sexual Function Disturbances; Ovarian Suppression Treatment,United States,2018.0,United States
NCT00006341,Dentures and Dental Implants in Treating Patients Undergoing Surgery for Mouth Cancer,Completed,Phase 2,,46,Jonsson Comprehensive Cancer Center,OTHER,Head and Neck Cancer,United States,,United States
NCT06368141,Neoadjuvant Chemotherapy Plus Sequential Immune Checkpoint Inhibitor (ICI) Therapy in Locally Advanced Colon Cancer,Recruiting,Phase 2,2024-05-01,56,Ruijin Hospital,OTHER,Colon Cancer,China,2024.0,China
NCT07454941,Artificial Intelligence-assisted HER2 Expression Assessment in Urothelial Carcinoma Based on Imaging-pathology Omics,ENROLLING_BY_INVITATION,Unknown,2026-03-02,4000,"Cancer Institute and Hospital, Chinese Academy of Medical Sciences",OTHER,Urothelial Carcinoma (UC); HER2; Diagnostic,China,,China
NCT00934154,Melphalan+Prednisolon With or Without Thalidomide in Previously Untreated Elderly Patients With Multiple Myeloma,Completed,Phase 3,,122,Cigdem Sahinbas YILMAZ,INDUSTRY,Multiple Myeloma,Turkey (Türkiye),,Turkey (Türkiye)
NCT03379454,The Impact of Melanoma and Drug Treatment in the Real World,Completed,Unknown,2017-10-25,819,Vitaccess Ltd,INDUSTRY,Melanoma,United Kingdom,2017.0,United Kingdom
NCT07027254,PETAL Trial: Impact of Gallium-68 Pentixafor PET-CT on Surgical Outcomes in Primary Aldosteronism,Recruiting,Unknown,2025-06-25,90,Seoul National University Hospital,OTHER,Primary Aldosteronism; Secondary Hypertension; Aldosterone-Producing Adenoma,South Korea,2025.0,South Korea
NCT06404554,A Prediction Model of Anastomotic Stricture After Rectal Cancer,Completed,Unknown,2024-01-01,1542,Northern Jiangsu People's Hospital,OTHER,Colorectal Cancer; Rectal Cancer; Anastomotic Stenosis,China,2024.0,China
NCT00308854,Photodynamic Therapy With PD P 506 A Compared With Placebo-PDT for the Treatment of AK,Completed,Phase 3,,107,photonamic GmbH & Co. KG,INDUSTRY,Actinic Keratosis,Germany,,Germany
NCT05234905,H101 Combined With Camrelizumab for Recurrent Cervical Cancer,UNKNOWN,Phase 2,,55,Zhejiang Cancer Hospital,OTHER,Uterine Cervical Neoplasms; Oncolytic Virotherapy; Camrelizumab,China,,China
NCT05328505,Molecular Imaging Informed Radiation Dose Escalation to Sites of Recurrent Disease and De-escalation to Uninvolved Areas in Salvage Radiotherapy for Prostate Cancer,Recruiting,Unknown,2022-08-23,80,"University Health Network, Toronto",OTHER,Prostate Cancer,Canada,2022.0,Canada
NCT04291105,Phase 2 Trial of Voyager V1 in Combination With Cemiplimab in Cancer Patients,Recruiting,Phase 2,2020-04-24,87,"Vyriad, Inc.",INDUSTRY,Melanoma; Head and Neck Squamous Cell Carcinoma; Colo-rectal Cancer,United States; Brazil,2020.0,United States
NCT04910594,Clinical Study the Efficacy and Safety of Rh-EPO in the Treatment of Anemia in Lymphoma,UNKNOWN,Phase 3,2021-04-01,130,"Second Affiliated Hospital, School of Medicine, Zhejiang University",OTHER,Lymphoma; Anemia,China,2021.0,China
NCT04433494,A Study of TY-302 in Patients With Advanced Solid Tumors,UNKNOWN,Phase 1,2020-12-07,60,"TYK Medicines, Inc",INDUSTRY,Breast Cancer; Solid Tumor,China,2020.0,China
NCT04625894,The Combination of Immunotherapy and Stereotactic Ablative Radiotherapy in Oligometastatic Gastrointestinal Cancer,UNKNOWN,Phase 1,,21,Fudan University,OTHER,Oligometastatic Gastrointestinal Cancer,China,,China
NCT00800566,Oral Clofarabine in Chronic Lymphocytic Leukemia (CLL),Withdrawn,Phase 1,,0,M.D. Anderson Cancer Center,OTHER,Leukemia; Chronic Lymphocytic Leukemia,United States,,United States
NCT05779566,Evaluation of the Functional/Emotional Life Characteristics of Ongoing EAT in BC Patients With Reduced BMD,Completed,Unknown,2023-01-09,82,Fundación para la Investigación del Hospital Clínico de Valencia,OTHER,Breast Cancer; Osteopenia,Spain,2023.0,Spain
NCT01757366,Safety and Efficacy of Ginsenoside Rg3 in Combination With First-line Chemotherapy in Advanced Gastric Cancer,UNKNOWN,Phase 2,,100,Hebei Tumor Hospital,OTHER,Self Efficacy,China,,China
NCT04197856,Direct Information to At-risk Relatives,"Active, Not Recruiting",Unknown,2020-02-06,490,Umeå University,OTHER,Familial Breast Cancer; Familial Colorectal Cancer; Hereditary Breast and Ovarian Cancer Syndrome,Sweden,2020.0,Sweden
NCT04557956,"Testing the Addition of the Anti-cancer Drug, Tazemetostat, to the Usual Treatment (Dabrafenib and Trametinib) for Metastatic Melanoma That Has Progressed on the Usual Treatment","Active, Not Recruiting",Phase 1,2021-08-19,16,National Cancer Institute (NCI),NIH,Clinical Stage IV Cutaneous Melanoma AJCC v8; Metastatic Melanoma,United States,2021.0,United States
NCT04966156,Cancer Rehab Program for Allogenic Bone and Marrow Transplant Patients - CaRE-4-alloBMT,Completed,Unknown,2021-09-08,80,"University Health Network, Toronto",OTHER,Allogeneic Disease; Hematologic Cancer; Cancer Rehabilitation,Canada,2021.0,Canada
NCT02503722,Testing the Combination of MLN0128 (TAK-228) and AZD9291 in Advanced EGFR (Epidermal Growth Factor Receptor) Mutation Positive Non-small Cell Lung Cancer,"Active, Not Recruiting",Phase 1,2017-03-23,36,National Cancer Institute (NCI),NIH,Metastatic Lung Non-Small Cell Carcinoma; Recurrent Lung Non-Small Cell Carcinoma; Stage III Lung Non-Small Cell Cancer AJCC v7,United States; Canada,2017.0,United States
NCT01445522,ABT-888 Plus Metronomic Cyclophosphamide to Treat Cancer,Completed,Phase 1,2008-12-03,35,National Cancer Institute (NCI),NIH,Neoplasms; Lymphoma,United States,2008.0,United States
NCT05432622,A Study of Treatment Patterns and Outcomes in Participants With Stage IIIA Melanoma Receiving Adjuvant Systemic Therapy,Completed,Unknown,2019-12-19,95,Bristol-Myers Squibb,INDUSTRY,Melanoma,United States,2019.0,United States
NCT04053322,"Durvalumab, With Olaparib and Fulvestrant in Advanced ER+, HER2- Breast Cancer Patients.","Active, Not Recruiting",Phase 2,2019-08-26,172,UNICANCER,OTHER,"ER-positive and HER2-negative Metastatic or Locally Advanced Breast Cancer; a Germline or Somatic BRCA Mutation, or a Deleterious Alteration of Other Genes Involved in Homologous Recombination Repair (HRR) or in MSI Status",France,2019.0,France
NCT00054951,Safety and Efficacy of Doxorubicin Adsorbed to Magnetic Beads,UNKNOWN,Phase 1,,30,FeRx,INDUSTRY,Hepatocellular Carcinoma,China,,China
NCT05395429,Clinical Evaluation of Genetron TERT/BRAF PCR Kit in Thyroid Cancer Patients,UNKNOWN,Unknown,2022-03-25,1000,Genetron Health,INDUSTRY,Thyroid Cancer,China,2022.0,China
NCT00127829,"Study Evaluating Gefitinib (IRESSA®) in Subjects With Solid Malignancies That Are Locally Advanced, Recurrent or Metastatic",Completed,Phase 1,,66,AstraZeneca,INDUSTRY,Tumors,United States,,United States
NCT00114231,"Capecitabine, Oxaliplatin, and Radiation Therapy in Treating Patients Who Are Undergoing Surgery for Stage I Rectal Cancer",Completed,Phase 2,,90,Alliance for Clinical Trials in Oncology,OTHER,Colorectal Cancer,United States,,United States
NCT05676931,Study With Various Immunotherapy Treatments in Participants With Lung Cancer,"Active, Not Recruiting",Phase 2,2023-02-21,400,Gilead Sciences,INDUSTRY,Advanced Non-Small Cell Lung Cancer,France; South Korea; United States; Poland; United Kingdom; Taiwan; Georgia; Australia; Italy; Spain,2023.0,France
NCT06969131,Current Role of Pentafecta Outcomes in Open and Laparoscopic Partial Nephrectomy for Localized Renal Tumors,Completed,Unknown,2022-05-01,70,South Valley University,OTHER,Pentafecta; Laparoscopic; Partial Nephrectomy,Egypt,2022.0,Egypt
NCT02148731,MOST: Mediterranean Oncology Senior Tests,Completed,Unknown,,180,Association Sud pour la Recherche en Oncogériatrie,OTHER,Colon Cancer Patients Receiving Chemotherapy in the Adjuvant or Metastatic Setting; Aged 70 or Older,France,,France
NCT07227402,A Clinical Study of Belzutifan and Zanzalintinib in People With Recurrent Kidney Cancer Following Adjuvant Therapy (MK-6482-033),Recruiting,Phase 3,2025-11-26,904,Merck Sharp & Dohme LLC,INDUSTRY,Renal Cell Carcinoma,Denmark; Singapore; Belgium; Greece; Italy; Spain; South Korea; Australia; Mexico; Austria; Argentina; Germany; Ireland; France; Brazil; Poland; Czechia; Taiwan; Hong Kong,2025.0,Denmark
NCT03518502,Sorafenib Monotherapy vs. TACE-sorafenib Sequential Therapy for HCC With Metastasis,UNKNOWN,Phase 4,2012-03-01,130,Korea University,OTHER,Hepatocellular Carcinoma; Metastasis,South Korea,2012.0,South Korea
NCT07275853,Personalized KXV01 Lentinvivo (TCR) Injection as the Therapy for Advanced Solid Tumors,Not Yet Recruiting,Phase 1,2025-12-01,30,TCRx Therapeutics Co.Ltd,INDUSTRY,Advanced Solid Tumors,China,2025.0,China
NCT05071053,Tusamitamab Ravtansine (SAR408701) in Combination With Ramucirumab in Pretreated Participants With Gastric Cancer,Terminated,Phase 2,2021-11-16,35,Sanofi,INDUSTRY,Adenocarcinoma Gastric; Gastrooesophageal Cancer,Japan; Turkey (Türkiye); Belgium; South Korea; Russia; Spain,2021.0,Japan
NCT05702853,"Metabolically Fit CD19 CAR T-cell Therapy With CD34 Selection in Patients With CD19+ Relapsed/Refractory NHL, CLL/SLL",Recruiting,Phase 1,2023-11-06,27,Medical University of South Carolina,OTHER,B-cell Non Hodgkin Lymphoma; Chronic Lymphocytic Leukemia,United States,2023.0,United States
NCT03766945,Fatigue and QoL Among Gastric Cancer Patients Undergoing Abdominal Surgery,UNKNOWN,Unknown,2017-07-27,120,National Taiwan University Hospital,OTHER,Gastric Cancer; Surgical Wound Infection; Fatigue,Taiwan,2017.0,Taiwan
NCT03708445,Development of a New Immunochemistry Method Using Antibodies of Proteins Related Bile Duct Cancer,Completed,Unknown,2018-11-01,240,Gangnam Severance Hospital,OTHER,"Bile Duct Obstruction, Extrahepatic",South Korea,2018.0,South Korea
NCT05833672,Neoadjuvant Immunotherapy in Locally Advanced Colon Cancers,UNKNOWN,Phase 2,2023-05-01,100,fan li,OTHER,Colon Cancer; Immunotherapy,China,2023.0,China
NCT05958472,Navigating the Clinical Research Process for Glioma,Not Yet Recruiting,Unknown,,500,Power Life Sciences Inc.,INDUSTRY,Glioma,United States,,United States
NCT02296177,Evidence Based Dissemination for Mammography Adherence in Safety Net Communities,Completed,Unknown,,4448,"The University of Texas Health Science Center, Houston",OTHER,Breast Cancer,United States,,United States
NCT05156177,Correlation of Fecal Microbiome and Its Metabolites With Outcome of Radiotherapy in Head and Neck Carcinoma,UNKNOWN,Unknown,2021-12-01,40,Institute of Oncology Ljubljana,OTHER,Head and Neck Squamous Cell Carcinoma,Slovenia,2021.0,Slovenia
NCT01737177,Bendamustine/Lenalidomide/Rituximab: Combination as a Second-Line Therapy for 1st Relapsed-Refractory MCL,Completed,Phase 2,2012-07-31,42,Fondazione Italiana Linfomi - ETS,OTHER,Mantle Cell Lymphoma,Italy,2012.0,Italy
NCT03213977,"R-DA-EDOCH Versus R-CEOP90, With/Without Upfront Auto-HSCT in Young Patients With High-risk DLBCL",UNKNOWN,Phase 3,2017-07-10,475,Fujian Medical University,OTHER,Diffuse Large B-cell Lymphoma,China,2017.0,China
NCT01690377,Natural Dendritic Cell Vaccines in Metastatic Melanoma Patients,Completed,Phase 1,,30,Radboud University Medical Center,OTHER,Melanoma,Netherlands,,Netherlands
NCT06662877,Anlotinib Plus Nab-Paclitaxels and S-1 for Patients with Advanced Biliary Tract Cancer As Second-Line Treatment,Not Yet Recruiting,Phase 2,2024-11-25,206,Sun Yat-sen University,OTHER,Biliary Tract Cancer; Second Line Treatment; Chemotherapy,China,2024.0,China
NCT05296577,Anlotinib Combination With Vinorelbine in the HER2- Advanced Breast Cancer,UNKNOWN,Phase 2,2022-03-22,134,Henan Cancer Hospital,OTHER_GOV,Breast Cancer,China,2022.0,China
NCT02288611,The Impact of Palm Date Intake on Colon Health Biomarkers,Completed,Unknown,,22,University of Reading,OTHER,Colon Cancer,Unknown,,Unknown
NCT06702592,Virtual Testis Cancer Lay Support and Survivorship Aim 2,Not Yet Recruiting,Unknown,,360,UNC Lineberger Comprehensive Cancer Center,OTHER,Testicular Cancer; Testis Cancer,United States,,United States
NCT02456792,IVF Versus LOD in Women With CC Resistant PCOS,Withdrawn,Phase 4,,0,Mohamed Sayed Abdelhafez,OTHER,Infertility; Polycystic Ovarian Syndrome,Egypt,,Egypt
NCT04655092,Extension Study of P1101 After Completion of Phase 2 Study in PV Patients or Phase 3 Study in ET Patients,Recruiting,Phase 3,2021-01-19,67,PharmaEssentia Japan K.K.,INDUSTRY,Polycythemia Vera (PV),Japan,2021.0,Japan
NCT02273336,Comprehensive Genomic Analysis in Tissue and Blood Samples From Young Patients With Lung Cancer,Completed,Unknown,2014-07-22,40,University of Southern California,OTHER,Non-small Cell Lung Cancer; Small Cell Lung Cancer,United States,2014.0,United States
NCT04210336,Clinical Trial to Evaluate Papilocare® Gel Efficacy Into Repairment of Cervical Lesions Caused by HPV,Completed,Unknown,2018-08-07,200,Procare Health Iberia S.L.,INDUSTRY,HPV Infection; Lesion Cervix,Spain,2018.0,Spain
NCT05387044,SBRT for Oligoprogressive NSCLC After First Line Treatment With Immune Checkpoint Inhibitors,UNKNOWN,Phase 2,2022-05-01,28,Zhejiang Cancer Hospital,OTHER,NSCLC Stage IV,China,2022.0,China
NCT02399371,Pembrolizumab in Treating Patients With Malignant Mesothelioma,"Active, Not Recruiting",Phase 2,2015-03-31,65,University of Chicago,OTHER,Biphasic Mesothelioma; Epithelioid Mesothelioma; Peritoneal Malignant Mesothelioma,United States,2015.0,United States
NCT00681044,HD Melphalan and SCT in Patients With IGDD or LCDD,Terminated,Phase 2,,5,Boston Medical Center,OTHER,Multiple Myeloma,United States,,United States
NCT00283244,"Ph II Gemcitabine, Erlotinib, and Gemcitabine With Erlotinib/Elderly Patients W/ IIIB/IV NSCLC",Completed,Phase 2,,147,UNC Lineberger Comprehensive Cancer Center,OTHER,Lung Cancer,United States,,United States
NCT06440044,Recurrence and Bleeding in Colorectal Cancer Patients With Cancer-associated Venous Thrombembolism,Completed,Unknown,2019-01-01,2000,"Sixth Affiliated Hospital, Sun Yat-sen University",OTHER,"Thrombosis, Venous; Colo-rectal Cancer; Bleeding",China,2019.0,China
NCT05378334,Efficacy and Safety of HGXJT in Bone Metastatic NSCLC Patients,Recruiting,Unknown,2022-06-15,82,Guangzhou University of Traditional Chinese Medicine,OTHER,Non-small Cell Lung Cancer,China,2022.0,China
NCT02158234,"Stereotactic Body Radiotherapy and Concurrent Cisplatin for Re-Irradiation of Unresectable, Recurrent Squamous Cell Carcinomas of Head and Neck",Completed,Phase 1,2014-07-16,20,H. Lee Moffitt Cancer Center and Research Institute,OTHER,Squamous Cell Carcinoma of the Head and Neck,United States,2014.0,United States
NCT01152164,Quality of Life in Patients After Combined Modality Treatment of Rectal Cancer,UNKNOWN,Unknown,,167,Institute of Oncology Ljubljana,OTHER,Rectal Cancer,Slovenia,,Slovenia
NCT06428799,Evaluation of Carebot AI MMG Medical Device for Breast Lesion Detection and Density Assessment,Completed,Unknown,2022-01-14,122,Carebot s.r.o.,INDUSTRY,Breast Cancer; Breast Tumor Benign,Czechia,2022.0,Czechia
NCT05771532,A Prospective and Randomized Controlled Evaluation of Sexual Health Education Program of Gynecological Cancer Women,Completed,Unknown,2017-03-26,63,Chang Gung Memorial Hospital,OTHER,Sexual Health,Taiwan,2017.0,Taiwan
NCT00822432,Coproporphyrine Isomers and Methotrexate Elimination,Completed,Unknown,,85,Assistance Publique - Hôpitaux de Paris,OTHER,"Central Nervous System Neoplasms; Lymphoma, Large B-Cell, Diffuse; Precursor B-Cell Lymphoblastic Leukemia-Lymphoma",France,,France
NCT03387098,QUILT-3.070:Pancreatic Cancer Vaccine: Subjects With Pancreatic Cancer Who Have Progressed on or After Standard-of-care Therapy,Terminated,Phase 1,2017-12-28,4,"ImmunityBio, Inc.",INDUSTRY,Pancreatic Cancer,United States,2017.0,United States
NCT03583463,ALEXANDRIA Study Egypt,Completed,Unknown,2018-10-29,436,AstraZeneca,INDUSTRY,Breast Cancer,Egypt,2018.0,Egypt
NCT07348393,"A Phase 2, Single Arm Multicenter, Study Testing Mezigdomide, Carfilzomib, and Dexamethasone (480Kd) in Participants With Relapsed or Refractory Multiple Myeloma (RRMM)",Not Yet Recruiting,Phase 2,,70,Assistance Publique - Hôpitaux de Paris,OTHER,Relapsed or Refractory Multiple Myeloma (RRMM),France,,France
NCT01074021,Nimotuzumab in Combination With Chemoradiation for Nasopharyngeal Cancer,UNKNOWN,Phase 3,,480,"Biotech Pharmaceutical Co., Ltd.",OTHER,Nasopharyngeal Cancer,China,,China
NCT04665921,A Study of SGN-STNV in Advanced Solid Tumors,Terminated,Phase 1,2021-01-18,111,Seagen Inc.,INDUSTRY,"Carcinoma, Non-Small Cell Lung; HER2 Negative Breast Neoplasms; Ovarian Neoplasms",France; Canada; United States; United Kingdom; Italy; Spain,2021.0,France
NCT02836821,Effect of Rifampicin on the Pharmacokinetics of Apatinib,Completed,Phase 1,,20,"Jiangsu HengRui Medicine Co., Ltd.",INDUSTRY,Neoplasms,China,,China
NCT04475016,TIP (Paclitaxel + Ifosfamide + Cisplatin) Combined With Nimotuzumab & Triprilimab as Neoadjuvant Treatment in Locally Advanced Penile Cancer,Completed,Phase 2,2020-08-12,29,Sun Yat-sen University,OTHER,Penile Cancer,China,2020.0,China
NCT03213652,"Ensartinib in Treating Patients With Relapsed or Refractory Advanced Solid Tumors, Non-Hodgkin Lymphoma, or Histiocytic Disorders With ALK or ROS1 Genomic Alterations (A Pediatric MATCH Treatment Trial)","Active, Not Recruiting",Phase 2,2018-04-17,13,National Cancer Institute (NCI),NIH,Advanced Malignant Solid Neoplasm; Malignant Solid Neoplasm; Recurrent Ependymoma,United States; Australia; Canada; Puerto Rico,2018.0,United States
NCT04810052,Positive Activities Intervention to Improve Quality of Life in Collectivist Culture Cancer Patients and Their Caregivers,Completed,Unknown,2021-05-18,75,M.D. Anderson Cancer Center,OTHER,Hematopoietic and Lymphoid Cell Neoplasm; Malignant Solid Neoplasm,United States,2021.0,United States
NCT05020652,A Clinical Trial of TQ05105 Tablets in the Treatment of Moderate and High Risk Myelofibrosis,"Active, Not Recruiting",Phase 2,2021-11-11,107,"Chia Tai Tianqing Pharmaceutical Group Co., Ltd.",INDUSTRY,Moderate and High Risk Myelofibrosis,China,2021.0,China
NCT04716452,Study of C6 Ceramide NanoLiposome (CNL) in Patients With Relapsed/Refractory Acute Myeloid Leukemia,Recruiting,Phase 1,2025-10-01,15,"Keystone Nano, Inc",INDUSTRY,"Acute Myeloid Leukemia, in Relapse; Acute Myeloid Leukemia, Refractory; Refractory/Relapse Acute Myeloid Leukemia",United States,2025.0,United States
NCT01639352,Phase II Trial of SOM230 in Patients With Unresectable Hepatocellular Carcinoma,Completed,Phase 2,,20,Lynn Feun,OTHER,Hepatocellular Carcinoma,United States,,United States
NCT04572152,A Study of AK119 (Anti-CD73) in Combination With AK104 in Subjects With Advanced Solid Tumors,Completed,Phase 1,2020-12-07,23,Akeso,INDUSTRY,Advanced or Metastatic Solid Tumors,Australia,2020.0,Australia
NCT03633552,Efficacy of Two Temozolomide Regimens in Adjuvant Treatment of Patients With Brain High Grade Glioma,UNKNOWN,Phase 3,2018-03-03,62,Mashhad University of Medical Sciences,OTHER,Glioblastoma Multiforme of Brain; Anaplastic Astrocytoma of Brain,Iran,2018.0,Iran
NCT00427752,Abdominal Exploration Without Incisions,Completed,Phase 1 (Early),,20,Jeffrey Hazey,OTHER,Pancreatic Cancer,United States,,United States
NCT06137352,Two Domestic HPV Vaccines and Imported HPV Vaccines in Women Aged 13-14 Years Study on Immunogenicity,Not Yet Recruiting,Unknown,2023-12-15,3000,Fujian Maternity and Child Health Hospital,OTHER,HPV Infection; HPV Vaccine; Cervical Cancer Prevention,China,2023.0,China
NCT00582647,Collection of Tissue & Blood From Patients w/ Benign & Malignant Tumors of the Soft Tissue & Gastrointestinal Tract,"Active, Not Recruiting",Unknown,,6000,Memorial Sloan Kettering Cancer Center,OTHER,Esophageal Cancer; Bile Duct Neoplasms; Gastric Cancer,United States,,United States
NCT02696447,Radiation Impact on Thromboembolic Events,Completed,Unknown,2016-06-14,450,Institut de Cancérologie de la Loire,OTHER,Malignant Neoplasm,France,2016.0,France
NCT05776147,Radiotherapy With Extreme Hypofractionation in Patients With Breast Cancer in Brazil: a Retrospective Cohort Study,Recruiting,Unknown,2023-11-09,400,Latin American Cooperative Oncology Group,OTHER,Radiotherapy Side Effect,Brazil,2023.0,Brazil
NCT01265147,Intensity-modulated Radiation Therapy Combined With Cisplatin or Nedaplatin Chemotherapy in Nasopharyngeal Carcinoma,UNKNOWN,Phase 2,,20,Daping Hospital and the Research Institute of Surgery of the Third Military Medical University,OTHER,Nasopharyngeal Carcinoma,China,,China
NCT00901147,Study of Bortezomib and Panobinostat in Treating Patients With Relapsed/Refractory Peripheral T-cell Lymphoma or NK/T-cell Lymphoma,Completed,Phase 2,,25,Singapore General Hospital,OTHER,Peripheral T-cell Lymphoma (Not Otherwise Specified); Angioimmunoblastic T-cell Lymphoma; Extranodal NK/T-cell Lymphoma Nasal Type,Malaysia; Singapore; South Korea,,Malaysia
NCT03868449,Question Prompt List for Common Hand Conditions,Completed,Unknown,2019-04-08,126,Stanford University,OTHER,Carpal Tunnel Syndrome; Trigger Finger; Trigger Thumb,United States,2019.0,United States
NCT00002549,Combination Chemotherapy Followed by Bone Marrow or Peripheral Stem Cell Transplantation in Treating Patients With Acute Myelogenous Leukemia,UNKNOWN,Phase 3,,1520,European Organisation for Research and Treatment of Cancer - EORTC,NETWORK,Leukemia,France; Netherlands; Croatia; Turkey (Türkiye); Germany; Czechia; Belgium; Portugal; Austria; Italy; Hungary,,France
NCT00942838,Whole Abdomen Radiation in Conjunction With Intraperitoneal Chemotherapy for the Treatment of Small Volume Recurrent Ovarian Carcinoma Limited to the Peritoneal Cavity,Withdrawn,Phase 1,,0,University of Utah,OTHER,Recurrent Ovarian Carcinoma,United States,,United States
NCT01187238,The Value of Concurrent Chemoradiotherapy for Stage II Nasopharyngeal Carcinoma,Completed,Phase 2,,84,Chinese Academy of Medical Sciences,OTHER,Nasopharyngeal Carcinoma,China,,China
NCT04825938,Neoadjuvant Toripalimab in Combination With Carboplatin and Nab-paclitaxel in Untreated Salivary Gland Malignant Neoplasms,Not Yet Recruiting,Phase 2,2021-04-30,15,Sun Yat-Sen Memorial Hospital of Sun Yat-Sen University,OTHER,Salivary Gland Malignant Neoplasms; Salivary Gland Tumors,China,2021.0,China
NCT00137358,Radiation With Chemotherapy and a Study Drug to the Para-Aortic Nodes in Cervical Cancer,Withdrawn,Phase 1,,0,University of Alabama at Birmingham,OTHER,Cervical Cancer,United States,,United States
NCT06469255,Short Term Ketogenic Diet in Polycictic Ovary Syndrome,Completed,Unknown,2019-10-01,13,Istanbul Bilgi University,OTHER,Polycystic Ovary Syndrome,Turkey (Türkiye),2019.0,Turkey (Türkiye)
NCT00204555,Safety and Efficacy Study of Imiquimod 5% Cream Applied 3x Per Week for 8 or 12 Weeks in Low Risk Nodular Basal Cell Carcinoma,Completed,Phase 4,,100,University Hospital Tuebingen,OTHER,"Carcinoma, Basal Cell",Germany,,Germany
NCT00896155,Trial of Concurrent Versus Sequential Tamoxifen With Radiotherapy in Breast Cancer Patients,UNKNOWN,Phase 3,,260,Tata Memorial Hospital,OTHER_GOV,Pulmonary Fibrosis; Breast Cancer,India,,India
NCT02201355,Hypofractionated Reduced-Volume Chemoradiation for T1/2N0-2 SCC Head and Neck,Terminated,Phase 1,2014-09-18,8,University of Texas Southwestern Medical Center,OTHER,Squamous Cell Carcinoma of the Head and Neck T1/2N0-2,United States,2014.0,United States
NCT02579226,"A Phase I Study of Safety, Tolerability, and PK of AZD2811 in Patients With Advanced Solid Tumors.",Completed,Phase 1,2015-10-28,72,AstraZeneca,INDUSTRY,Advanced Solid Tumours,United States,2015.0,United States
NCT06607926,Neoadjuvant With Tα1 Plus Immuno-chemotherapy for Resectable NSCLC,Not Yet Recruiting,Unknown,2024-10-15,40,"Xuanwu Hospital, Beijing",OTHER,Resectable Non-Small-Cell Lung Cancer,China,2024.0,China
NCT00850785,Autologous Tumor DRibble Vaccine in Patients With Non-Small Cell Lung Cancer,Completed,Phase 1,,6,Providence Health & Services,OTHER,Non Small Cell Lung Cancer,United States,,United States
NCT04157985,Evaluating Length of Treatment With PD-1/PD-L1 Inhibitor in Advanced Solid Tumors,Completed,Phase 3,2019-11-15,161,Dan Zandberg,OTHER,Advanced Solid Tumors; NSCLC; Bladder Cancer,United States,2019.0,United States
NCT07509385,The Role of Serum Cytokines IL_17 A and IL_10 in Disease Activity of Acute B Lymphoblastic Leukemia in South Egypt,Not Yet Recruiting,Unknown,2026-03-31,80,Assiut University,OTHER,"Acute Lymphoblastic Leukemia, B-Cell",Unknown,,Unknown
NCT07049185,QL1706 Plus Celecoxib in Advanced Esophageal Squamous Cell Carcinoma,Not Yet Recruiting,Phase 2,2025-07-15,35,Peking University Cancer Hospital & Institute,OTHER,Esophageal Squamous Cell Carcinoma,Unknown,2025.0,Unknown
NCT06747585,A Study to Investigate ALE.P02 as Monotherapy in Adult Patients With Selected CLDN1+ Solid Tumors,Recruiting,Phase 1,2024-12-16,170,Alentis Therapeutics AG,INDUSTRY,Squamous Non-small-cell Lung Cancer; Head and Neck Squamous Cell Carcinoma; Cervical Squamous Cell Carcinoma,France; United States; Singapore; Taiwan; South Korea; Hong Kong; Italy; Spain,2024.0,France
NCT06963385,Radiomics and Molecular Classification in Endometrial Cancer,"Active, Not Recruiting",Unknown,2021-01-15,250,"Fondazione IRCCS Istituto Nazionale dei Tumori, Milano",OTHER,Endometrial Cancer; Uterine Cancer; Endometrium Tumor,Italy,2021.0,Italy
NCT00606385,Prospective Randomized Trial of Laparoscopic Versus Open Liver Resection for HCC,UNKNOWN,Unknown,,84,Seoul National University Hospital,OTHER,Hepatocellular Carcinoma,South Korea,,South Korea
NCT00126685,Vaccine Therapy in Treating Patients With Stage IV Melanoma,UNKNOWN,Phase 1,,30,Dermatologische Klinik MIT Poliklinik-Universitaetsklinikum Erlangen,OTHER,Melanoma (Skin),Germany,,Germany
NCT03667443,Myo-inositol Plus Alpha-lactalbumin in PCOS Myo-inositol-resistant Patients,Completed,Unknown,2022-06-13,50,Lo.Li.Pharma s.r.l,INDUSTRY,PCOS; Myo-inositol-resistance,Bulgaria,2022.0,Bulgaria
NCT06494943,Induction IBI110 and Sintilimab with Chemotherapy in LA HNSCC,Recruiting,Phase 1,2024-06-26,27,Fudan University,OTHER,Head and Neck Cancer; Head and Neck Squamous Cell Carcinoma,China,2024.0,China
NCT05900908,Post-operative Adjuvant Therapy w/wo GammaTile + Systemic Therapy,Withdrawn,Phase 4,,0,"GT Medical Technologies, Inc.",INDUSTRY,Glioblastoma,Unknown,,Unknown
NCT02279992,Pilot Study of Vardenafil and Carboplatin in Patients With Gliomas and Brain Metastases,Terminated,Phase 1 (Early),2012-03-27,7,Cedars-Sinai Medical Center,OTHER,Glioma; Brain Neoplasms; Brain Metastasis,United States,2012.0,United States
NCT05606692,Influences of Propofol and Sevoflurane Anesthesia in Ovarian Cancer (Anesthetics),Recruiting,Phase 4,2022-11-23,416,Kaohsiung Medical University Chung-Ho Memorial Hospital,OTHER,Ovarian Cancer,Taiwan,2022.0,Taiwan
NCT02087592,Feasibility of Lifestyle Intervention in BRCA1/2 Mutation Carriers,Completed,Unknown,,69,Technical University of Munich,OTHER,Hereditary Breast and Ovarian Cancer,Germany,,Germany
NCT04430192,"Dosimetry, Safety and Potential Benefit of 177Lu-PSMA-617 Prior to Prostatectomy","Active, Not Recruiting",Phase 1,2020-08-06,20,"Peter MacCallum Cancer Centre, Australia",OTHER,Prostatic Neoplasms,Australia,2020.0,Australia
NCT02437136,"Ph1b/2 Dose-Escalation Study of Entinostat With Pembrolizumab in Non-small Cell Lung Cancer (NSCLC) With Expansion Cohorts in NSCLC, Melanoma, and Colorectal Cancer (CRC)",Completed,Phase 1,2015-08-26,191,Syndax Pharmaceuticals,INDUSTRY,Non-Small Cell Lung Cancer; Melanoma; Mismatch Repair-Proficient Colorectal Cancer,United States,2015.0,United States
NCT00002692,Intravenous Compared With Intrahepatic Chemotherapy in Treating Patients With Colorectal Cancer Metastatic to the Liver,UNKNOWN,Phase 3,,312,Medical Research Council,OTHER_GOV,Colorectal Cancer; Metastatic Cancer,United Kingdom,,United Kingdom
NCT00708292,"A Phase I-Ib/II Study to Determine the Maximum Tolerated Dose (MTD) of AUY922 Alone and in Combination With Bortezomib, With or Without Dexamethasone, in Patients With Relapsed or Refractory Multiple Myeloma.",Completed,Phase 1,,29,Novartis Pharmaceuticals,INDUSTRY,Relapsed or Refractory Multiple Myeloma,United States; Singapore; Germany; Australia; Spain,,United States
NCT04774744,Effect of Digital Health Coaching Program on Self-efficacy and Patient Reported Outcomes of Patients With Newly Diagnosed Acute Myeloid Leukemia or Chronic Lymphocytic Leukemia,Completed,Unknown,2020-03-17,157,M.D. Anderson Cancer Center,OTHER,Acute Myeloid Leukemia; Chronic Lymphocytic Leukemia,United States,2020.0,United States
NCT01324336,Comparative Pharmacokinetics of a Compounded 6-mercaptopurine Liquid Formulation Preparation and Tablets,Completed,Unknown,,40,Children's Mercy Hospital Kansas City,OTHER,Acute Lymphoblastic Leukemia,United States,,United States
NCT02543411,Use of Lidocaine in Endoscopic Submucosal Dissection,Completed,Unknown,,66,Severance Hospital,OTHER,Gastric Neoplasm,South Korea,,South Korea
NCT06548711,Effect of Transcutaneous Acupoint Electrical Stimulation (TAES) on Postoperative Cough in Lung Cancer,Recruiting,Unknown,2024-04-17,84,Kong Fanming,OTHER,Postoperative Cough; Lung Cancer,China,2024.0,China
NCT02716311,Combination of Cetuximab With Afatinib for Patient With EGFR Mutated Lung Cancer,Completed,Phase 2,,118,Intergroupe Francophone de Cancerologie Thoracique,OTHER,Non Small Cell Lung Cancer,France,,France
NCT01038271,Integrated Versus Standard Palliative Care in Patients With Advanced Non-small Cell Lung Cancer (NSCLC),Completed,Unknown,,151,Massachusetts General Hospital,OTHER,Non-small Cell Lung Cancer,United States,,United States
NCT06177171,Olaparib and ASTX727 in BRCA1/2- and Homologous Recombination Deficient (HRD)-Mutated Tumors,Recruiting,Phase 1,2024-02-07,18,Pamela Munster,OTHER,BRCA1 Mutation; BRCA2 Mutation; BRCA Mutation,United States,2024.0,United States
NCT01868971,Clinical Study to Establish the Feasibility and Usability of the EndoRings™,Completed,Unknown,,60,EndoAid,INDUSTRY,Colon Cancer; Bowel Cancer; Colorectal Cancer,Israel,,Israel
NCT02616744,Study of Oral Bisphosphonate for Osteopenic Women Treated With Adjuvant Aromatase Inhibitors,Completed,Phase 2,,171,Azienda Ospedaliero-Universitaria Careggi,OTHER,Breast Cancer,Italy,,Italy
NCT07282444,"A New Way to Share Radiation Therapy Plans Between Doctors, CORRECT Trial",Not Yet Recruiting,Unknown,2026-07-01,194,Wake Forest University Health Sciences,OTHER,Lung Carcinoma; Head and Neck Carcinoma,United States,,United States
NCT05214144,The In4M Study: Integrating 4 Methods to Assess Physical Function in Cancer Patients,Completed,Unknown,2022-01-27,208,Yale University,OTHER,"Physical Function; Cancer, Breast; Lymphoma",United States,2022.0,United States
NCT03978364,A Study of Azacitidine for Patients With Int/High -Risk MDS and AML-MRC,UNKNOWN,Phase 3,2019-06-01,100,Shandong Provincial Hospital,OTHER_GOV,"Myelodysplastic Syndromes,Acute Myeloid Leukemia",China,2019.0,China
NCT02780934,Comparing Pressure Versus Simple Adhesive Dressing After Mohs Reconstruction,Completed,Unknown,,81,Dartmouth-Hitchcock Medical Center,OTHER,Non-melanoma Skin Cancer,Unknown,,Unknown
NCT00114764,Trial Comparing Pegfilgrastim With Filgrastim as an Adjunct to Chemotherapy for Acute Myeloid Leukaemia (AML),Completed,Phase 2,,84,Amgen,INDUSTRY,Myeloid Leukemia,Unknown,,Unknown
NCT02028364,Pet Imaging as a Biomarker in Hormone Refractory postmenopausaL Women,Completed,Phase 2,2014-01-12,55,Jules Bordet Institute,OTHER,Breast Cancer,Belgium,2014.0,Belgium
NCT05631964,Phase I Clinical Study of BL-M07D1 in Locally Advanced or Metastatic Digestive Tract Tumors and Other Solid Tumors,Recruiting,Phase 1,2023-01-05,26,"Sichuan Baili Pharmaceutical Co., Ltd.",INDUSTRY,Locally Advanced or Metastatic Digestive Tract Tumors; Other Solid Tumors,China,2023.0,China
NCT02880709,The Effect of Special Diets in Hematological Cancer Patients,Completed,Phase 4,,32,Jens Rikardt Andersen,OTHER,Hematological Malignancy,Denmark,,Denmark
NCT06174532,Virtual Surgical Planning in Mandibular Segmental Resection,UNKNOWN,Unknown,2023-12-27,30,University of Medicine and Pharmacy at Ho Chi Minh City,OTHER,Virtual Surgical Planning; Benign Neoplasm; Mandible,Vietnam,2023.0,Vietnam
NCT07214298,Pegcetacoplan in Combination With Modified FOLFIRINOX for the Treatment of Metastatic Pancreatic Ductal Adenocarcinoma,Recruiting,Phase 1,2026-02-16,35,Roswell Park Cancer Institute,OTHER,Metastatic Pancreatic Ductal Adenocarcinoma; Stage IV Pancreatic Cancer AJCC v8,United States,,United States
NCT01106898,Cyclophosphamide and Paclitaxel With or Without Trastuzumab in Stage I-II Breast Cancer Who Have Undergone Surgery,Completed,Phase 2,2010-03-24,112,University of Nebraska,OTHER,Stage IA Breast Cancer; Stage IB Breast Cancer; Stage IIA Breast Cancer,United States,2010.0,United States
NCT06713798,Targeting PD-L1 and TIGIT in Tumors With Tertiary Lymphoid Structures,Withdrawn,Phase 2,2025-01-30,0,"Gustave Roussy, Cancer Campus, Grand Paris",OTHER,Metastatic Cancer Lung; Advanced Lung Cancer; CBNPC Cancer,Unknown,2025.0,Unknown
NCT07122687,IBI363 Combined With Chemotherapy or Pembrolizumab Combined With Chemotherapy as Neoadjuvant Therapy in Resectable Stage IB-III Non-Squamous Non-Small Cell Lung Cancer,Recruiting,Phase 2,2025-08-26,170,Innovent Biologics (Suzhou) Co. Ltd.,INDUSTRY,Resectable Stage IB-III Non-Squamous Non-Small Cell Lung Cancer,China,2025.0,China
NCT05650814,Telematics Device for Daily Monitoring of Vital Signs in Cancer,UNKNOWN,Unknown,2022-05-23,50,Fondazione ANT Italia ONLUS,OTHER,Cancer; Cardiovascular Diseases; Respiratory Disease,Italy,2022.0,Italy
NCT07180914,A Real-world Study on the Compliance of OFS-assisted Endocrine Therapy for Hormone Receptor-positive(HR+) Premenopausal Breast Cancer,Not Yet Recruiting,Unknown,2025-10-10,300,Zhejiang Cancer Hospital,OTHER,Breast Cancer Females,Unknown,2025.0,Unknown
NCT04246606,Concordance of the IHC4 Score Performed in Local or Central Laboratory to Endopredict in ER+/HER2- Breast Cancer,Completed,Unknown,2020-04-24,155,UNICANCER,OTHER,Breast Neoplasm Female,France,2020.0,France
NCT01532804,2nd-line Treatment of Metastatic Colorectal Cancer,Terminated,Phase 2,2011-07-28,83,Institut du Cancer de Montpellier - Val d'Aurelle,OTHER,Metastatic Colorectal Cancer,France,2011.0,France
NCT07558304,Suprapapillary Metal Stent vs. Routine Transpapillary Drainage in Malignant Hilar Biliary Obstruction (SMART-B Trial),Not Yet Recruiting,Unknown,2026-05-01,84,Hospital de Clinicas de Porto Alegre,OTHER,Cholangiocarcinoma; Bile Duct Neoplasms; Malignant Biliary Obstruction,Brazil,,Brazil
NCT00213733,Molecular Assessment of Lymph Nodes in Patients With Resected (Stage I to IIIA) Non-small Cell Lung Cancer,Completed,Unknown,,150,"University Hospital, Strasbourg, France",OTHER,Lung Cancer,France,,France
NCT01290484,A Study to Evaluate Sildenafil for the Treatment of Lymphatic Malformations,Completed,Phase 1,,7,Stanford University,OTHER,Lymphangioma,United States,,United States
NCT03908333,High Dose Ascorbic Acid and Nanoparticle Paclitaxel Protein Bound and Cisplatin and Gemcitabine (AA NABPLAGEM) in Patients Who Have Metastatic Pancreatic Cancer,Withdrawn,Phase 1,2019-05-01,0,Medical College of Wisconsin,OTHER,Metastatic Pancreatic Cancer; Pancreatic Cancer; Pancreas Cancer,United States,2019.0,United States
NCT02436733,Pleurectomy/ Decortication (P/D) Preceded or Followed by Chemotherapy in Patients With Early Stage MPM,UNKNOWN,Phase 2,2016-09-20,64,European Organisation for Research and Treatment of Cancer - EORTC,NETWORK,Malignant Pleural Mesothelioma,Netherlands; Belgium,2016.0,Netherlands
NCT02784652,Efficacy of Radiotherapy in Combination With Zoledronic Acid in Bone Metastasis Patients With Gastrointestinal Tumors,Completed,Phase 2,,60,Severance Hospital,OTHER,Bone Metastasis; Gastrointestinal Cancer,South Korea,,South Korea
NCT00026247,Radiofrequency Ablation in Treating Patients With Bone Metastases,Completed,Unknown,,66,American College of Radiology Imaging Network,NETWORK,"Metastatic Cancer; Pain; Unspecified Adult Solid Tumor, Protocol Specific",United States,,United States
NCT00578149,Bevacizumab and Carboplatin/Paclitaxel and Radiation in Non-Small Cell Lung Cancer,Completed,Phase 2,,45,Dana-Farber Cancer Institute,OTHER,Non-Small Cell Lung Cancer,United States,,United States
NCT01261247,Panobinostat in Treating Patients With Relapsed or Refractory Non-Hodgkin Lymphoma,Completed,Phase 2,2011-01-17,41,Mayo Clinic,OTHER,Adult Nasal Type Extranodal NK/T-cell Lymphoma; Anaplastic Large Cell Lymphoma; Angioimmunoblastic T-cell Lymphoma,United States,2011.0,United States
NCT06172049,Incidence of Colorectal Cancer in Southwest China: Based on SCC Database,Completed,Unknown,2014-01-01,5838,West China Hospital,OTHER,Colorectal Cancer,China,2014.0,China
NCT05358158,Chest dRain rEmoval intrAoperatively afTer thoracOscopic Wedge Resection,Completed,Unknown,2022-05-04,94,"Rigshospitalet, Denmark",OTHER,Lung Neoplasms; Lung Surgery; Enhanced Recovery After Surgery,Denmark,2022.0,Denmark
NCT00984438,Surgery With Implantable Biodegradable Carmustine (BCNU) Wafer Followed by Chemo for Patients With Recurrent Glioblastoma Multiforme,Withdrawn,Phase 1,,0,University of Cincinnati,OTHER,Glioblastoma Multiforme,United States,,United States
NCT03137758,A Phase I Study of PCUR-101 in Combination With Androgen Suppression Therapy in the Treatment of Patients With Metastatic Castration-Resistant Prostate Cancer,Terminated,Phase 1,2017-07-24,12,"Pellficure Pharmaceuticals, Inc",INDUSTRY,Metastatic Castration-Resistant Prostate Cancer,United States,2017.0,United States
NCT00894049,A Study Comparing Non Myeloablative (Flu-TBI) and Reduced Intensity (FLU-BU-ATG) Conditioning in Allogenic Transplantation,Completed,Phase 2,,148,Institut Paoli-Calmettes,OTHER,Allograft; Allogeneic Cell Transplantaion; Hematological Malignancy,France,,France
NCT06523049,Vorolanib Plus Sintilimab for Advanced Renal Cell Carcinoma After Failure of Prior Immune Checkpoint Inhibitors Based Combination Therapy,Not Yet Recruiting,Phase 2,,67,Hao Zeng,OTHER,Renal Cell Carcinoma; Immunotherapy; Molecular Targeted Therapy,China,,China
NCT02537158,Sorafenib and TACE as Adjuvant Therapy for MVI in HCC Patients After Radical Resection,UNKNOWN,Unknown,,90,Chinese Academy of Medical Sciences,OTHER,Hepatocellular Carcinoma,China,,China
NCT02375958,PCA062 in pCAD-positive Tumors.,Completed,Phase 1,2015-04-15,47,Novartis Pharmaceuticals,INDUSTRY,Triple Negative Breast Cancer; Head & Neck Cancer; Esophageal Cancer,France; Japan; United States; Singapore; Italy; Spain,2015.0,France
NCT01085058,"Predictive Value of the ""Cytocapacity Test"" Patients With Lymphoproliferative Diseases and High-dose Therapy",Completed,Phase 2,,169,WiSP Wissenschaftlicher Service Pharma GmbH,OTHER,Hodgkin's Disease; Non-Hodgkin Lymphomas; Multiple Myelomas,Unknown,,Unknown
NCT05099848,A Trial of Conversion Treatment of HAIC Combined With Camrelizumab and Apatinib for Unresected Hepatocellular Carcinoma,UNKNOWN,Phase 2,2021-03-17,21,Shandong Cancer Hospital and Institute,OTHER,Hepatocellular Carcinoma,China,2021.0,China
NCT05171478,Full-Field Optical Coherence Tomography (FFOCT) for Evaluation of Bronchoscopic Small Biopsy Specimens,Recruiting,Unknown,2021-12-09,20,Johns Hopkins University,OTHER,Lung Cancer; Sarcoidosis,United States,2021.0,United States
NCT04241185,Efficacy and Safety of Pembrolizumab (MK-3475) in Combination With Chemoradiotherapy (CRT) Versus CRT Alone in Muscle-invasive Bladder Cancer (MIBC) (MK-3475-992/KEYNOTE-992),"Active, Not Recruiting",Phase 3,2020-05-19,520,Merck Sharp & Dohme LLC,INDUSTRY,Urinary Bladder Neoplasms,Denmark; Ukraine; Italy; Spain; Chile; Guatemala; Turkey (Türkiye); Puerto Rico; United Kingdom; Malaysia; Romania; South Korea; Australia; Netherlands; Estonia; Japan; Hungary; Latvia; France; Israel; United States; Poland; Czechia; Taiwan; Portugal,2020.0,Denmark
NCT06243185,Dalpiciclib Combined With Letrozole in HR+/HER2 - Gynecologic Solid Tumors,UNKNOWN,Phase 2,2023-11-17,30,Fengzhi Feng,OTHER,Recurrent Ovarian Carcinoma,China,2023.0,China
NCT01908478,Veliparib in Combination With Gemcitabine and Intensity Modulated Radiation Therapy in Patients With Pancreatic Cancer,Completed,Phase 1,2013-10-02,34,Cedars-Sinai Medical Center,OTHER,Pancreatic Cancer,United States,2013.0,United States
NCT03842085,Phase I Clinical Study of MBS301 in Treatment of HER2 Positive Recurrent or Metastatic Malignant Solid Tumor,Recruiting,Phase 1,2019-04-11,34,"Beijing Mabworks Biotech Co., Ltd.",INDUSTRY,HER2-positive Recurrent or Metastatic Malignant Solid Tumor,China,2019.0,China
NCT07293585,Vascular Optimized Radiotherapy Tuned to Critical Structures for Erectile Function Using High-Precision X-Ray Treatment,Recruiting,Phase 3,2025-12-16,200,Jonsson Comprehensive Cancer Center,OTHER,Prostate Cancer,United States,2025.0,United States
NCT04754685,Platelet-rich Plasma and Synovial Cytokines in Knee Osteoarthritis,Completed,Unknown,2019-02-01,90,South Valley University,OTHER,Knee Osteoarthritis,Egypt,2019.0,Egypt
NCT02771743,Response-based Treatment of High-risk Neuroblastoma,UNKNOWN,Phase 2,,54,Samsung Medical Center,OTHER,Newly Diagnosed High Risk Neuroblastoma,South Korea,,South Korea
NCT00003343,Chemotherapy in Treating Patients Who Have Metastatic Prostate Cancer,Completed,Phase 3,,525,Pfizer,INDUSTRY,Prostate Cancer,United States,,United States
NCT03478943,The Real World Study of Apatinib for Gastric Cancer Treatment in Henan Province,UNKNOWN,Unknown,2016-01-30,1000,Henan Cancer Hospital,OTHER_GOV,Gastric Cancer,China,2016.0,China
NCT02017743,Effectiveness And Safety of LMWH Treatment in Cancer Patients Diagnosed With Non-High Risk Venous Thromboembolism,UNKNOWN,Unknown,,200,Trio Grup Clinical Research,INDUSTRY,Venous Thromboembolism,Turkey (Türkiye),,Turkey (Türkiye)
NCT03951415,Durvalumab and Olaparib in Metastatic or Recurrent Endometrial Cancer,UNKNOWN,Phase 2,2019-07-08,55,Leiden University Medical Center,OTHER,Endometrial Neoplasms; Uterine Neoplasms; Endometrium Cancer,Netherlands,2019.0,Netherlands
NCT00434135,Alimta and Gemcitabine in Non-Small Cell Lung Cancer,Completed,Phase 2,,180,Southern Italy Cooperative Oncology Group,OTHER,Non-Small Cell Lung Cancer; Stage IIIB or IV,Italy,,Italy
NCT02015208,Ruxolitinib in the Treatment of Chronic Lymphocytic Leukemia,Completed,Phase 1,,13,Sunnybrook Health Sciences Centre,OTHER,Chronic Lymphocytic Leukemia,Canada,,Canada
NCT04144608,Toripalimab Combined With Double Platinum-based Chemotherapy for Initially Unresectable NSCLC,Completed,Phase 2,2020-01-16,40,Yongchang Zhang,OTHER,Advanced Non Small Cell Lung Cancer,China,2020.0,China
NCT02432365,Study of Weekly Paclitaxel and Cisplatin in FIGO IB2 and IIA2 Cervical Cancer Followed by Radical Hysterectomy,UNKNOWN,Phase 2,,64,Chang Gung Memorial Hospital,OTHER,Cervical Cancer,Taiwan,,Taiwan
NCT05216965,A Clinical Study of 9MW2821 in Subjects With Advanced Malignant Solid Tumors,UNKNOWN,Phase 1,2022-06-11,208,"Mabwell (Shanghai) Bioscience Co., Ltd.",INDUSTRY,Solid Tumors,China,2022.0,China
NCT05019365,Investigating the Long-term Cardiac Sequelae of Trastuzumab Therapy,UNKNOWN,Unknown,2021-03-15,60,University of Glasgow,OTHER,Breast Cancer; HER2-positive Breast Cancer; Cardiotoxicity,United Kingdom,2021.0,United Kingdom
NCT02102165,AURORA: Aiming to Understand the Molecular Aberrations in Metastatic Breast Cancer.,Recruiting,Unknown,,1000,Breast International Group,OTHER,Metastatic Breast Cancer,Luxembourg; Iceland; Germany; United Kingdom; Belgium; Sweden; Switzerland; Portugal; Italy; Spain,,Luxembourg
NCT03197467,Neoadjuvant Anti PD-1 Immunotherapy in Resectable Non-small Cell Lung Cancer,Completed,Phase 2,2018-06-18,30,AIO-Studien-gGmbH,OTHER,Non-small Cell Lung Cancer (NSCLC),Germany,2018.0,Germany
NCT02670200,Internet-delivered Psycho-oncological Support,UNKNOWN,Unknown,2018-04-10,100,Neuropsychiatrischen Zentrums Hamburg-Altona,OTHER,Cancer,Germany,2018.0,Germany
NCT03936400,Development of Therapeutic Conversations With Females Diagnosed With Cancer and Their Partners,Completed,Unknown,2017-04-15,120,Erla Kolbrún Svavarsdóttir,OTHER,Cancer,Iceland,2017.0,Iceland
NCT00670800,Study of Brain Function in Women With Insulin Resistant Polycystic Ovary Syndrome,Completed,Unknown,,14,University of Michigan,OTHER,Polycystic Ovary Syndrome,United States,,United States
NCT03669107,Effect of Chewing Gum on Gastrointestinal Function Recovery After Surgery of Gynecological Cancer Patients,Completed,Unknown,2018-10-06,80,Department of Medical Services Ministry of Public Health of Thailand,OTHER_GOV,Gum Chewing,Thailand,2018.0,Thailand
NCT05829707,Long-term Outcomes of Breast Cancer Patients After Wound Infiltration Analgesia,Completed,Phase 4,2009-01-05,120,Osijek University Hospital,OTHER,Postoperative Analgesia; Hand Strength; Health Related Quality of Life,Unknown,2009.0,Unknown
NCT00380965,Evaluation of the Efficacy of Cesamet™ for the Treatment of Pain in Patients With Chemotherapy-Induced Neuropathy,Completed,Phase 4,,23,"NEMA Research, Inc.",INDUSTRY,Peripheral Neuropathy; Antineoplastic Combined Chemotherapy Protocols,United States,,United States
NCT07283107,Trial to Evaluate the Impact of Various Behavioural Interventions to Increase Mammography Uptake Among Singaporean Women,ENROLLING_BY_INVITATION,Unknown,2025-11-17,8910,"National University Hospital, Singapore",OTHER,This Study Evaluates Interventions to Increase Surveillance Mammography Uptake for Early Breast Cancer Detection Among Singaporean Women,Singapore,2025.0,Singapore
NCT06376565,Improving Colonoscopy Surveillance for Patients With High Risk Colon Polyps,Recruiting,Unknown,2023-11-08,1680,Jonsson Comprehensive Cancer Center,OTHER,Colorectal Carcinoma,United States,2023.0,United States
NCT05305365,Study Assessing QBS72S For Treating Brain Metastases,"Active, Not Recruiting",Phase 2,2022-08-16,21,Stanford University,OTHER,Brain Metastases; Breast Cancer; Lung Cancer,United States,2022.0,United States
NCT06954467,JS207 Combined With JS007 as First-line Treatment for Advanced Hepatocellular Carcinoma,Recruiting,Phase 2,2025-05-29,72,"Shanghai Junshi Bioscience Co., Ltd.",OTHER,Hepatocellular Carcinoma,China,2025.0,China
NCT00002900,SWOG-9342 Chemotherapy in Treating Women Enrolled in the SWOG-8897 Clinical Trial,Completed,Unknown,,180,SWOG Cancer Research Network,NETWORK,Breast Cancer; Cardiac Toxicity,United States,,United States
NCT01797900,The Role of Induction Chemotherapy for High-risk Locally Advanced Nasopharyngeal Carcinoma in the Era of IMRT,Completed,Phase 2,,130,Chinese Academy of Medical Sciences,OTHER,Nasopharyngeal Neoplasms,China,,China
NCT00317200,A Study of Paclitaxel Plus Bevacizumab in Patients With Chemosensitive Relapsed Small Cell Lung Cancer,Completed,Phase 2,,34,Hoosier Cancer Research Network,OTHER,Small Cell Lung Cancer,United States,,United States
NCT03519607,The Impact of a Self-help Coping App on Distress Levels in Men Experiencing Infertility,UNKNOWN,Unknown,2018-04-30,100,Fertility Centers of Illinois,OTHER,Stress Reduction,United States,2018.0,United States
NCT00465907,"Study of Weekly Paclitaxel, Carboplatin and Irinotecan to Treat Lung Cancer",Terminated,Phase 2,,7,Sidney Kimmel Comprehensive Cancer Center at Johns Hopkins,OTHER,Lung Cancer,Singapore,,Singapore
NCT00212407,New York Blood Center National Cord Blood Program,Terminated,Phase 1 (Early),,4476,New York Blood Center,OTHER,Leukemia; Lymphoma; Genetic Disease,United States,,United States
NCT06503107,Nanobody-based Biepitope CAR-T Cells Targeting BCMA in the Treatment of R/RMM,Recruiting,Phase 1,2024-04-23,60,"Union Hospital, Tongji Medical College, Huazhong University of Science and Technology",OTHER,Multiple Myeloma,China,2024.0,China
NCT02843607,Combination of Cryosurgery and NK Immunotherapy for Advanced Kidney Cancer,Completed,Phase 1,2016-07-01,30,"Fuda Cancer Hospital, Guangzhou",OTHER,Metastatic Renal Cell Cancer,China,2016.0,China
NCT06661265,Predictors of Acute Toxicity and Flap Failure After Adjuvant Treatment for Locally Advanced Head and Neck Cancer,Not Yet Recruiting,Unknown,,46,IRCCS San Raffaele,OTHER,Head and Neck Cancer,Unknown,,Unknown
NCT01868100,Financial Distress in Patients With Advanced Cancer,Completed,Unknown,,144,Hospices Civils de Lyon,OTHER,Cancer; Quality of Life,France,,France
NCT06994507,GM1 Prophylaxis for Nab-paclitaxel-associated Chemotherapy-induced Peripheral Neuropathy (CIPN) in Patients With Breast Cancer,Recruiting,Phase 3,2025-08-01,352,"Qilu Pharmaceutical Co., Ltd.",INDUSTRY,Chemotherapy-induced Peripheral Neuropathy (CIPN),China,2025.0,China
NCT05929365,Innovative Approach to Detect Recurrent Colorectal Lesions With Surveillance Via Mutation Analysis & Clinical Phenotype,Recruiting,Unknown,2022-05-01,200,"Military University Hospital, Prague",OTHER,Predictive Cancer Model,Czechia,2022.0,Czechia
NCT03767465,Treatment With Immunological Checkpoint Inhibitors of HIV-infected Subjects With Cancer,Completed,Unknown,2018-10-26,1,IrsiCaixa,OTHER,HIV Infection; Cancer,Spain,2018.0,Spain
NCT03315065,19F Thoracic Radiotherapy for Lung Cancer,Completed,Phase 1 (Early),2018-02-16,6,Hal C Charles,OTHER,Lung Cancer,United States,2018.0,United States
NCT01786200,Physiological Effects of Altering Cancer-related Inflammation,UNKNOWN,Unknown,,60,NHS Greater Glasgow and Clyde,OTHER,Colon Cancer,United Kingdom,,United Kingdom
NCT01412307,A Phase 1/2 Study of Lenalidomide in Combination With Bendamustine in Relapsed and Primary Refractory Hodgkin Lymphoma,UNKNOWN,Phase 1,,36,Istituto Nazionale Tumori IRCCS - Fondazione G. Pascale,NETWORK,Recurrent Adult Hodgkin Lymphoma,Italy,,Italy
NCT01060007,Five Fractions of Radiotherapy Followed by Full Dose FOLFOX Chemotherapy as Preoperative Treatment for Rectal Cancer,Completed,Phase 2,,80,Washington University School of Medicine,OTHER,Rectal Neoplasms,United States,,United States
NCT07332507,Testing the Effect of Teclistamab on Recurrent Plasmablastic Lymphoma,Not Yet Recruiting,Phase 1,2026-05-29,30,National Cancer Institute (NCI),NIH,Recurrent Plasmablastic Lymphoma; Refractory Plasmablastic Lymphoma,Unknown,,Unknown
NCT00952107,Objective Flap Assessment During Reconstructive Surgery,Completed,Phase 1 (Early),,6,Beth Israel Deaconess Medical Center,OTHER,Cancer,United States,,United States
NCT02387307,A Study of rSIFN-co in Subjects With Advanced Solid Tumors,Completed,Phase 1,,42,Sichuan Huiyang Life Science and Technology Corporation,INDUSTRY,"Carcinoma, Non-Small-Cell Lung; Carcinoma, Renal Cell; Melanoma",Singapore,,Singapore
NCT00006381,Celecoxib and Trastuzumab in Treating Women With Metastatic Breast Cancer,Completed,Phase 2,,61,Memorial Sloan Kettering Cancer Center,OTHER,Breast Cancer,United States,,United States
NCT06522919,Sequential Immunochemotherapy Treatment with Pembrolizumab Plus Dendritic Cell (DC) Vaccine Followed by Trifluridine/Tipiracil Plus Bevacizumab in Refractory Mismatch-repair-proficient (pMMR) or Microsatellite-stable (MSS) Metastatic Colorectal Cancer,Recruiting,Phase 2,2025-01-07,36,Istituto Romagnolo per lo Studio dei Tumori Dino Amadori IRST S.r.l. IRCCS,OTHER,Colorectal Cancer Metastatic; Microsatellite Stable Colorectal Carcinoma; Refractory Mismatch-repair-proficient (pMMR) Metastatic Colorectal Cancer,Italy,2025.0,Italy
NCT06569719,Effectiveness of CDT for the Treatment of Lymphedema in Breast Cancer Patients Who Received LVA Surgery,Completed,Unknown,2024-02-01,10,Fundacion Universitaria Maria Cano,OTHER,Breast Cancer Lymphedema,Colombia,2024.0,Colombia
NCT03312530,"A Study of Cobimetinib Administered as Single Agent and in Combination With Venetoclax, With or Without Atezolizumab, in Participants With Relapsed and Refractory Multiple Myeloma",Completed,Phase 1,2017-11-13,49,Hoffmann-La Roche,INDUSTRY,Multiple Myeloma,France; Denmark; Norway; Poland; Germany; Czechia; Sweden; Netherlands; Spain,2017.0,France
NCT00866528,Study of Pazopanib and Paclitaxel in Advanced Non-small Cell Lung Cancer,Completed,Phase 1,2009-07-09,30,GlaxoSmithKline,INDUSTRY,"Lung Cancer, Non-Small Cell",United States; United Kingdom,2009.0,United States
NCT03822728,Intra-parotid Facial Nerve Imaging in Parotidectomy,Completed,Unknown,2017-08-01,270,Samsung Medical Center,OTHER,Parotid Tumors; Facial Nerve Paresis,South Korea,2017.0,South Korea
NCT04589728,"Prospective and Retrospective Observational Evaluation of Real World Outcome of Unfit AML Patients Treated With the Combination Venetoclax Plus Hypomethylating Agents, Under the Italian Law No.648/96",Completed,Unknown,2021-02-23,202,Gruppo Italiano Malattie EMatologiche dell'Adulto,OTHER,Acute Myeloid Leukemia,Italy,2021.0,Italy
NCT03436719,Antibiotic Prophylaxis in Rectal Cancer Surgery: Oral With Intravenous Versus Intravenous Antibiotics.,UNKNOWN,Unknown,2017-11-06,280,"State Scientific Centre of Coloproctology, Russian Federation",OTHER_GOV,Rectal Cancer,Russia,2017.0,Russia
NCT02791919,"Wee1 Kinase Inhibitor AZD1775 and Combination Chemotherapy in Treating Children, Adolescents and Young Adults With Relapsed or Refractory Acute Myeloid Leukemia",Withdrawn,Phase 1,2017-05-25,0,National Cancer Institute (NCI),NIH,CNS 2a; CNS 2b; CNS 2c,Unknown,2017.0,Unknown
NCT01913730,Maintenance Therapy With Subcutaneous Bortezomib,Completed,Phase 2,,63,European Myeloma Network B.V.,NETWORK,Multiple Myeloma,Italy,,Italy
NCT04587128,Early-Line Anti-EGFR Therapy to Facilitate Retreatment for Select Patients With mCRC,"Active, Not Recruiting",Phase 2,2020-10-19,34,"University of Wisconsin, Madison",OTHER,Metastatic Colorectal Cancer,United States,2020.0,United States
NCT06559228,ConnectedNest: a Digital Platform Connecting Individuals With Cancer to Social Care,Recruiting,Phase 2,2025-06-12,300,University of Minnesota,OTHER,Cancer,United States,2025.0,United States
NCT00721981,An Evaluation of the Clinical Treatment and Patient Values and Preferences of Patients Suffering From Advanced Non-small Cell Lung Cancer (NSCLC) Undergoing Chemotherapy,Terminated,Unknown,,120,AstraZeneca,INDUSTRY,Lung Cancer; Non-small Cell Lung Cancer,Germany,,Germany
NCT06969781,MWA With or Without Furmonertinib for Early-Stage Non-Small Cell Lung Cancer,Not Yet Recruiting,Unknown,,120,Shanghai Chest Hospital,OTHER,Lung Cancer (NSCLC),Unknown,,Unknown
NCT01960881,Evaluation of Diet and Exercise in Prostate Cancer Patients,Completed,Unknown,2013-09-19,1331,AbbVie,INDUSTRY,Prostate Cancer,Canada,2013.0,Canada
NCT03509428,The Wessex Fit-4-Cancer Surgery Trial,UNKNOWN,Unknown,2018-03-26,1560,University Hospital Southampton NHS Foundation Trust,OTHER,Cancer,United Kingdom,2018.0,United Kingdom
NCT01461928,A Study Comparing Maintenance Subcutaneous Rituximab With Observation Only in Participants With Relapsed or Refractory Indolent Non-Hodgkin's Lymphoma Who Had Responded to Rituximab-based Immunochemotherapy Induction and 2-year Maintenance With Subcutaneous Rituximab,Completed,Phase 3,2011-12-20,692,Hoffmann-La Roche,INDUSTRY,Non-Hodgkin's Lymphoma,Ecuador; Greece; Albania; Italy; Spain; Turkey (Türkiye); United Kingdom; Romania; Russia; Austria; Bulgaria; Argentina; Lithuania; Germany; Switzerland; Sweden; Hungary; Colombia; Egypt; France; Brazil; Slovakia; Norway; Slovenia,2011.0,Ecuador
NCT05417230,RC48-ADC Combinatioed Envolizumab in Locally Advanced or Metastatic Biliary Tract Cancer With Positive HER-2,UNKNOWN,Phase 2,,29,Jiangsu Cancer Institute & Hospital,OTHER,Biliary Tract Cancer,Unknown,,Unknown
NCT04720430,Blood Sample Collection for Experimental Blood Test to Track Liver Cancer,Completed,Unknown,2019-12-03,7,Thomas Jefferson University,OTHER,Hepatocellular Carcinoma,United States,2019.0,United States
NCT04073381,Application of Ergogenic Aids to the Prehabilitation of Abdominal Cancer Patients Undergoing Cancer Surgery,Completed,Phase 1 (Early),2018-10-28,92,University of Texas at Austin,OTHER,Prehabilitation,United States,2018.0,United States
NCT04507919,Managed Access Program Cohort Treatment Plan CTMT212X2002I to Provide Access to Trametinib and Dabrafenib Combination Therapy for Patients With BRAF V600 Mutation-positive Advanced Non-Small Cell Lung Cancer,NO_LONGER_AVAILABLE,Unknown,,61,Novartis Pharmaceuticals,INDUSTRY,Small Cell Lung Carcinoma,Unknown,,Unknown
NCT06100081,Real-time Targeted Fluorescence Endoscopy for Detection of the Primary Cancer Lesion in Patients With a Metastasis of Unknown Primary Tumor in the Head and Neck,UNKNOWN,Unknown,2023-04-28,35,University Medical Center Groningen,OTHER,Unknown Primary Tumors; Oropharynx Cancer,Netherlands,2023.0,Netherlands
NCT05286619,A Study of Pembrolizumab (MK-3475) Plus Platinum and Gemcitabine as First Line Treatment of Recurrent/Metastatic Head and Neck Squamous Cell Carcinoma (PIPER),Recruiting,Phase 2,2022-09-22,63,University of Malaya,OTHER,Recurrent/Metastatic Head and Neck Squamous Cell Carcinoma,Malaysia,2022.0,Malaysia
NCT01100619,A Drug-Drug Interaction Study of the Effects of XL184 (Cabozantinib) on Rosiglitazone in Subjects With Solid Tumors,Completed,Phase 1,,40,Exelixis,INDUSTRY,Papillary Thyroid Cancer; Follicular Thyroid Cancer; Huerthle Cell Thyroid Cancer,United States,,United States
NCT02772198,T-cells Expressing Anti-CD19 CAR in Pediatric and Young Adults With B-cell Malignancies,UNKNOWN,Phase 1,,300,Sheba Medical Center,OTHER_GOV,"Acute Lymphoblastic Leukemia, B-precursor; Non-Hodgkin Lymphoma, B-cell",Israel,,Israel
NCT02873598,A Dose Escalation Trial of SBRT After Induction Chemotherapy for Locally Advanced Pancreatic Cancer,Completed,Phase 1,2016-11-17,14,"University of Colorado, Denver",OTHER,Pancreatic Cancer,United States,2016.0,United States
NCT02643407,Nedaplatin/Docetaxel Versus Cisplatin/Docetaxel in Treatment of Advanced/Relapsed Squamous Cell Lung Cancer,UNKNOWN,Phase 3,,488,Guangdong Association of Clinical Trials,OTHER,Non-Small Cell Lung Cancer,China,,China
NCT07167992,"Comparison of Talc Slurry Versus Talc Insufflation: A Study on Effectiveness, Safety, and Hospital Outcomes in Pleurodesis",Not Yet Recruiting,Unknown,2026-02-01,160,University of Health Sciences Lahore,OTHER,"Pneumothorax Spontaneous Primary; Pneumothorax Spontaneous Secondary; Pleural Effusion, Malignant",Pakistan,,Pakistan
NCT04158336,A Study of Azenosertib (ZN-c3) in Participants With Solid Tumors,Completed,Phase 1,2019-11-01,274,"K-Group, Beta, Inc., a wholly owned subsidiary of Zentalis Pharmaceuticals, Inc",INDUSTRY,Solid Tumor,United States,2019.0,United States
NCT04479436,A Study to Evaluate U3-1402 in Subjects With Advanced or Metastatic Colorectal Cancer,Terminated,Phase 2,2020-09-14,40,Daiichi Sankyo,INDUSTRY,Metastatic Colorectal Cancer,France; Japan; United States; Poland; United Kingdom; Belgium; Italy; Spain,2020.0,France
NCT02843711,Molecular Analysis of 150 Lung Adenocarcinoma,UNKNOWN,Unknown,,152,Hospices Civils de Lyon,OTHER,Lung Adenocarcinoma,France,,France
NCT05402592,The Effect of Oral Carbohydrate Administration on Postoperative Well-being,Completed,Unknown,2022-07-13,50,Muğla Sıtkı Koçman University,OTHER,Colorectal Cancer; Glucometabolic Response; Subjective Goodness,Turkey (Türkiye),2022.0,Turkey (Türkiye)
NCT01428492,Ph 1b Study to Evaluate GSK2110183 in Combination With Bortezomib and Dexamethasone in Subjects With Multiple Myeloma,Completed,Phase 1,,90,Novartis,INDUSTRY,Multiple Myeloma,Canada; United States; Taiwan; Australia; Ireland,,Canada
NCT05802771,Lung Cancer Multi-omics Digital Human Avatars for Integrating Precision Medicine Into Clinical Practice,Not Yet Recruiting,Unknown,2023-06-01,600,Fondazione Policlinico Universitario Agostino Gemelli IRCCS,OTHER,Non Small Cell Lung Cancer,Unknown,2023.0,Unknown
NCT00809211,Nilotinib in Treating Patients With Newly Diagnosed Chronic Phase Chronic Myelogenous Leukemia,Completed,Phase 2,,40,Cancer Trials Ireland,NETWORK,Leukemia,United States; Israel; Ireland; Germany,,United States
NCT05096234,18F-F-AraG PET Imaging to Evaluate Immunological Response to CAR T Cell Therapy in Lymphoma,Terminated,Phase 1,2021-09-28,2,Stanford University,OTHER,Non-Hodgkin's Lymphoma,United States,2021.0,United States
NCT03069664,Palliative Pancreatic Duct Stenting in Patients With Inoperable Pancreatic Cancer,UNKNOWN,Unknown,2017-11-17,40,Helsinki University Central Hospital,OTHER,Pancreatic Cancer; Pancreatic Duct Stricture,Finland,2017.0,Finland
NCT04821609,Supervised Resistance TRaining amONG Women at Risk of Breast Cancer Related Lymphedema,UNKNOWN,Unknown,2021-12-01,106,Pontificia Universidad Catolica de Chile,OTHER,Breast Cancer; Physical Activity; Lymphedema of Upper Arm,Chile,2021.0,Chile
NCT04304209,Pd1 Antibody Sintilimab ± Chemoradiotherapy for Locally Advanced Rectal Cancer,"Active, Not Recruiting",Phase 2,2019-10-28,195,Sun Yat-sen University,OTHER,Colorectal Cancer Stage II; Colorectal Cancer Stage III,China,2019.0,China
NCT05918432,Determining Patterns In Study Experiences of Neuroblastoma Patients,Not Yet Recruiting,Unknown,,500,Power Life Sciences Inc.,INDUSTRY,Neuroblastoma,United States,,United States
NCT06260332,"Physical Activity Intervention for the Improvement of Pain in Young, Hispanic Breast Cancer Survivors","Active, Not Recruiting",Unknown,2023-10-20,25,New Mexico Cancer Research Alliance,OTHER,Breast Cancer,United States,2023.0,United States
NCT00002532,Combination Chemotherapy in Treating Patients With Relapsed or Refractory Acute Lymphocytic Leukemia,UNKNOWN,Phase 2,,61,Hannover Medical School,OTHER,Leukemia,Germany,,Germany
NCT00226798,Immunochemotherapy for Metastatic Renal Cell Carcinoma,UNKNOWN,Phase 2,,45,Rambam Health Care Campus,OTHER,Adenocarcinoma Clear Cell,Israel,,Israel
NCT07383298,Observational Study on Dose Optimization of Olverembatinib in Patients With Chronic Myeloid Leukemia in Chronic or Accelerated Phase,ENROLLING_BY_INVITATION,Unknown,2025-12-16,100,Qian Jiang,OTHER,Chronic Myeloid Leukemia,China,2025.0,China
NCT01621698,Study of Use of Paravertebral Blocks for Pain Relief in Video Assisted Lung Surgery,Completed,Unknown,,100,University Hospitals Bristol and Weston NHS Foundation Trust,OTHER,Lung Tumour; Lung Metastases,United Kingdom,,United Kingdom
NCT06118463,Study on AUNIP as a Novel Tumor Marker for Cervical Cancer,Not Yet Recruiting,Unknown,2024-01-01,300,Lin Yuan,OTHER,Cervical Cancer,Unknown,2024.0,Unknown
NCT00445198,A Phase 1/2a Study of ABT-263 in Subjects With Small Cell Lung Cancer (SCLC) or Other Non-Hematological Malignancies,Completed,Phase 1,,86,"AbbVie (prior sponsor, Abbott)",INDUSTRY,Small Cell Lung Cancer; Small Cell Lung Carcinoma,United States; United Kingdom; Canada,,United States
NCT02349763,Dexamethasone Regimens for Prophylaxis of Paclitaxel-associated Hypersensitivity Reaction,Completed,Phase 3,2015-02-28,260,Department of Medical Services Ministry of Public Health of Thailand,OTHER_GOV,Hypersensitivity Reaction,Thailand,2015.0,Thailand
NCT06308263,Tuvusertib (M1774) Human Mass Balance and Absolute Bioavailability Study (DDRIVER Solid Tumors 303),Completed,Phase 1,2024-03-25,12,"Merck Healthcare KGaA, Darmstadt, Germany, an affiliate of Merck KGaA, Darmstadt, Germany",INDUSTRY,Solid Tumor,Hungary,2024.0,Hungary
NCT02415387,Typhoid Vaccine in Testing Response to Immune Stress in Patients With Stage I-IIIA Breast Cancer,Completed,Phase 1 (Early),2014-01-01,172,Ohio State University Comprehensive Cancer Center,OTHER,Cognitive Side Effects of Cancer Therapy; Depression; Recurrent Breast Carcinoma,United States,2014.0,United States
NCT07438093,"Safety, Tolerability, and Preliminary Efficacy of Peginterferon α-2b in Combination With an Anti-PD-1 Antibody in Patients With Advanced or Metastatic Malignant Solid Tumors",Not Yet Recruiting,Unknown,,60,The First Affiliated Hospital of Xiamen University,OTHER,Advanced Solid Tumors,China,,China
NCT03593993,A Biospecimen Collection Study in BRAF-V600E Mutated Recurrent Gliomas,Terminated,Unknown,2018-05-19,3,Sidney Kimmel Comprehensive Cancer Center at Johns Hopkins,OTHER,Glioma; BRAF V600E; Pleomorphic Xantho-Astrocytoma,United States,2018.0,United States
NCT03297593,Nivolumab in Combination With Ipilimumab in Patients With Metastatic Renal Cell Carcinoma,Completed,Phase 2,2017-12-13,74,Swiss Cancer Institute,OTHER,Renal Cell Carcinoma,Switzerland,2017.0,Switzerland
NCT00002593,S9415 Chemotherapy in Patients With Stage II or III Colon Cancer That Has Been Surgically Removed,Completed,Phase 3,,1135,SWOG Cancer Research Network,NETWORK,Colorectal Cancer,United States; South Africa; Canada; Puerto Rico,,United States
NCT04773821,Performance of Prostate MRI and Following Biopsy to Detect Prostate Cancer Recurrence After Focal Therapy,UNKNOWN,Unknown,2021-06-02,260,Assistance Publique - Hôpitaux de Paris,OTHER,Prostate Cancer,France,2021.0,France
NCT03429816,OPPOSITE: Outcome Prediction of Systemic Treatment in Esophagogastric Carcinoma,Completed,Unknown,2018-04-15,120,University Hospital Heidelberg,OTHER,Gastric Neoplasm; Gastroesophageal Junction Adenocarcinoma; Esophageal Adenocarcinoma,Germany,2018.0,Germany
NCT03089606,Pembrolizumab TX-naive Distant Mets Melanoma and Use of (C11-AMT) PET at Baseline as Imaging Biomarker,Completed,Phase 2,2017-04-19,27,UNC Lineberger Comprehensive Cancer Center,OTHER,Melanoma,United States,2017.0,United States
NCT03880604,Triple Tourniquets With or Without Tranexamic Acid for Reducing Blood Loss at Open Myomectomy,UNKNOWN,Unknown,2019-04-01,100,Aswan University Hospital,OTHER,Myoma,Egypt,2019.0,Egypt
NCT00862004,Video-assisted Thoracoscopic Surgery for Stage IIIA Non-Small Cell Lung Cancer,UNKNOWN,Phase 2,,30,The First Affiliated Hospital of Guangzhou Medical University,OTHER,Non-small Cell Lung Cancer,China,,China
NCT05826184,Time Restricted Eating With or Without a Fiber Supplement for Weight Management in Pediatric Cancer Survivors,Completed,Unknown,2023-11-17,13,University of Illinois at Chicago,OTHER,"Weight, Body",United States,2023.0,United States
NCT00799084,Automated Telephone Monitoring for Symptom Management,Completed,Phase 2,,526,Michigan State University,OTHER,Carcinoma,United States,,United States
NCT02934984,Circulating Cell-free Tumor DNA(ctDNA) in Pancreatic Cancer,UNKNOWN,Unknown,,100,Samsung Medical Center,OTHER,Pancreatic Cancer,South Korea,,South Korea
NCT00923884,Prospective Analysis of Genotypes in Adults Undergoing Therapy for Lung Cancer,Completed,Unknown,2009-03-18,546,National Cancer Institute (NCI),NIH,"Carcinoma, Non-Small Cell Lung; Carcinoma, Small-Cell Lung",United States,2009.0,United States
NCT04428333,Study of GSK3359609 With Pembrolizumab and 5-fluorouracil (5-FU)-Platinum Chemotherapy in Participants With Recurrent or Metastatic Head and Neck Squamous Cell Carcinoma,Terminated,Phase 3,2020-08-12,117,GlaxoSmithKline,INDUSTRY,"Neoplasms, Head and Neck",Denmark; Canada; Belgium; Italy; Spain; United Kingdom; Romania; South Korea; Australia; Russia; Japan; Argentina; Germany; Sweden; Ireland; France; Brazil; United States; Poland,2020.0,Denmark
NCT02383433,Regorafenib Plus Gemcitabine in Metastatic Pancreatic Cancer,Terminated,Phase 2,2016-06-14,2,Case Comprehensive Cancer Center,OTHER,Metastatic Pancreatic Adenocarcinoma,United States,2016.0,United States
NCT01422733,Effect of Longer-term Adrenal Suppression Using Low Dose Hydrocortisone on Androgen Overproduction,Withdrawn,Phase 1 (Early),2018-06-01,0,University of Virginia,OTHER,Hyperandrogenemia; Obesity; Polycystic Ovary Syndrome,United States,2018.0,United States
NCT03823352,Evaluate Efficacy and Safety/Tolerability Profiles of Antroquinonol in Acute Myeloid Leukemia (AML) Adult Patients,Completed,Phase 2,2019-02-20,12,Golden Biotechnology Corporation,INDUSTRY,"Leukemia, Myeloid, Acute",Russia,2019.0,Russia
NCT03971747,AFP Specific T Cell Receptor Transduced T Cells Injection(C-TCR055) in Unresectable Hepatocellular Carcinoma,UNKNOWN,Phase 1,2019-08-06,9,Shanghai AbelZeta Ltd.,INDUSTRY,Hepatocellular Carcinoma,China,2019.0,China
NCT04717349,Data Collection Study of Pediatric and Adolescent Gynecology Conditions,Recruiting,Unknown,2021-04-21,11000,Eunice Kennedy Shriver National Institute of Child Health and Human Development (NICHD),NIH,Disorders of Sex Development (DSD); Pediatric and Adolescent Cancers of the Genital Tract; Reproductive Endocrine Conditions in Puberty,United States,2021.0,United States
NCT06105749,Biennial CEM in Women With a Personal History of Breast Cancer,Recruiting,Unknown,2023-11-08,1500,Wendie Berg,OTHER,Breast Cancer; Breast Neoplasms; Breast Cancer Female,United States,2023.0,United States
NCT05319249,Natural Killer Cell Immunotherapy in Combination With PARP-inhibition in Acute Myeloid Leukemia,Not Yet Recruiting,Phase 1,,54,German Cancer Research Center,OTHER,Acute Myeloid Leukemia,Unknown,,Unknown
NCT06542549,Efficacy and Safety of AK104 (PD-1/CTLA-4 Bispecial Antibody) Combined With Chemotherapy for Neoadjuvant Treatment of Advanced Ovarian Cancer,Not Yet Recruiting,Phase 3,2024-10-01,100,Anhui Provincial Hospital,OTHER_GOV,Advanced Ovarian Cancer; AK104(PD-1/CTLA-4 Bispecial Antibody); Chemotherapy,Unknown,2024.0,Unknown
NCT03660449,Moderately Hypofractionated Conformal Radiation Combined With S-1 for Esophageal Squamous Cell Carcinoma,Completed,Phase 2,2017-10-01,58,Sun Yat-sen University,OTHER,Esophageal Squamous Cell Carcinoma,China,2017.0,China
NCT02760849,Surgery in Preventing Ovarian Cancer in Patients With Genetic Mutations,"Active, Not Recruiting",Unknown,2016-05-02,374,M.D. Anderson Cancer Center,OTHER,Deleterious BARD1 Gene Mutation; Deleterious BRCA1 Gene Mutation; Deleterious BRCA2 Gene Mutation,United States,2016.0,United States
NCT01088048,"Study to Investigate Idelalisib in Combination With Chemotherapeutic Agents, Immunomodulatory Agents and Anti-CD20 Monoclonal Antibody (mAb) in Participants With Relapsed or Refractory Indolent B-cell Non-Hodgkin's Lymphoma, Mantle Cell Lymphoma or Chronic Lymphocytic Leukemia",Completed,Phase 1,2010-03-25,241,Gilead Sciences,INDUSTRY,Indolent Non-Hodgkin's Lymphoma; Chronic Lymphocytic Leukemia; Mantle Cell Lymphoma,United States,2010.0,United States
NCT04261855,Targeted Therapy and Avelumab in Merkel Cell Carcinoma,"Active, Not Recruiting",Phase 1,2020-10-08,19,Melanoma and Skin Cancer Trials Limited,OTHER,Metastatic Merkel Cell Carcinoma,Australia,2020.0,Australia
NCT02995655,CX-01 Combined With Azacitidine in the Treatment of Relapsed or Refractory Myelodysplastic Syndrome and Acute Myeloid Leukemia,Completed,Phase 1,2017-04-07,20,Washington University School of Medicine,OTHER,Myelodysplastic Syndromes; Acute Myeloid Leukemia; AML,United States,2017.0,United States
NCT04210726,Effect of Salt Solution Immersion Bath on Cancer in Vivo.,Withdrawn,Unknown,,0,Rafik Batroussy,OTHER,Cancer,Canada,,Canada
NCT06511726,Induction Chemotherapy Plus Cadonilimab for Locally Advanced Cervical Cancer,Recruiting,Phase 2,2024-01-23,29,Sun Yat-Sen Memorial Hospital of Sun Yat-Sen University,OTHER,Cervical Cancer,China,2024.0,China
NCT06952478,"A Study to Compare Pharmacokinetics, Efficacy and Safety of Subcutaneous CT-P44 and Darzalex Faspro in Combination With Lenalidomide and Dexamethasone in Patients With Refractory or Relapsed Multiple Myeloma",Recruiting,Phase 3,2025-08-12,486,Celltrion,INDUSTRY,Refractory or Relapsed Multiple Myeloma,Taiwan,2025.0,Taiwan
NCT02096185,Is Any Additional Information Gained Regarding Margins Using 3D Tomosynthesis Vs 2D Conventional Digital Imaging When Imaging Operative Breast Specimens?,UNKNOWN,Unknown,,50,Sandwell & West Birmingham Hospitals NHS Trust,OTHER,Breast Cancer,United Kingdom,,United Kingdom
NCT03030885,Use of an Experimental Radiopharmaceutical (131I-MIP-1095) in Men With Metastatic Castration-Resistant Prostate Cancer (mCRPC),Completed,Phase 1,2017-01-19,10,Memorial Sloan Kettering Cancer Center,OTHER,Prostate Cancer; Metastatic Castration-Resistant Prostate Cancer (mCRPC),United States,2017.0,United States
NCT07510685,Closed-System Bladder Irrigation to Reduce Urinary Tract Infections After Endoscopic Urologic Surgery (IRIS Trial),Completed,Unknown,2025-02-01,240,University of Pisa,OTHER,Urinary Tract Infection Bacterial; Benign Prostatic Hyperplasia; Bladder Cancer,Italy,2025.0,Italy
NCT02869685,Consistency Analysis of PD-L1s in Advanced NSCLC Tissues and in Plasma Exosomes Before and After Radiotherapy,Completed,Unknown,2017-07-01,60,Xinqiao Hospital of Chongqing,OTHER,NSCLC,China,2017.0,China
NCT02379585,Fasting on Newly Diagnosed Breast Cancer,Terminated,Phase 1,,8,Western Regional Medical Center,OTHER,HER2-positive Breast Cancer,United States,,United States
NCT02856685,A Study of Mitoxantrone Hydrochloride Liposome Infusion,UNKNOWN,Phase 1,,60,"CSPC ZhongQi Pharmaceutical Technology Co., Ltd.",INDUSTRY,Non-Hodgkin's Lymphoma,United States,,United States
NCT03010085,Open Versus Laparoscopic Left-sided Hepatectomy Trial,UNKNOWN,Phase 3,,122,Ewha Womans University Mokdong Hospital,OTHER,"Neoplasm, Liver",South Korea,,South Korea
NCT06717243,Genomic and Methylation Markers in SCLC and LCNEC for Chemo-Immunotherapy Resistance Prediction (STRATUS),Recruiting,Unknown,2025-02-20,111,Oncology Center of Biochemical Education And Research,OTHER,Small Cell Lung Cancer; Large Cell Neuroendocrine (NE) Tumors; Treatment Failure,United States; Greece,2025.0,United States
NCT05477615,Lazertinib/Pemetrexed/Carboplatin After Osimertinib Failure in NSCLC With Brain Metastases,UNKNOWN,Phase 2,,28,Jin Hyoung Kang,OTHER,Non-small Cell Lung Cancer,South Korea,,South Korea
NCT01164215,Biomarker-Guided Fluorouracil in Treating Patients With Colorectal Cancer Receiving Combination Chemotherapy,Completed,Phase 1,,76,UNC Lineberger Comprehensive Cancer Center,OTHER,Colorectal Cancer; Diarrhea; Neutropenia,United States,,United States
NCT00568815,Rituximab Combined With ESHAP in Patients With Relapse or Refractory Diffuse Large B Cell Lymphoma (DLBCL),Completed,Phase 2,,31,Fudan University,OTHER,Lymphoma,China,,China
NCT04620915,Construal Level as a Novel Pathway for Affect Regulation and Cancer Control,"Active, Not Recruiting",Unknown,2021-10-11,300,University of Oregon,OTHER,Smoking Cessation; Smoking Reduction; Cancer,United States,2021.0,United States
NCT04989192,Dose Efficiency of Modern CT Scanners in Oncologic Scans,UNKNOWN,Unknown,2021-08-17,2400,University Hospital Augsburg,OTHER,Neoplasms; Neoplasm Metastasis; Metastatic Cancer,Germany,2021.0,Germany
NCT01685892,A Study of Venetoclax in Combination With Obinutuzumab in Participants With Chronic Lymphocytic Leukemia,Completed,Phase 1,2012-11-29,82,"Genentech, Inc.",INDUSTRY,"Lymphocytic Leukemia, Chronic",United States; United Kingdom,2012.0,United States
NCT01647711,"A Study of Intermittent, High-dose Afatinib to Determine the Maximal Tolerated Dose and Assess Activity of This Dose Against Non-small Cell Lung Cancer With T790M Mutations",Completed,Phase 1,,35,Boehringer Ingelheim,INDUSTRY,"Carcinoma, Non-Small-Cell Lung",United States,,United States
NCT00003636,"Chemotherapy Plus Surgery in Treating Patients With Stage III or Stage IV Ovarian, Peritoneal, or Fallopian Tube Cancer",Completed,Phase 3,,704,European Organisation for Research and Treatment of Cancer - EORTC,NETWORK,Fallopian Tube Cancer; Ovarian Cancer; Primary Peritoneal Cavity Cancer,France; Denmark; Italy; Netherlands; Canada; Argentina; Norway; Germany; United Kingdom; Belgium; Sweden; Portugal; Austria; Ireland; Spain,,France
NCT02186236,Detection of Oncogenic Tumor Mutations in the Urine and Blood of Lung and Colorectal Cancer Patients,Completed,Unknown,,84,Memorial Sloan Kettering Cancer Center,OTHER,Lung Cancer; Colorectal Cancer,United States,,United States
NCT00731536,Observational Study on the Occurrence of Hepatosplenic T-cell Lymphoma in Patients of Netherlands,Completed,Unknown,,15,"Centocor Ortho Biotech Services, L.L.C.",INDUSTRY,Hepatosplenic T-cell Lymphoma,Netherlands,,Netherlands
NCT04658836,"Triamcinolone Levels in Cochlear Perilymph, Lateral Canal and CSF",Completed,Phase 1,2020-02-01,21,Medical University of Vienna,OTHER,Vestibular Schwannoma,Austria,2020.0,Austria
NCT02411344,"Preoperative Study With Trastuzumab, Pertuzumab and Letrozole in Breast Cancer Patients Sensitive to Hormonal Therapy",Completed,Phase 2,,64,Istituto Oncologico Veneto IRCCS,OTHER,Endocrine Sensitive HER2+/HR+ Breast Cancer,Italy,,Italy
NCT04851834,NTX-301 Monotherapy in Advanced Solid Tumours and in Combination With Platinum-based Chemotherapy in Advanced Ovarian & Bladder Cancer and in Combination With Temozolomide in High-grade Glioma,Terminated,Phase 1,2021-08-25,12,Xennials Therapeutics Australia Pty Ltd,INDUSTRY,Advanced Solid Tumor; Platinum-Resistant Ovarian Cancer; Platinum-Resistant Urothelial Carcinoma,Australia,2021.0,Australia
NCT03986034,Early Clonal Dynamics During Venetoclax Treatment for Relapsed or Refractory Chronic Lymphocytic Leukemia (CLL),Recruiting,Phase 2,2019-06-26,75,"National Heart, Lung, and Blood Institute (NHLBI)",NIH,Chronic Lymphocytic Leukemia,United States,2019.0,United States
NCT04588064,18F-FDG and 68Ga-FAPI PET/CT in Lung Adenocarcinoma,Completed,Unknown,2020-07-01,63,The First Affiliated Hospital of Xiamen University,OTHER,Lung Adenocarcinoma; 18F-FDG; 68Ga-FAPI,China,2020.0,China
NCT01820364,LGX818 in Combination With Agents (MEK162; BKM120; LEE011; BGJ398; INC280) in Advanced BRAF Melanoma,Terminated,Phase 2,,15,Array BioPharma,INDUSTRY,Melanoma,Canada; United States; Germany; Switzerland; Australia; Spain,,Canada
NCT04354064,Circulating Tumor DNA (ctDNA) for Early Treatment Response Assessment of Solid Tumors,Recruiting,Unknown,2019-05-29,100,Washington University School of Medicine,OTHER,Healthy Volunteer; Prostate Cancer; Head and Neck Cancer,United States,2019.0,United States
NCT01799499,A Prospective Open Label Comparative Dose Ranging Study Evaluating the Effect of Pre-TURBT Intravesical Instillation of Mitomycin C (MMC) Mixed With TC-3 Gel in Patients With Non Muscle Invasive Bladder Cancer (NMIBC),Withdrawn,Unknown,,0,UroGen Pharma Ltd.,INDUSTRY,Non Muscle Invasive Bladder Cancer,Israel,,Israel
NCT01749332,A Pilot Study of Perihepatic Phlebotomy During Hepatic Resections,Completed,Unknown,,117,Memorial Sloan Kettering Cancer Center,OTHER,Liver Cancer,United States,,United States
NCT01258998,Study of Akt Inhibitor MK2206 in Patients With Relapsed Lymphoma,Completed,Phase 2,,60,National Cancer Institute (NCI),NIH,Adult Nasal Type Extranodal NK/T-cell Lymphoma; Anaplastic Large Cell Lymphoma; Angioimmunoblastic T-cell Lymphoma,United States,,United States
NCT00040898,Sho-Saiko-To Following Removal of Liver Cancer By Embolization in Treating Patients With Liver Cancer That Cannot Be Surgically Removed,Completed,Phase 2,,61,Memorial Sloan Kettering Cancer Center,OTHER,Liver Cancer,United States,,United States
NCT02555163,Laser En Bloc Resection Of Bladder Tumor (HoLERBT) VS. Conventional Transurethral Resection Of Bladder Tumors (cTURBT),Completed,Unknown,,100,Mansoura University,OTHER,Bladder Cancer,Egypt,,Egypt
NCT01186263,Predictive Value of 99mTc- Albumin Spheres Before 90Y- SIR Therapy,Completed,Phase 2,,24,University of Magdeburg,OTHER,Colorectal Cancer; Liver Metastases,Germany,,Germany
NCT04944563,Comparison of Segmentectomy Versus Lobectomy for Non-small Cell Lung Cancer ≤ 2 cm in the Middle Third of the Lung Field,Recruiting,Unknown,2021-07-20,1120,The First Affiliated Hospital with Nanjing Medical University,OTHER,Lung Neoplasms; Surgery,China,2021.0,China
NCT04472663,Participant Reported Outcomes and Treatment Experiences in Kidney Cancer,Completed,Unknown,2020-07-06,5,Bristol-Myers Squibb,INDUSTRY,Kidney Cancer,United States,2020.0,United States
NCT01217593,Ultrasound vs. Predetermined Distance Techniques for Paravertebral Nerve Block in Patients Having Breast Surgery,UNKNOWN,Unknown,,60,Ochsner Health System,OTHER,Mastectomy; Breast Neoplasms,United States,,United States
NCT02038621,The Maintenance Therapy of Capecitabine of Advanced Gastric Cancer,UNKNOWN,Phase 2,,224,The Second People's Hospital of Sichuan,OTHER,Advanced Gastric Cancer,Unknown,,Unknown
NCT06430021,Study of the Value of hPG80 (Circulating Progastrin) for the Diagnosis of Neuroendocrine Tumours in Patients With an MEN1 Mutation,Recruiting,Unknown,2024-06-13,297,Centre Hospitalier Universitaire Dijon,OTHER,Neuroendocrine Tumors; MEN1 Mutation,France,2024.0,France
NCT06236321,The Microbrect-FFC Study,UNKNOWN,Unknown,2022-11-04,60,University of Aberdeen,OTHER,Colorectal Cancer,United Kingdom,2022.0,United Kingdom
NCT06976021,Immune PET and Proteomics for the Assessment of Response to Spatially Fractionated or Palliative Radiotherapy With or Without Immunotherapy,Not Yet Recruiting,Phase 2,,60,Maria Sklodowska-Curie National Research Institute of Oncology,OTHER,Triple Negative Breast Cancer; Uterine Cervical Cancer; Uterine Corpus Cancer,Unknown,,Unknown
NCT02124421,HOT: HIPEC in Ovarian Cancer as Initial Treatment,"Active, Not Recruiting",Phase 2,,32,Mercy Medical Center,OTHER,Stage III Ovarian Cancer; Stage IV Ovarian Cancer; Epithelial Ovarian Cancer,United States,,United States
NCT04212221,MGD013 Monotherapy and Combination With Brivanib Dose Escalation and Expansion Study in Advanced Liver Cancer Patients,Terminated,Phase 1,2020-04-20,89,"Zai Lab (Shanghai) Co., Ltd.",INDUSTRY,Advanced Hepatocellular Carcinoma (HCC),China,2020.0,China
NCT01167114,STA-9090 in Previously Treated Patients With Advanced Esophagogastric Cancer,Completed,Phase 2,,28,Massachusetts General Hospital,OTHER,Esophagogastric Cancer,United States,,United States
NCT00005916,PSA-Based Vaccine and Radiotherapy to Treat Localized Prostate Cancer,Completed,Phase 2,2000-06-13,48,National Cancer Institute (NCI),NIH,Prostate Cancer; Prostate Neoplasm,United States,2000.0,United States
NCT00646516,Gemini Symbicort pMDI,Completed,Phase 3,,615,AstraZeneca,INDUSTRY,Mild or Moderate Asthma,Unknown,,Unknown
NCT05142904,Radiofrequency Ablation Versus I-131 for Solitary Autonomous Thyroid Nodules,Terminated,Phase 3,2021-11-17,40,Rijnstate Hospital,OTHER,"Thyroid Nodule, Toxic or With Hyperthyroidism; Autonomous Thyroid Function; Thyroid Nodule; Hyperthyroidism",Netherlands,2021.0,Netherlands
NCT07307404,Web-based Platform for Nutrition Management in Patients With Cancer,Recruiting,Unknown,2025-12-30,84,Xingchen Peng,OTHER,Nutrition,China,2025.0,China
NCT04782804,Adjuvant PD-1 Antibody in Combination With Capecitabine for Patients With ICC at High-Risk of Postoperative Recurrence,UNKNOWN,Phase 1,2021-01-01,30,Fudan University,OTHER,"Cholangiocarcinoma, Intrahepatic",China,2021.0,China
NCT00032084,S0002 - A Program to Quit Smoking With or Without Bupropion in Treating Patients With Stage I or II Non-Small Cell Lung Cancer Who Have Undergone Surgery,Terminated,Phase 3,,10,SWOG Cancer Research Network,NETWORK,Lung Cancer,United States; Puerto Rico,,United States
NCT06482684,CAR-T-cell Treatment for Untreated High Risk MANtle Cell Lymphoma,Recruiting,Phase 2,2024-02-15,150,"Christian Schmidt, MD",OTHER,Mantle Cell Lymphoma,Germany,2024.0,Germany
NCT04920084,A Study of a Plant-Based Diet in People With Monoclonal Gammopathy of Undetermined Significance (MGUS) or Smoldering Multiple Myeloma (SMM),"Active, Not Recruiting",Unknown,2021-06-03,23,Memorial Sloan Kettering Cancer Center,OTHER,Monoclonal Gammopathy of Undetermined Significance; Smoldering Multiple Myeloma,United States,2021.0,United States
NCT03698552,ADCT-602 in Treating Patients With Recurrent or Refractory B-cell Acute Lymphoblastic Leukemia,Terminated,Phase 1,2018-08-24,37,M.D. Anderson Cancer Center,OTHER,Blasts 5 Percent or More of Bone Marrow Nucleated Cells; CD22 Positive; Philadelphia Chromosome Positive,United States,2018.0,United States
NCT01735747,"Temozolomide, Nedaplatin, Vincristine, and Radiotherapy as First-line Treatment in Newly Diagnosed Primary CNS Lymphoma",UNKNOWN,Phase 2,,16,Rongjie Tao,OTHER,Central Nervous System Tumors,China,,China
NCT05035147,Albumin-bound Paclitaxel Combined With Gemcitabine First-line Inoperable Pancreatic Cancer,Recruiting,Phase 4,2021-03-25,934,Tianjin Medical University Cancer Institute and Hospital,OTHER,Pancreatic Cancer,China,2021.0,China
NCT01998347,Paclitaxel Liposome and Cisplatin as First-line Chemotherapy in Patients With Metastatic Esophageal Cancer,Withdrawn,Phase 3,,0,Shantou University Medical College,OTHER,Esophageal Cancer,China,,China
NCT06739447,Hospital Based Continuous Patient Monitoring System,Not Yet Recruiting,Unknown,2026-04-30,250,University of Alabama at Birmingham,OTHER,Trauma; Appendectomy; Pediatric ALL,Unknown,,Unknown
NCT05523947,Clinical Trial of YH32367 in Patients With HER2 Positive Locally Advanced or Metastatic Solid Tumor,Recruiting,Phase 1,2022-08-26,147,Yuhan Corporation,INDUSTRY,HER2-Positive Solid Tumor,United States; Australia; South Korea,2022.0,United States
NCT05410847,Nab-paclitaxel Plus Camrelizumab and S-1 Conversion Therapy for Gastric Cancer With Positive Exfoliative Cancer Cells,UNKNOWN,Phase 2,2022-06-30,30,Hebei Medical University,OTHER,Gastric Cancer,Unknown,2022.0,Unknown
NCT07388238,Ultrasound-Guided PEC I vs SAP Block for Postoperative Analgesia in Modified Radical Mastectomy,Completed,Unknown,2021-05-03,32,Ain Shams University,OTHER,Breast Cancer; Modified Radical Mastectomy; Pectoral Nerve Blocks,Egypt,2021.0,Egypt
NCT00018538,Calcifidol Therapy in Men With Cancer,Completed,Phase 2,,61,US Department of Veterans Affairs,FED,Prostate Cancer,United States,,United States
NCT02158858,A Phase 1/2 Study of CPI-0610 With and Without Ruxolitinib in Patients With Hematologic and Myeloproliferative Malignancies,Completed,Phase 1,2014-07-16,336,Constellation Pharmaceuticals,INDUSTRY,"Myelofibrosis; Leukemia, Myelocytic, Acute; Myelodysplastic/Myeloproliferative Neoplasm",France; Netherlands; Canada; United States; Poland; Germany; United Kingdom; Belgium; Italy,2014.0,France
NCT04696848,The Efficacy and Safety of CKD516 Combined With Durvalumab in Patient Refractory Solid Tumors,Terminated,Phase 1,2021-02-24,25,Tae Won Kim,OTHER,Colorectal Cancer; Solid Tumor,South Korea,2021.0,South Korea
NCT05040555,R-CDOP Regimen in the Treatment of Newly Diagnosed Non-Hodgkin's Lymphoma With High Tumor Burden,Recruiting,Unknown,2021-08-30,64,"oubai, MD/PhD",OTHER,Diffuse Large B Cell Lymphoma; Follicular Lymphoma Grade 3B,China,2021.0,China
NCT05187026,Electrical Patient Reported Outcome of Prostate Cancer RadioTherapy,UNKNOWN,Unknown,2016-12-09,300,Helsinki University Central Hospital,OTHER,Prostate Cancer,Finland,2016.0,Finland
NCT01367626,Bioequivalency Study of Letrozole 2.5 mg Tablets Under Fed Conditions,Completed,Phase 1,,28,Roxane Laboratories,INDUSTRY,Breast Cancer,United States,,United States
NCT02159755,Ibrutinib and Palbociclib in Treating Patients With Previously Treated Mantle Cell Lymphoma,"Active, Not Recruiting",Phase 1,2014-08-13,28,National Cancer Institute (NCI),NIH,Recurrent Mantle Cell Lymphoma,United States,2014.0,United States
NCT03568526,Sensorimotor Rehabilitation Program in Improving Quality of Life in Patients With Early Stage Breast Cancer,Completed,Unknown,2015-07-02,36,Ohio State University Comprehensive Cancer Center,OTHER,Peripheral Neuropathy; Stage I Breast Cancer AJCC v7; Stage IA Breast Cancer AJCC v7,United States,2015.0,United States
NCT06966778,Oxybutynin ER to Promote Early Continence Recovery After Robotic Prostatectomy: A Randomized Controlled Trial,Recruiting,Unknown,2025-09-15,135,National Taiwan University Hospital,OTHER,Localized Prostate Cancer; Postoperative Urinary Incontinence,Taiwan,2025.0,Taiwan
NCT00776178,Follow-Up of Bladder Cancer Patients From the New England Study of Environment and Health,Completed,Unknown,2008-10-17,68,National Cancer Institute (NCI),NIH,Bladder Cancer,United States,2008.0,United States
NCT01258478,Lung Cancer Rehabilitation Study,UNKNOWN,Unknown,,390,"University Hospital, Geneva",OTHER,Non Small Cell Lung Cancer,Switzerland,,Switzerland
NCT04581655,ONCOTIPNET: Multicenter Study on Risk Factors and Outcome in Cancer Pediatric Patients Admitted in Italian PICUs,Completed,Unknown,2021-03-01,500,Azienda Ospedaliera di Padova,OTHER,Pediatric Cancer; Critically Ill,Italy,2021.0,Italy
NCT04161755,Study of Personalized Tumor Vaccines (PCVs) and a PD-L1 Blocker in Patients With Pancreatic Cancer That Can be Treated With Surgery,"Active, Not Recruiting",Phase 1,2019-12-13,29,Memorial Sloan Kettering Cancer Center,OTHER,Pancreatic Cancer,United States,2019.0,United States
NCT01193855,Dutasteride in Treating Patients With Prostate Cancer,UNKNOWN,Phase 2,,42,University College London Hospitals,OTHER,Prostate Cancer,United Kingdom,,United Kingdom
NCT00021385,Squalamine Lactate Plus Carboplatin in Treating Patients With Recurrent or Refractory Stage III or Stage IV Ovarian Cancer,UNKNOWN,Phase 2,,61,Jonsson Comprehensive Cancer Center,OTHER,Ovarian Cancer,United States,,United States
NCT00211211,FREE Study - Fracture Reduction Evaluation,Completed,Phase 4,,300,Medtronic Spine LLC,INDUSTRY,Osteopenia; Osteoporosis; Multiple Myeloma,United States,,United States
NCT00005636,Cisplatin With or Without Pemetrexed Disodium in Treating Patients With Malignant Mesothelioma of the Pleura That Cannot be Removed by Surgery,Completed,Phase 3,,61,Memorial Sloan Kettering Cancer Center,OTHER,Malignant Mesothelioma,United States,,United States
NCT01689636,Safety and Biodistribution of Technetium Tc 99m EC20 in Normal Volunteers and Ovarian Cancer Patients,Completed,Phase 1,,8,Endocyte,INDUSTRY,Ovarian Cancer; Healthy Volunteers,United States,,United States
NCT06149611,Mass Balance Study of TQB3616,UNKNOWN,Phase 1,,8,"Chia Tai Tianqing Pharmaceutical Group Co., Ltd.",INDUSTRY,Breast Cancer,China,,China
NCT01702571,A Study of Trastuzumab Emtansine in Participants With Human Epidermal Growth Factor Receptor 2 (HER2)-Positive Breast Cancer Who Have Received Prior Anti-HER2 And Chemotherapy-based Treatment,Completed,Phase 3,2012-11-27,2185,Hoffmann-La Roche,INDUSTRY,Breast Cancer,Denmark; Ecuador; Luxembourg; Canada; China; Belgium; Greece; Panama; Italy; Spain; Guatemala; Turkey (Türkiye); United Kingdom; South Korea; Australia; Mexico; Austria; Netherlands; Estonia; Venezuela; Bulgaria; Argentina; Peru; Indonesia; United Arab Emirates; Germany; Sweden; Ireland; Hungary; France; Croatia; Brazil; Thailand; Slovakia; Iceland; Norway; Poland; Dominican Republic; Finland; Slovenia; Taiwan; Hong Kong; Portugal,2012.0,Denmark
NCT02517736,Study Multicentre Evaluating the Effectiveness and Toxicity Sorafenib (Nexavar®) in Adult Patients With Uveal Melanoma and Metastatic Dissemination,Completed,Phase 2,,32,"University Hospital, Caen",OTHER,Uveal Melanoma,France,,France
NCT00502411,Post-Operative Chemoradiation for Extremity & Trunk Soft Tissue Sarcoma,Completed,Phase 1,,4,M.D. Anderson Cancer Center,OTHER,Soft Tissue Sarcoma,United States,,United States
NCT01181271,Tandem Auto-Allo Transplant for Lymphoma,Completed,Phase 2,,42,Massachusetts General Hospital,OTHER,"Diffuse, Large B-Cell, Lymphoma; Lymphoma, Low-Grade; T-Cell Lymphoma",United States,,United States
NCT06375044,Study of SIM0500 Alone in Participants With Relapsed or Refractory Multiple Myeloma,Recruiting,Phase 1,2024-05-24,130,"Jiangsu Simcere Pharmaceutical Co., Ltd.",INDUSTRY,Relapsed or Refractory Multiple Myeloma,United States; China,2024.0,United States
NCT00883909,ARI103094-Follow-Up Study for REDUCE Study Subjects,Completed,Unknown,2009-04-09,2795,GlaxoSmithKline,INDUSTRY,"Neoplasms, Prostate",France; Chile; Canada; Argentina; United States; Germany; Finland; United Kingdom; Sweden; Greece; Netherlands; Spain,2009.0,France
NCT06639399,Effect of Different Acupuncture Schemes for Postoperative Urinary Retention in Cervical Cancer Patients,Completed,Unknown,2024-12-01,73,Lu Chao,OTHER,Postoperative Urinary Retention (POUR),China,2024.0,China
NCT05113199,Virtual Dignity Therapy for Palliative Care Patients With Advanced Cancer,Completed,Unknown,2021-11-18,21,Mayo Clinic,OTHER,Advanced Cancer,United States,2021.0,United States
NCT04124198,Quality of Life After Primary TORS vs IMRT for Patients With Early-stage Oropharyngeal Squamous Cell Carcinoma,"Active, Not Recruiting",Unknown,2019-03-01,138,Christian von Buchwald,OTHER,"Oropharynx Cancer; Oropharynx Squamous Cell Carcinoma; Carcinoma, Squamous Cell",Denmark,2019.0,Denmark
NCT04260698,"Expanded Access of Omidubicel, for Allogeneic Transplantation in Patients With Hematological Malignancies",Completed,Phase 3,2020-07-08,36,Gamida Cell ltd,INDUSTRY,Hematological Malignancies,United States,2020.0,United States
NCT02441998,Real-Time Characterizations of Diminutive Colorectal Polyps Using Narrow Band Imaging,Completed,Unknown,,26,University of Michigan,OTHER,Colorectal Cancer,Unknown,,Unknown
NCT01409187,IPI-Biotherapy for Patients Previously Treated With Cytotoxic Drugs With Metastatic Melanoma,Withdrawn,Phase 1,,0,M.D. Anderson Cancer Center,OTHER,Melanoma,Unknown,,Unknown
NCT00110721,GM-CT-01 Plus 5-Fluorouracil as Third- or Fourth-Line Therapy for Metastatic Colorectal Cancer,Terminated,Phase 2,,20,Galectin Therapeutics Inc.,INDUSTRY,Colorectal Cancer,United States; Israel,,United States
NCT04048421,Feasibility and Safety of Hybrid Transvaginal Natural Orifice Transluminal Endoscopic Surgery for Colon Cancer,UNKNOWN,Unknown,2019-12-20,55,Renmin Hospital of Wuhan University,OTHER,Colon Cancer; Natural Orifice Transluminal Endoscopic Surgery,China,2019.0,China
NCT03800121,Study of Exosomes in Monitoring Patients With Sarcoma (EXOSARC),Completed,Unknown,2018-11-19,34,Centre Georges Francois Leclerc,OTHER,Sarcoma,France,2018.0,France
NCT04554316,Aesthetic Effect of Steri-Strip Orientation on Healing and Scar Appearance in Breast Surgery,Completed,Unknown,2020-11-01,94,Albert Einstein Healthcare Network,OTHER,Scar; Breast Neoplasms; Breast Diseases,United States,2020.0,United States
NCT04453306,Treatment of Obesity With Topiramate in Patients With Polycystic Ovary Syndrome,UNKNOWN,Phase 4,,80,Hospital de Clinicas de Porto Alegre,OTHER,Obesity; Polycystic Ovary Syndrome; Hyperandrogenism,Brazil,,Brazil
NCT04442984,FOLFOX6 Versus mFOLFIRINOX as First Line Chemotherapy in Metastatic Gastric Cancer or Esophagogastric Junction Adenocarcinoma (Type II-III),UNKNOWN,Phase 2,2019-11-03,326,Blokhin's Russian Cancer Research Center,OTHER,Gastric Carcinoma Stage IV; Esophagogastric Junction Adenocarcinoma Stage IV,Russia,2019.0,Russia
NCT01745484,Role of SPECT in Radiotherapy of Lung Cancer and Toxicity Evaluation,Completed,Unknown,,71,University of Aarhus,OTHER,Non-small-cell Lung Cancer; Radiation Pneumonitis,Denmark,,Denmark
NCT02648633,Stereotactic Radiosurgery With Nivolumab and Valproate in Patients With Recurrent Glioblastoma,Terminated,Phase 1,2016-05-24,4,University of Virginia,OTHER,Glioblastoma,United States,2016.0,United States
NCT01966133,TACE as an Adjuvant Therapy After Hepatectomy for HCC,UNKNOWN,Phase 3,,280,Jia Fan,OTHER,Hepatocellular Carcinoma,China,,China
NCT05220033,Journey Ahead: Enhancing Coping and Communication for Women Diagnosed With Gynecological Cancer,"Active, Not Recruiting",Unknown,2020-07-14,30,"Rutgers, The State University of New Jersey",OTHER,Gynecologic Cancer; Ovarian Cancer; Endometrial Cancer,United States,2020.0,United States
NCT04339933,Detection of FGFR Gene Mutations in the Tumor Tissue and Urine of Patients With Urothelial Carcinoma,UNKNOWN,Unknown,2022-05-01,92,Ho Kyung Seo,OTHER_GOV,Bladder Cancer,Unknown,2022.0,Unknown
NCT01819233,Caloric Restriction in Treating Patients With Stage 0-I Breast Cancer Undergoing Surgery and Radiation Therapy,Completed,Unknown,2013-03-08,38,Sidney Kimmel Comprehensive Cancer Center at Thomas Jefferson University,OTHER,Ductal Breast Carcinoma in Situ; Invasive Ductal Breast Carcinoma; Invasive Lobular Breast Carcinoma,United States,2013.0,United States
NCT00382252,PET Scan and CT Scan in Evaluating Response in Patients Undergoing Radiofrequency Ablation for Lung Metastases,Completed,Unknown,2005-05-02,89,Institut Bergonié,OTHER,"Metastatic Cancer; Unspecified Adult Solid Tumor, Protocol Specific",France,2005.0,France
NCT04638049,Intestinal Microbiota in Prostate Cancer Patients as a Biomarker for Radiation-INduced Toxicity (IMPRINT),Completed,Unknown,2020-08-25,50,"University Hospital, Ghent",OTHER,Prostate Cancer; Prostate Adenocarcinoma; Prostatic Neoplasms,Belgium,2020.0,Belgium
NCT04613349,FArial NErf MRI in the Preoperative Assessment of PArotide Tumors,Recruiting,Unknown,2021-01-13,88,Fondation Ophtalmologique Adolphe de Rothschild,NETWORK,Parotid Tumor,France,2021.0,France
NCT06980038,Testing Whether Cemiplimab (REGN2810) Plus CDX-1140 Given Prior to Surgery Are Better Than Cemiplimab (REGN2810) Alone in Patients With Stage III-IV Head and Neck Cancer,Recruiting,Phase 2,2026-08-21,44,National Cancer Institute (NCI),NIH,Head and Neck Squamous Cell Carcinoma; Hypopharyngeal Squamous Cell Carcinoma; Laryngeal Squamous Cell Carcinoma,United States,,United States
NCT06701838,Osilodrostat Therapy and 11C-methionine PET to Improve Corticotroph Adenoma Detection,Not Yet Recruiting,Unknown,2024-12-03,15,Imperial College London,OTHER,Cushing&#39;s Disease; Hypercortisolism; Pituitary Adenoma,Unknown,2024.0,Unknown
NCT01301248,Cisplatin Chemoradiation With or Without Cetuximab for Locoregionally Advanced Squamous Cell Carcinomas (SCC) of the Head and Neck,UNKNOWN,Phase 2,,80,Theagenio Cancer Hospital,OTHER_GOV,Head and Neck Neoplasms; AJCC Stage III/IV,Greece,,Greece
NCT00045448,Combination Chemotherapy in Treating Patients With Advanced Solid Tumors,Completed,Phase 1,,61,Memorial Sloan Kettering Cancer Center,OTHER,"Unspecified Adult Solid Tumor, Protocol Specific",United States,,United States
NCT06649448,A Multi-cohort Study of Efbemalenograstim Alfa Injection for Preventing ANC Reduction in Solid Tumor Patients Post Immune-chemotherapy.,Not Yet Recruiting,Unknown,2024-10-10,200,Shandong Cancer Hospital and Institute,OTHER,Solid Tumor Cancer; Chemotherapy Induced Neutropenia; G-CSF,China,2024.0,China
NCT00250055,"Non-Invasive, Real-Time Technology for Diagnosis of Cervical Tissue",Terminated,Unknown,,100,University of New Mexico,OTHER,Cervix; Cancer,United States,,United States
NCT05652855,Study of MHB088C in Participants With Advanced or Metastatic Solid Tumors,Not Yet Recruiting,Phase 1,2023-01-23,48,Minghui Pharmaceutical Pty Ltd,INDUSTRY,Advanced or Metastatic Solid Tumors,Australia,2023.0,Australia
NCT06957678,AI-Based Prediction of Lymph Node Metastasis in Gastric Cancer Using Preoperative Multimodal Data,ENROLLING_BY_INVITATION,Unknown,2025-01-01,1200,Qun Zhao,OTHER,Gastric Cancer Adenocarcinoma Metastatic; Lymph Node Metastasis; Artificial Intelligence (AI) in Diagnosis,China,2025.0,China
NCT01498978,Ipilimumab in Combination With Androgen Suppression Therapy in Treating Patients With Metastatic Hormone-Resistant Prostate Cancer,Completed,Phase 2,2012-02-06,10,OHSU Knight Cancer Institute,OTHER,Adenocarcinoma of the Prostate; Hormone-resistant Prostate Cancer; Recurrent Prostate Cancer,United States,2012.0,United States
NCT01019278,"Proton Beam Radiation Therapy and Cisplatin in Treating Patients With Stage IB, Stage II, Stage III, or Stage IVA Cervical Cancer and Positive Lymph Nodes",Withdrawn,Phase 2,,0,Abramson Cancer Center at Penn Medicine,OTHER,Cervical Cancer; Stage IB Cervical Cancer; Stage IIA Cervical Cancer,Unknown,,Unknown
NCT02718378,Evaluation of Safety and Efficacy of Estetrol in Healthy Men,Completed,Phase 1,,45,Pantarhei Oncology B.V.,OTHER,Prostatic Neoplasms,Netherlands,,Netherlands
NCT06496178,A Phase 3 Study to Evaluate Petosemtamab Compared With Investigator's Choice Monotherapy in Previously Treated Head and Neck Squamous Cell Carcinoma Patients,Recruiting,Phase 3,2024-06-25,500,Merus B.V.,INDUSTRY,Head and Neck Squamous Cell Carcinoma,Canada; Belgium; Greece; Italy; Spain; Chile; United Kingdom; South Korea; Australia; Netherlands; Japan; Argentina; Lithuania; Germany; Switzerland; Hungary; Israel; France; Brazil; United States; Poland; Czechia; Taiwan; Portugal,2024.0,Canada
NCT00099255,Study of SGN-30 (Anti-CD30 mAb) in Patients With Primary Cutaneous Anaplastic Large Cell Lymphoma,Completed,Phase 2,,40,Seagen Inc.,INDUSTRY,Large Cell Lymphoma,United States,,United States
NCT07460726,PRIAPUS-PCa Study: Stereotactic Body Radiation Therapy (SBRT) and Androgen Deprivation Therapy (ADT) Impact on Sexual Function on Men With Unfavorable Intermediate Risk Prostate Cancer,Not Yet Recruiting,Unknown,2026-03-16,130,CancerCare Manitoba,OTHER,Prostate Cancer (Adenocarcinoma); Erectile Abnormalities; Sexual Dysfunction Male,Canada,,Canada
NCT06173726,"Investigator-initiated Phase I Exploratory Clinical Study of the Safety, Tolerability, and Efficacy of BST02 Injection in the Treatment of Locally Advanced/Metastatic Liver Cancer",Not Yet Recruiting,Phase 1 (Early),2023-12-05,6,BioSyngen Pte Ltd,INDUSTRY,Locally Advanced/Metastatic Liver Cancer,China,2023.0,China
NCT07397611,Pre-NEOSHIFT-RCC: Neoadjuvant HIF-Inhibitor Immunotherapy in RCC,Recruiting,Phase 2,2026-03-09,32,Dana-Farber Cancer Institute,OTHER,Renal Cell Carcinoma; Kidney Cancer; Kidney Neoplasm,United States,,United States
NCT06116136,A Study to Evaluate the Safety and the Activity of S095029 as Part of Combination Therapy in Advanced Gastroesophageal Junction/Gastric Cancers.,"Active, Not Recruiting",Phase 1,2024-08-31,48,Servier Bio-Innovation LLC,INDUSTRY,MSI-H/dMMR Gastroesophageal-junction Cancer; MSI-H/dMMR Gastric Cancer,France; Denmark; Japan; Brazil; Canada; United States; Puerto Rico; United Kingdom; China; Belgium; Australia; Austria; Italy; Hungary; Spain,2024.0,France
NCT05757492,Study to Evaluate Safety and PK of CHS-006 in Combination With Toripalimab in Patients With Advanced Solid Tumors,Terminated,Phase 1,2023-04-26,22,"Coherus Oncology, Inc.",INDUSTRY,Advanced Solid Tumor; Non-Small Cell Lung Cancer; Hepatocellular Carcinoma,United States,2023.0,United States
NCT01328236,Bortezomib in Combination With Liposomal Doxorubicin and Dexamethasone to Treat Plasma Cell Leukemia,UNKNOWN,Phase 2,,20,"Clinical Service, China",INDUSTRY,Plasma Cell Leukemia; Multiple Myeloma,China,,China
NCT04023071,FT516 in Subjects With Advanced Hematologic Malignancies,Terminated,Phase 1,2019-10-04,72,Fate Therapeutics,INDUSTRY,Acute Myelogenous Leukemia; B-cell Lymphoma,United States,2019.0,United States
NCT01579071,Efficacy and Safety of CO2 vs Room Air Insufflation During ESD for Gastric Tumor,Completed,Phase 4,,110,Gachon University Gil Medical Center,OTHER,Gastric Tumor,South Korea,,South Korea
NCT04985071,Complication of Pancreatic Fistula and Bleeding After Pancreaticoduodenectomy in Treatment Periampullary Cancer,Completed,Unknown,2021-08-01,183,Vo Truong Quoc,OTHER,Periampullary Cancer; Pancreatic Fistula; Bleeding,Vietnam,2021.0,Vietnam
NCT06490211,The Research Value of Multi-omics and Multi-modal Information in the Diagnosis and Treatment of Urinary System Tumors,Recruiting,Unknown,2023-11-20,100,"Union Hospital, Tongji Medical College, Huazhong University of Science and Technology",OTHER,Urinary System Carcinoma,China,2023.0,China
NCT03396211,A Study to Evaluate Apatinib (Also Known as Rivoceranib) Plus Nivolumab in Participants With Unresectable or Metastatic Cancer,Completed,Phase 1,2017-12-22,30,Elevar Therapeutics,INDUSTRY,Cancer,United States,2017.0,United States
NCT05831111,"A Study of an Epstein-Barr Virus (EBV) Candidate Vaccine, mRNA-1195, in 18- to 55-Year-Old Healthy Participants","Active, Not Recruiting",Phase 1,2023-04-05,482,"ModernaTX, Inc.",INDUSTRY,Epstein-Barr Virus Infection,United States,2023.0,United States
NCT02432911,Treatment of Elderly Chinese Acute Myeloid Leukemia Patients Aged 65 to 75 Years Old,UNKNOWN,Unknown,,300,Jianxiang Wang,UNKNOWN,Acute Myeloid Leukemia,China,,China
NCT01896271,High Dose IL-2 and Stereotactic Ablative Body Radiation Therapy for Metastatic Renal Cancer,Completed,Phase 2,2013-10-02,30,University of Texas Southwestern Medical Center,OTHER,Metastatic Clear Cell Renal Cell Carcinoma,United States,2013.0,United States
NCT06494371,A Study of LCAR-HL30 in Subjects With Relapsed/Refractory Hodgkin's Lymphoma and Anaplastic Large Cell Lymphoma,Recruiting,Phase 1,,32,Ruijin Hospital,OTHER,Hodgkin's Lymphoma; Anaplastic Large Cell Lymphoma,China,,China
NCT05786144,Vestibular Schwannoma Organoids,Completed,Unknown,2020-06-01,100,Maastricht Radiation Oncology,OTHER,Vestibular Schwannoma,Netherlands,2020.0,Netherlands
NCT07101744,Iparomlimab and Tuvonralimab Combined With Nimotuzumab in Recurrent or Metastatic NPC After First-line Treatment Failure: A Single-arm Phase IIa Clinical Trial,Recruiting,Phase 2,2025-10-17,41,Sun Yat-sen University,OTHER,Nasopharyngeal Carcinoma (NPC); First-line Treatment Failure Nasopharyngeal Carcinoma,China,2025.0,China
NCT06348134,Assessing the Efficacy and Safety of Anti-HER2 Therapy in Nigerian Women With HER2+ Breast Cancer Before and After Surgery,Recruiting,Phase 2,2025-03-18,74,University of Chicago,OTHER,Human Epidermal Growth Factor 2 Negative Carcinoma of Breast; HER2-positive Breast Cancer; Breast Cancer,Nigeria,2025.0,Nigeria
NCT05780034,A Study of AC676 for the Treatment of Relapsed/Refractory B-Cell Malignancies,Recruiting,Phase 1,2023-06-20,60,Accutar Biotechnology Inc,INDUSTRY,Relapsed/Refractory B-cell Malignancies,United States,2023.0,United States
NCT00979134,Study is Designed to Assess the Safety and Tolerability of AZD4547 at Increasing Doses in Patients With Advanced Tumours,Terminated,Phase 1,2009-10-21,95,AstraZeneca,INDUSTRY,Cancer; Advanced Solid Malignancies,France; Netherlands; United States; Germany; United Kingdom; Italy; Spain,2009.0,France
NCT05626764,"QUALITOP - Monitoring Multidimensional Aspects of QUAlity of Life After Cancer ImmunoTherapy, an Open Smart Digital Platform for Personalized Prevention and Patient Management",UNKNOWN,Unknown,2020-01-27,3000,Hospices Civils de Lyon,OTHER,Solid Tumor; Hematologic Cancer,France; Portugal; Netherlands; Spain,2020.0,France
NCT02826564,Trial of Stereotactic Body Radiotherapy With Concurrent Pembrolizumab in Metastatic Urothelial Cancer,Completed,Phase 1,2016-11-14,18,"University Hospital, Ghent",OTHER,Metastatic Urothelial Cancer,Belgium,2016.0,Belgium
NCT04438564,Immunoassay and Regulation of Traditional Chinese Medicine on Cancer Patients,UNKNOWN,Unknown,2020-05-18,300,China Medical University Hospital,OTHER,Breast Cancer; Colorectal Cancer; Cancer of Ovary,Taiwan,2020.0,Taiwan
NCT05908409,A Phase 1/2 Study of IDP-121 in Patients With Relapsed/Refractory Hematologic Malignancies,Recruiting,Phase 1,2023-06-05,37,IDP Discovery Pharma S.L.,INDUSTRY,"Multiple Myeloma (MM); Diffuse Large B-Cell Lymphoma, Not Otherwise Specified; Double Hit Lymphoma",Spain,2023.0,Spain
NCT06833632,"Detection of Circulating Tumour Cells, Spread Through Air Space in Patients With Lung Cancer",Recruiting,Unknown,2023-05-25,100,IRCCS Azienda Ospedaliero-Universitaria di Bologna,OTHER,Non-Small-Cell Lung Cancer,Italy,2023.0,Italy
NCT02095132,Adavosertib and Irinotecan Hydrochloride in Treating Younger Patients With Relapsed or Refractory Solid Tumors,Completed,Phase 1,2014-03-28,76,National Cancer Institute (NCI),NIH,"Central Nervous System Embryonal Tumor With Rhabdoid Features; Central Nervous System Embryonal Tumor, Not Otherwise Specified; Central Nervous System Ganglioneuroblastoma",United States; Canada,2014.0,United States
NCT01840332,Method of Endogenous TSH Stimulation in the Follow-up of Differentiated Thyroid Cancer,Completed,Unknown,,20,University of Tartu,OTHER,Thyroid Cancer,Estonia,,Estonia
NCT02621398,"Pembrolizumab, Paclitaxel, Carboplatin, and Radiation Therapy in Treating Patients With Stage II-IIIB Non-Small Cell Lung Cancer",Completed,Phase 1,2016-08-04,23,"Rutgers, The State University of New Jersey",OTHER,Stage II Non-Small Cell Lung Cancer; Stage IIIA Non-Small Cell Lung Cancer; Stage IIIB Non-Small Cell Lung Cancer,United States,2016.0,United States
NCT02961998,"Preventive Effect of Celecoxib on Sorafenib-related Hand Foot Syndrome, a Single Center, Randomized Controlled Clinical Trail",Completed,Phase 4,,116,Sun Yat-sen University,OTHER,Hepatocellular Carcinoma,Unknown,,Unknown
NCT04659798,A Study to Investigate the Relationship Between Duration of Treatment and Response in Patients With Multiple Myeloma (MM) or Systemic AL Amyloidosis Treated in Real-life Practice,Completed,Unknown,2021-01-22,240,Takeda,INDUSTRY,Multiple Myeloma; Immunoglobulin Light-chain Amyloidosis,Spain,2021.0,Spain
NCT01215487,A Study Investigating the Predictive Value of Philadelphia Positive Stem Cell Properties in Newly Diagnosed Patients With Chronic Myeloid Leukemia in Chronic Phase Receiving Treatment With Imatinib,Completed,Unknown,,68,University of British Columbia,OTHER,Chronic Myeloid Leukemia,Canada,,Canada
NCT01246063,"Carfilzomib, Pegylated Liposomal Doxorubicin Hydrochloride, and Dexamethasone in Treating Patients With Relapsed or Refractory Multiple Myeloma",Completed,Phase 1,2012-05-14,40,Washington University School of Medicine,OTHER,Multiple Myeloma,United States,2012.0,United States
NCT05482893,"Spevatamig (PT886) as Monotherapy or in Combination With Chemo and/or ICI, for the Treatment of Patients With Advanced Gastric, Gastroesophageal Junction, Pancreatic Ductal or Biliary Tract Carcinomas (the TWINPEAK Study)",Recruiting,Phase 1,2023-03-15,258,Phanes Therapeutics,INDUSTRY,Gastric or Gastroesophageal Junction Adenocarcinoma; Pancreatic Ductal Adenocarcinoma; Biliary Tract Cancer (BTC),United States,2023.0,United States
NCT00482521,CC-4047 in Treating Patients With Advanced Solid Tumors That Did Not Respond to Treatment,Completed,Phase 1,,42,Case Comprehensive Cancer Center,OTHER,"Unspecified Adult Solid Tumor, Protocol Specific",United States,,United States
NCT01990521,Prostate Screening Study Using MRI in BRCA Carriers,"Active, Not Recruiting",Unknown,,60,Toronto Sunnybrook Regional Cancer Centre,OTHER,Prostate Cancer,Canada,,Canada
NCT00092521,Cervical Intraepithelial Neoplasm (CIN)-Warts Efficacy Trial in Women (Gardasil)(V501-013)(COMPLETED),Completed,Phase 3,,5759,Merck Sharp & Dohme LLC,INDUSTRY,Cervical Cancer; Genital Warts,Unknown,,Unknown
NCT01914614,A Pilot Study of Working Women and Breast Cancer,Completed,Unknown,,22,Robin Vanderpool,OTHER,Breast Cancer,United States,,United States
NCT01665014,Total Marrow Irradiation and High-dose Melphalan for Double Autologous Hematopoietic Stem Cell Transplantation in Multiple Myeloma,UNKNOWN,Phase 2,,50,"Maria Sklodowska-Curie Memorial Cancer Center and Institute of Oncology, Gliwice",OTHER,Multiple Myeloma,Poland,,Poland
NCT00606814,Phase I Study of IPI-504 and Docetaxel in Patients With Advanced Solid Tumors,Completed,Phase 1,,60,"Infinity Pharmaceuticals, Inc.",INDUSTRY,Solid Tumors,United States,,United States
NCT01868906,FMISO-PET in Brain Tumors and SCS Effect,Terminated,Phase 2,,6,"Bernardino Clavo, MD, PhD",OTHER,Malignant Glioma,Spain,,Spain
NCT05007106,MK-7684A With or Without Other Anticancer Therapies in Participants With Selected Solid Tumors (MK-7684A-005) (KEYVIBE-005),Completed,Phase 2,2021-09-16,613,Merck Sharp & Dohme LLC,INDUSTRY,Uterine Cervical Neoplasms; Endometrial Neoplasms; Squamous Cell Carcinoma of Head and Neck,Colombia; France; Japan; Chile; Netherlands; Canada; United States; Poland; Turkey (Türkiye); Germany; Spain; Taiwan; South Korea; Italy; Israel,2021.0,Colombia
NCT07074106,TIL-Driven De-escalated Chemotherapy in Stage I-II TNBC,Recruiting,Phase 2,2025-10-31,40,D'Or Institute for Research and Education,OTHER,Breast Cancer,Brazil,2025.0,Brazil
NCT03442504,Prediction of Response to 2nd-line Hormone Therapy by FES CT/PET in Patients With Metastatic Breast Cancer,UNKNOWN,Unknown,2017-03-15,57,Institut Cancerologie de l'Ouest,OTHER,Metastatic Breast Cancer,France,2017.0,France
NCT00907504,"Study Of The Effect Of CP-751,871 In Combination With Gemcitabine And Cisplatin In Patients With Advanced Non-Small Cell Lung Cancer",Withdrawn,Phase 3,,0,Pfizer,INDUSTRY,"Carcinoma, Non-Small-Cell Lung",Unknown,,Unknown
NCT01694784,Understanding and Discouraging Overuse of Potentially Harmful Screening Tests,Completed,Unknown,,775,"University of North Carolina, Chapel Hill",OTHER,Preventive Screening; Prostate Cancer; Osteoporosis,United States,,United States
NCT03014284,Novel Listeria Vectors Secreting Gut Flora-Altering Agents to Prevent Colon Cancer and Treat Colitis,Withdrawn,Unknown,2017-01-20,0,The University of Texas Health Science Center at San Antonio,OTHER,Colon Cancer; Colitis,United States,2017.0,United States
NCT04574284,A Study of TQB2450 Injection Combined With Anlotinib Hydrochloride Capsule in Subjects With Advanced Endometrial Cancer,Completed,Phase 2,2020-09-29,170,"Chia Tai Tianqing Pharmaceutical Group Co., Ltd.",INDUSTRY,Advanced Endometrial Cancer,China,2020.0,China
NCT05137847,A Study of Remitoro in Participants With Recurrent or Refractory Peripheral T Cell Lymphoma and Cutaneous T Cell Lymphoma (All Case Study),Completed,Unknown,2021-05-24,118,Eisai Inc.,INDUSTRY,"Lymphoma, T-cell, Peripheral; Lymphoma, T-cell, Cutaneous",Japan,2021.0,Japan
NCT06736847,Exploration of Lymph Node Metastasis and Tumor Deposit in the Posterior Gastric Mesentery for Distal Gastric Cancer,Recruiting,Unknown,2024-05-01,200,Jichao Qin,OTHER,Gastric Carcinoma,China,2024.0,China
NCT01850147,Sequential Use of Low-dose Sunitinib With Chemotherapy in Advanced NSCLC After Failure of Conventional Regimen,UNKNOWN,Phase 2,,50,Chinese Academy of Medical Sciences,OTHER,Cancer; Lung Cancer,China,,China
NCT00365638,Simvastatin Therapy in Women With Polycystic Ovary Syndrome.,Completed,Unknown,,61,Poznan University of Medical Sciences,OTHER,Polycystic Ovary Syndrome,Poland,,Poland
NCT02602938,Aspirin on CTCs of Advanced Breast and Colorectal Cancer,UNKNOWN,Phase 2,,40,Zhejiang Provincial People's Hospital,OTHER,Epithelial-Mesenchymal Transition; Circulating Tumor Cells,China,,China
NCT06711848,Testing and Comparing the Impacts of Mhealth-Based and Web-Based Education on Oral Cancer,Not Yet Recruiting,Unknown,2025-01-05,75,University of Rwanda,OTHER,"Oral Cancer; Health Education, Community; Digital Intervention",Rwanda; Sri Lanka; Nigeria; India,2025.0,Rwanda
NCT06992648,Trifluridine/Tipiracil Plus Regorafenib vs Trifluridine/Tipiracil Plus Bevacizumab for Refractory Metastatic Colorectal Cancer,Recruiting,Phase 3,2025-04-01,302,"Second Affiliated Hospital, School of Medicine, Zhejiang University",OTHER,Colorectal Cancer Metastatic; Colorectal Cancer Recurrent,China,2025.0,China
NCT02278185,Enzalutamide Versus Standard Androgen Deprivation Therapy for the Treatment Hormone Sensitive Prostate Cancer,Completed,Phase 2,2015-11-11,19,"University of Colorado, Denver",OTHER,Adenocarcinoma of the Prostate; Recurrent Prostate Cancer; Stage III Prostate Cancer,United States,2015.0,United States
NCT06868485,A Study to Assess the Efficacy of WSD0922-FU in Patients With C797S+ Advanced Non-small Cell Lung Cancer,Recruiting,Phase 2,2025-08-18,40,"Wayshine Biopharm, Inc.",INDUSTRY,Non Small Cell Lung Cancer,United States; China; France,2025.0,United States
NCT03460678,Randomized Comparative Study of Erlotinib and Pemetrexed in the Maintenance Treatment of Advanced Lung Cancer Patients.,Terminated,Phase 4,2018-02-28,9,Hikma Pharmaceuticals LLC,INDUSTRY,"Carcinoma, Non-Small-Cell Lung",Lebanon; Jordan,2018.0,Lebanon
NCT05289492,Study of Novel Regimens in Relapsed or Refractory Multiple Myeloma,Terminated,Phase 1,2022-05-01,16,iTeos Therapeutics,INDUSTRY,Multiple Myeloma,United States; France; Belgium; Spain,2022.0,United States
NCT00887692,Comparison of Set-up Reproducibility Between Prone and Supine Intensity Modulated Radiotherapy (IMRT) for the Adjuvant Treatment of Breast Carcinoma After Lumpectomy,Completed,Unknown,,10,"University Hospital, Ghent",OTHER,Breast Carcinoma,Belgium,,Belgium
NCT06849492,HIM Typing Guides the Treatment of Advanced First-Line Triple-Negative Breast Cancer,Not Yet Recruiting,Phase 2,2025-04-01,120,Fudan University,OTHER,Advanced Triple Negative Breast Cancer,China,2025.0,China
NCT05646836,"A Study to Evaluate the Safety, Pharmacokinetics, and Activity of XmAb24306 in Combination With Cevostamab in Participants With Relapsed/Refractory Multiple Myeloma","Active, Not Recruiting",Phase 1,2023-03-21,90,"Genentech, Inc.",INDUSTRY,Multiple Myeloma,Denmark; Norway; Greece; Spain; South Korea; Australia; Israel,2023.0,Denmark
NCT04919811,Taletrectinib Phase 2 Global Study in ROS1 Positive NSCLC,"Active, Not Recruiting",Phase 2,2021-09-01,217,Nuvation Bio Inc.,INDUSTRY,Non Small Cell Lung Cancer,France; Japan; Canada; United States; Poland; China; South Korea; Italy; Spain,2021.0,France
NCT06373211,"Early Immunotherapy with Intravenous Immunoglobulin, Cyclophosphamide and Methylprednisolone in Patients with Anti-Hu-associated Paraneoplastic Sensory Neuronopathy",Recruiting,Phase 2,2025-01-10,21,Assistance Publique - Hôpitaux de Paris,OTHER,Paraneoplastic Sensory Neuronopathy,France,2025.0,France
NCT04085211,Image-Enhanced Endoscopy in the Gastrointestinal Tract,UNKNOWN,Unknown,2019-07-01,260,King's College Hospital NHS Trust,OTHER,Gastro-Intestinal Disorder; Inflammatory Bowel Diseases; Gastro Esophageal Reflux,United Kingdom,2019.0,United Kingdom
NCT01829971,"A Multicenter Phase I Study of MRX34, MicroRNA miR-RX34 Liposomal Injection",Terminated,Phase 1,,155,"Mirna Therapeutics, Inc.",INDUSTRY,Primary Liver Cancer; SCLC; Lymphoma,United States; South Korea,,United States
NCT04854434,A Study to Evaluate the Safety and Efficacy of Selinexor With or Without Pembrolizumab Versus Standard of Care in Previously Treated Metastatic Colorectal Cancer With RAS Mutations,Terminated,Phase 2,2021-06-29,13,Karyopharm Therapeutics Inc,INDUSTRY,Metastatic Colorectal Cancer,United States,2021.0,United States
NCT03628209,"Nivolumab or Nivolumab and Azacitidine in Patients With Recurrent, Resectable Osteosarcoma","Active, Not Recruiting",Phase 1,2019-10-03,21,H. Lee Moffitt Cancer Center and Research Institute,OTHER,Osteosarcoma; Osteosarcoma in Children; Osteosarcoma Recurrent,United States,2019.0,United States
NCT04282109,Study to Assess the Efficacy and Safety of Nivolumab in Combination With Paclitaxel in Subjects With Head and Neck Cancer Unable for Cisplatin-based Chemotherapy (NIVOTAX),Completed,Phase 2,2020-06-03,141,Grupo Español de Tratamiento de Tumores de Cabeza y Cuello,OTHER,Recurrent/Metastatic Head and Neck Squamous Cell Carcinoma,Spain,2020.0,Spain
NCT00876499,"Fatigue, Sleep and Cytokines in Primary Brain Tumor (PBT) Patients",Completed,Unknown,,20,M.D. Anderson Cancer Center,OTHER,Brain Cancer,United States,,United States
NCT00880009,Study Evaluating Bosutinib-Letrozole Combination Versus Letrozole Alone In Post Menopausal Women With Breast Cancer,Terminated,Phase 2,2009-07-30,16,Pfizer,INDUSTRY,Breast Cancer,United States; Poland; Singapore; China; Belgium; Hong Kong; Hungary,2009.0,United States
NCT05610332,Clinical Efficacy in Neoadjuvant Treatment of Locally Advanced Gastric Cancer With Different Immunotypes,Not Yet Recruiting,Phase 3,2022-11-01,216,Fujian Medical University,OTHER,Locally Advanced Gastric Cancer,China,2022.0,China
NCT02518698,Treatment Patterns in Castrate Resistant Prostate Cancer Patients With Bone Metastases in a Medicare Population,Completed,Unknown,2015-08-31,1163,Bayer,INDUSTRY,Prostate Cancer,United States,2015.0,United States
NCT06587698,Sitagliptin or BeiDouGen Capsule Improve the Pregnancy Outcome in Patients with PCOS,Recruiting,Unknown,2024-08-21,300,Peking University Third Hospital,OTHER,Polycystic Ovarian Syndrome,China,2024.0,China
NCT00290498,Study of Rituximab-HCVAD Alternating With Rituximab-Methotrexate-Cytarabine Versus Standard Rituximab-CHOP Every 21 Days for Patients With Newly Diagnosed High Risk Aggressive B-Cell Non-Hodgkin's Lymphomas in Patients 60 Years Old or Younger,Completed,Phase 2,2005-08-01,67,M.D. Anderson Cancer Center,OTHER,Lymphoma,United States,2005.0,United States
NCT02347163,Pre-operative Zoledronate in Triple Negative Breast Cancer,Terminated,Phase 2,2015-02-03,22,Mario Negri Institute for Pharmacological Research,OTHER,Breast Cancer,Italy,2015.0,Italy
NCT06170463,Insulin Sensitizers Role in Control of PCOS Vicious Cycle.,Completed,Phase 1,2022-08-01,210,Zagazig University,OTHER_GOV,PCOS (Polycystic Ovary Syndrome) of Bilateral Ovaries,Egypt,2022.0,Egypt
NCT00152087,A Non-Randomized Study of Internal Radiation Therapy to the Liver in Patients With Primary Liver Cancer for Whom Surgery is Not Possible.,UNKNOWN,Phase 2,,25,"St. Joseph's Hospital, Florida",OTHER,Liver Cancer,United States,,United States
NCT01633021,Developing the Family Map: Looking at Communal Coping,Completed,Unknown,2012-07-05,1061,National Human Genome Research Institute (NHGRI),NIH,Sickle Cell; Diabetes; Cancer,United States,2012.0,United States
NCT05899621,A Real-world Study of Obinutuzumab-based Therapy for Previously Untreated FL,Recruiting,Unknown,2023-06-01,332,Ruijin Hospital,OTHER,Follicular Lymphoma,China,2023.0,China
NCT01249521,Dual Targeting of Vascular Endothelial Growth Factor-A Together With Angiopoietins in Chemotherapy-naïve Metastatic Colorectal Cancer,UNKNOWN,Phase 2,,40,Austin Health,OTHER_GOV,Metastatic Colorectal Cancer,Australia,,Australia
NCT02494921,LEE011 (Ribociclib) in Combination With Docetaxel Plus Prednisone in mCRPC,Completed,Phase 1,2015-11-20,43,Rahul Aggarwal,OTHER,Prostate Cancer,United States,2015.0,United States
NCT05607706,Effect of Maternal Odor and Kangaroo Care on Serum Cortisol and Comfort Levels in Preterm Infants: a Randomised Trial,Completed,Unknown,2021-01-01,92,Istanbul Nisantasi University,OTHER,Preterm Birth Complication; Stress Related Disorder; Cortisol Overproduction,Turkey (Türkiye),2021.0,Turkey (Türkiye)
NCT00132704,An Analysis of the Response of Human Tumor Microvascular Endothelium to Ionizing Radiation,Completed,Unknown,,149,Memorial Sloan Kettering Cancer Center,OTHER,Ovarian Neoplasms; Colorectal Neoplasms; Melanoma,United States,,United States
NCT00143884,Study of Low Intensity Conditioning and Immunotherapy for High-Risk Cancers of the Blood,Terminated,Phase 2,,30,University of Michigan Rogel Cancer Center,OTHER,"Leukemia; Lymphoma, Low-Grade; Lymphoma, Non-Hodgkin's",United States,,United States
NCT02083484,Program for Pembrolizumab (MK-3475) in Participants With Metastatic Melanoma Who Have Failed Standard of Care Therapy Including Ipilimumab (MK-3475-030),NO_LONGER_AVAILABLE,Unknown,,61,Merck Sharp & Dohme LLC,INDUSTRY,Melanoma,Unknown,,Unknown
NCT02546284,Study of Lenzilumab in Previously Treated Patients With Chronic Myelomonocytic Leukemia (CMML),Completed,Phase 1,,15,"Humanigen, Inc.",INDUSTRY,Chronic Myelomonocytic Leukemia (CMML),United States,,United States
NCT03361852,Personalized Neoantigen Cancer Vaccine + Pembrolizumab After Rituximab for Follicular Lymphoma,"Active, Not Recruiting",Phase 1,2022-03-14,20,Dana-Farber Cancer Institute,OTHER,Follicular Lymphoma,United States,2022.0,United States
NCT07263347,DIEP Flap Breast Reconstruction: Perioperative Biomarkers and Outcomes,Recruiting,Unknown,2025-12-20,30,Hubei Cancer Hospital,OTHER,Breast Neoplasms; Ischemia-Reperfusion Injury; Postoperative Complications,China,2025.0,China
NCT02346747,A Trial of Vigil for Participants With Ovarian Cancer,"Active, Not Recruiting",Phase 2,,92,"Gradalis, Inc.",INDUSTRY,Ovarian Cancer; Ovarian Neoplasms,United States,,United States
NCT01380249,PDM08 Clinical Trial in Advanced Solid Tumors,Completed,Phase 1,,22,Prodimed S.A.,OTHER,Malignant Solid Tumours,Spain,,Spain
NCT00650949,Efficacy Study of CYT997 in Combination With Carboplatin in Glioblastoma,Terminated,Phase 1,,20,Gilead Sciences,INDUSTRY,Glioblastoma Multiforme,Australia,,Australia
NCT00588549,Utility of PET In the Pre-Operative Assessment of Patients With Hepatic Colorectal Metastases,Completed,Unknown,,204,Memorial Sloan Kettering Cancer Center,OTHER,Colorectal Carcinoma,United States,,United States
NCT07232849,A Trial of HRS-4508 Combined With Other Antitumor Therapies in Subjects With Locally Advanced or Metastatic Non-small Cell Lung Cancer,Recruiting,Phase 2,2025-12-04,100,"Jiangsu HengRui Medicine Co., Ltd.",INDUSTRY,Lung Cancer,China,2025.0,China
NCT05164458,"Safety and Efficacy of IBI389 Single Agent, and in Combination With Sintilimab, in Patients With Advanced Malignancies",UNKNOWN,Phase 1,2022-03-22,320,Innovent Biologics (Suzhou) Co. Ltd.,INDUSTRY,Advanced Solid Tumors,China,2022.0,China
NCT00756847,"Safety Study of XL147 (SAR245408), in Combination With Paclitaxel and Carboplatin in Adults With Solid Tumors",Completed,Phase 1,,52,Sanofi,INDUSTRY,Cancer; Non-Small Cell Lung Cancer; Endometrial Carcinoma,United States,,United States
NCT07104149,Neoadjuvant Chemotherapy Plus Cadonilimab for Locally Advanced Cervical Cancer,Recruiting,Phase 2,2025-03-10,29,The First Affiliated Hospital of Zhengzhou University,OTHER,"Female, Age ≥ 18 Years Old; No Previous Systemic Treatment for the Current Disease, Including Surgery, Antitumor Radiochemotherapy/Immunotherapy; ECOG Score of 0-1",China,2025.0,China
NCT00078949,Chemotherapy Before Autologous Stem Cell Transplantation +/- Rituximab in Relapsed or Refractory Aggressive Non-Hodgkin's Lymphoma,Completed,Phase 3,2003-08-27,849,NCIC Clinical Trials Group,NETWORK,Lymphoma,United States; Australia; Canada,2003.0,United States
NCT05345938,A Study of Mitoxantrone Hydrochloride Liposome Injection in Subjects With Acute Myeloid Leukemia,Terminated,Phase 1,2022-06-14,1,"CSPC ZhongQi Pharmaceutical Technology Co., Ltd.",INDUSTRY,Relapsed or Refractory Acute Myeloid Leukemia (AML),China,2022.0,China
NCT06838338,JAB-21822 Combined With Chemotherapy and Bevacizumab in Second-line KRAS G12C CRC,"Active, Not Recruiting",Phase 1,2025-03-20,30,Jian Li,OTHER,Colorectal Cancer,China,2025.0,China
NCT04759638,Short Running Head Obesity in Rectal Cancer Patients,Completed,Unknown,2017-03-21,294,King Hussein Cancer Center,OTHER,Rectal Cancer,Jordan,2017.0,Jordan
NCT07162038,Phase I Trial Integrating HLA-Haploidentical Anti-CD19 CAR-T Cells With Post-Transplantation Cyclophosphamide-Based HLA-Haploidentical Hematopoietic Cell Transplantation,Recruiting,Phase 1,2025-11-14,155,National Cancer Institute (NCI),NIH,Hematologic Malignancies; Hematologic Neoplasms,United States,2025.0,United States
NCT05103358,Phase 2 Basket Trial of Nab-sirolimus in Patients With Malignant Solid Tumors With Pathogenic Alterations in TSC1/TSC2 Genes (PRECISION 1),"Active, Not Recruiting",Phase 2,2022-02-15,120,"Aadi Bioscience, Inc.",INDUSTRY,"Tumor; Tumor, Solid; Metastasis",United States; Puerto Rico; South Korea,2022.0,United States
NCT01306058,Sorafenib and TRC105 in Hepatocellular Cancer,Completed,Phase 1,2011-02-11,27,National Cancer Institute (NCI),NIH,"Hepatoma; Liver Neoplasms; Adenoma, Liver Cell",United States,2011.0,United States
NCT00410358,A Dose Escalation of Gimatecan Administered Orally to Japanese Patients With Advanced Solid Tumor.,Completed,Phase 1,,19,Novartis Pharmaceuticals,INDUSTRY,Advanced Solid Tumors,Japan,,Japan
NCT07105748,HAIC Combined With Camrelizumab Plus Rivoceranib for Advanced Mixed Hepatocellular-cholangiocarcinoma (HCC-CCA),Recruiting,Phase 2,2025-08-15,45,Fudan University,OTHER,Mixed Hepatocellular-cholangiocarcinoma,China,2025.0,China
NCT05636644,Neoadjuvant Effect of Albumin Binding Paclitaxel Compared With Common Paclitaxel in Breast Cancer：an Observational Single Center Study of Clinical Efficacy in Adjuvant Chemotherapy,UNKNOWN,Unknown,2022-11-04,112,Mei Zhang,OTHER,Breast Cancer,China,2022.0,China
NCT06117644,The Efficacy of Double-dose Furmonertinib in the Treatment of Patients With Slow Osimertinib-resistant NSCLC,Not Yet Recruiting,Unknown,2023-11-01,30,Daping Hospital and the Research Institute of Surgery of the Third Military Medical University,OTHER,Non Small Cell Lung Cancer; EGFR Gene Mutation; Non Small Cell Lung Cancer Stage IIIA,Unknown,2023.0,Unknown
NCT04179864,A Study of Tazemetostat With Enzalutamide or Abiraterone/Prednisone in Participants With Advanced Prostate Cancer,Terminated,Phase 1,2019-11-18,102,"Epizyme, Inc.",INDUSTRY,Metastatic Prostate Cancer; Metastatic Castration-resistant Prostate Cancer,United States; Belgium; Spain,2019.0,United States
NCT04665609,Thermal Ablation Combined With Anlotinib and TQB2450 Solution for HCC,UNKNOWN,Phase 3,2021-03-05,80,Chinese PLA General Hospital,OTHER,Hepatocellular Carcinoma; Thermal Ablation; Anlotinib,China,2021.0,China
NCT06657599,Malnutrition is a Severe Health Issue for Cancer Patients. This Study Examines How Preoperative Nutritional Status Affects Postoperative Delirium in Patients Undergoing Major Abdominal Surgery for Gynecological and Gastrointestinal Tumors.,Completed,Unknown,2017-06-01,120,Dr Abdurrahman Yurtaslan Ankara Oncology Training and Research Hospital,OTHER,"Surgery; Malnutrition; Delirium, Postoperative",Turkey (Türkiye),2017.0,Turkey (Türkiye)
NCT05571098,The Effects of Nurse Navigation Program on Symptom Management and Psychosocial Adjustment in Colorectal Cancer Patients,Completed,Unknown,2021-07-08,60,Saglik Bilimleri Universitesi,OTHER,Colorectal Cancer; Psycho-Oncology; Nursing,Turkey (Türkiye),2021.0,Turkey (Türkiye)
NCT03250832,Study of TSR-033 With an Anti-programmed Cell Death-1 Receptor (PD-1) in Participants With Advanced Solid Tumors,Completed,Phase 1,2017-08-08,111,"Tesaro, Inc.",INDUSTRY,Neoplasms,United States; France,2017.0,United States
NCT03279198,Increasing Colorectal and Breast Cancer Screening in Women,Completed,Unknown,2010-07-22,1196,Indiana University,OTHER,Breast Cancer Female; Colorectal Cancer,Unknown,2010.0,Unknown
NCT02997293,Impact of the Enhanced Recovery After Surgery System for Colorectal Surgery,Recruiting,Unknown,2017-03-01,200,University of Arkansas,OTHER,ColoRectal Cancer and Inflammatory Bowel Disease,United States,2017.0,United States
NCT00002221,Gene Therapy in HIV-Positive Patients With Non-Hodgkin's Lymphoma,Completed,Phase 2,,5,Ribozyome,INDUSTRY,"Lymphoma, Non-Hodgkin; HIV Infections",United States,,United States
NCT06411821,Ulixertinib in People With Histiocytic Neoplasms,Recruiting,Phase 2,2024-05-07,38,Memorial Sloan Kettering Cancer Center,OTHER,Histiocytic Neoplasms,United States,2024.0,United States
NCT06508216,"A Study to Explore Safety, Tolerability, Pharmacokinetics, and Anti-tumor Activity of Novel Therapeutics in Patients With Early Relapsed Metastatic Triple-negative Breast Cancer",Recruiting,Phase 1,2024-07-05,50,"Gustave Roussy, Cancer Campus, Grand Paris",OTHER,Breast Cancer,France,2024.0,France
NCT06855706,"An Automated Personalized Physical Activity Intervention to Improve Immune Function and Clinical Outcomes in Stage II-IV Ovarian, Primary Peritoneal or Fallopian Tube Cancer and Newly Diagnosed Endometrial Cancer, Life on the Go 3 Study",Recruiting,Unknown,2025-06-04,120,Roswell Park Cancer Institute,OTHER,Endometrial Carcinoma; Recurrent Fallopian Tube Carcinoma; Recurrent Ovarian Carcinoma,United States,2025.0,United States
NCT01560104,A Clinical Study Conducted in Multiple Centers Comparing Veliparib in Combination With Carboplatin and Paclitaxel Versus a Placebo in Combination With Carboplatin and Paclitaxel in Patients With Advanced Non-small Cell Lung Cancer,Completed,Phase 2,,160,"AbbVie (prior sponsor, Abbott)",INDUSTRY,Non-Small -Cell Lung Cancer,Unknown,,Unknown
NCT01169584,Safety Study of Recombinant Vaccinia Virus to Treat Refractory Solid Tumors in Pediatric Patients,Completed,Phase 1,,6,Jennerex Biotherapeutics,INDUSTRY,Neuroblastoma; Rhabdomyosarcoma; Lymphoma,United States,,United States
NCT02740933,Demeclocycline Fluorescence for Intraoperative Delineation Brain Tumors,UNKNOWN,Phase 1,,40,Massachusetts General Hospital,OTHER,Brain Tumor,United States,,United States
NCT05837533,Multicenter Study to Evaluate a Systematized Communication Model for Breast Cancer Patients,Completed,Unknown,2023-05-17,100,Medicos e Investigadores en la Lucha contra el Cancer de Mama,OTHER,Breast Cancer Stage IV; Breast Cancer Metastatic; Communication,Mexico,2023.0,Mexico
NCT01959633,Vemurafenib Plus Cobimetinib Plus PEG-interferon in Advanced Melanoma Patients Harboring the V600BRAF Mutation,Completed,Phase 1,2014-04-03,11,Fondazione Melanoma Onlus,OTHER,Melanoma,Italy,2014.0,Italy
NCT07539233,A Clinical Study to Evaluate the Safety and Preliminary Efficacy of QI-019B in Patients With Relapsed/Refractory Multiple Myeloma.,Not Yet Recruiting,Phase 1 (Early),2026-04-15,24,"Institute of Hematology & Blood Diseases Hospital, China",OTHER,Multiple Myeloma (MM),China,,China
NCT00002847,Interferon Alfa and Interleukin-2 in Treating Patients With Metastatic Kidney Cancer,UNKNOWN,Phase 2,,14,Blumenthal Cancer Center at Carolinas Medical Center,OTHER,Kidney Cancer,United States,,United States
NCT06008847,Capsule Endoscopy Delivery at sCale Through Enhanced AI anaLysis Study,Completed,Unknown,2022-02-09,720,University Hospitals Coventry and Warwickshire NHS Trust,OTHER,Bowel Cancer,United Kingdom,2022.0,United Kingdom
NCT03378947,EBV-associated Diffuse Large B Cell Lymphoma,Completed,Unknown,2017-06-01,70,Hospices Civils de Lyon,OTHER,"To Characterize and Compare Clinical, Pathological and Molecular Features",France,2017.0,France
NCT05889949,Microvascular Invasion for Guiding Treatment of Barcelona Clinic Liver Cancer Stage B Hepatocellular Carcinoma,UNKNOWN,Unknown,2019-06-01,200,Sun Yat-sen University,OTHER,Radiomics; Hepatocellular Carcinoma (HCC); Transcatheter Arterial Chemoembolization (TACE),China,2019.0,China
NCT05830058,"Positron Emission Tomography (PET) Guided Stereotactic Body Radiation Therapy for the Treatment of Oligoprogressive Non-small Cell Lung Cancer, Melanoma, and Renal Cell Carcinoma",Recruiting,Phase 2,2023-11-29,32,City of Hope Medical Center,OTHER,Lung Non-Small Cell Carcinoma; Malignant Solid Neoplasm; Melanoma,United States,2023.0,United States
NCT00040638,Phase 2 Study of TLK286 Administered Weekly in Advanced Non-Small Cell Lung Cancer,Completed,Phase 2,,40,Telik,INDUSTRY,"Carcinoma, Non-small-cell Lung",United States,,United States
NCT00936858,RAD001 for Patients With Radioiodine Refractory Thyroid Cancer,Completed,Phase 2,,50,Dana-Farber Cancer Institute,OTHER,Thyroid Cancer,United States,,United States
NCT04357158,Breath Analysis as an Additional Test for Colorectal Cancer Screening to Reduce the Number of Unnecessary Colonoscopies,Completed,Unknown,2020-05-25,750,Radboud University Medical Center,OTHER,Colorectal Cancer; Polyp of Colon; Colorectal Neoplasms,Netherlands,2020.0,Netherlands
NCT07340658,"A Study to Investigate the Efficacy and Safety of Letrozole SIE Compared With Femara® (Both Combined With the CDK4/6 Inhibitor Ribociclib) in Postmenopausal Women With HR-Positive, HER2-Negative, Inoperable Locally Advanced or Metastatic Breast Cancer",Not Yet Recruiting,Phase 3,,300,Rovi Pharmaceuticals Laboratories,INDUSTRY,"Advanced, Metastatic Breast Cancer",Unknown,,Unknown
NCT04595058,LAMS Choledochoduodenostomies: With or Without Coaxial Plastic Stent,Completed,Unknown,2020-11-17,123,Hospital Universitari de Bellvitge,OTHER,Biliary Obstruction; Pancreatic Cancer; Biliary Tract Neoplasms,Spain,2020.0,Spain
NCT04710758,Multicenter Study on Laparoscopic Total Gastrectomy for Advanced Gastric Cancer,Recruiting,Unknown,2021-01-20,1018,Shanghai Zhongshan Hospital,OTHER,Stomach Neoplasms,China,2021.0,China
NCT00019058,Radiation Therapy in Treating Patients With Glioblastoma,Completed,Phase 1,,34,National Cancer Institute (NCI),NIH,Brain and Central Nervous System Tumors,United States,,United States
NCT03311958,Molecular Monitoring With Circulating Tumor DNA and Nivolumab Maintenance,Completed,Phase 1 (Early),2018-05-15,15,Fox Chase Cancer Center,OTHER,Diffuse Large B Cell Lymphoma,United States,2018.0,United States
NCT04494958,Palbociclib and Binimetinib in Advanced Triple Negative Breast Cancer,Completed,Phase 1,2020-11-18,24,Fundacion Oncosur,NETWORK,Triple Negative Breast Cancer,Spain,2020.0,Spain
NCT04212858,Amplification of Zinc Finger Protein 217 Gene in Multiple Myeloma,UNKNOWN,Unknown,2020-01-01,100,Assiut University,OTHER,Multiple Myeloma,Unknown,2020.0,Unknown
NCT05690958,Public's Intended Uptake and Views on Organization of Esophageal Cancer Screening,UNKNOWN,Unknown,2023-02-13,2088,Radboud University Medical Center,OTHER,Barrett Esophagus; Barrett Adenocarcinoma; Esophageal Adenocarcinoma,Netherlands,2023.0,Netherlands
NCT04623658,Improving Prenatal Parental Counseling in Cases of Sacrococcygeal Teratoma,Completed,Unknown,2020-11-30,84,Assistance Publique - Hôpitaux de Paris,OTHER,Sacrococcygeal Teratoma,France,2020.0,France
NCT02005458,Safety and Efficacy of YPEG-rhG-CSF in Cancer Patients Receiving Chemotherapy,Completed,Phase 2,,80,"Xiamen Amoytop Biotech Co., Ltd.",INDUSTRY,Non Small Cell Lung Cancer; Breast Cancer,China,,China
NCT07133958,A Bidirectional Observational Clinical Study of NAIC in the Treatment of Tumor Regression Patterns in LA-OSCC and LA-OPSCC,Recruiting,Unknown,2023-07-11,35,Zhujiang Hospital,OTHER,Oral Squamous Cell Carcinoma (OSCC); Oropharyngeal Squamous Cell Carcinoma (SCC),China,2023.0,China
NCT00818558,The Method ISET (Insulation by Size of Epithelial Tumor Cells),UNKNOWN,Unknown,,520,Centre Hospitalier Universitaire de Nice,OTHER,Non Small Cell Lung Cancer,France,,France
NCT04098458,Navigation for Timely Adjuvant Therapy for Patients With Locally Advanced HNSCC,Completed,Unknown,2019-09-12,18,Medical University of South Carolina,OTHER,Squamous Cell Carcinoma of Head and Neck,United States,2019.0,United States
NCT00626548,A Phase III Trial of ZD4054 (Zibotentan) (Endothelin A Antagonist) in Non-metastatic Hormone Resistant Prostate Cancer,Terminated,Phase 3,,2577,AstraZeneca,INDUSTRY,Prostate Cancer,Denmark; Canada; South Africa; China; Belgium; Italy; Spain; Chile; Turkey (Türkiye); United Kingdom; Romania; South Korea; Australia; Mexico; Austria; Netherlands; Russia; Japan; Argentina; Peru; Germany; Switzerland; Sweden; Ireland; Hungary; Israel; Colombia; France; Latvia; Brazil; United States; Norway; Poland; Serbia; Czechia; Finland; Taiwan; Portugal; India,,Denmark
NCT03493048,Cetuximab Plus FOLFOXIRI vs Cetuximab Plus FOLFOX For CRCLM,"Active, Not Recruiting",Phase 2,2018-04-15,146,Sun Yat-sen University,OTHER,Colorectal Cancer; Liver Metastases,China,2018.0,China
NCT06875648,Intestinal Flora Differences Between Colorectal Cancer Patients and Healthy Individuals,Completed,Unknown,2021-01-01,61,Hansung University,OTHER,Colorectal Cancer; Gut Microbiota Dysbiosis,China,2021.0,China
NCT02409355,A Study of Atezolizumab Compared With Gemcitabine Plus (+) Cisplatin or Carboplatin for PD-L1-Selected Participants With Stage IV Squamous Non-Small Cell Lung Cancer (NSCLC) (IMpower111),Terminated,Phase 3,2015-05-07,8,Hoffmann-La Roche,INDUSTRY,Non-Small Cell Lung Cancer,France; United States; Serbia; Poland; Germany; Czechia; United Kingdom; Romania; South Korea; Greece; Russia; Italy; Hungary; Spain,2015.0,France
NCT05841355,MADRE (Mammograms Available Due to Research and Education),Recruiting,Unknown,2023-03-14,600,University of Illinois at Chicago,OTHER,Breast Cancer Screening,United States,2023.0,United States
NCT05130255,GD2-SADA:177Lu-DOTA Complex in Patients With Solid Tumors Known to Express GD2,Recruiting,Phase 1,2022-11-17,60,Y-mAbs Therapeutics,INDUSTRY,SCLC; Malignant Melanoma; Sarcoma,United States,2022.0,United States
NCT00005655,Combination Therapy of Interleukin-12 and Interleukin-2 to Treat Advanced Cancer,Terminated,Phase 1,2000-04-28,39,National Cancer Institute (NCI),NIH,Kidney Neoplasm; Lung Neoplasm; Sarcoma,United States,2000.0,United States
NCT06261892,Non-invasive Biomarker Discovery for Pre-cervical or/and Cervical Cancer-HPV DNA and Other Biomarkers in Urine,UNKNOWN,Unknown,2023-07-20,300,WomenX Biotech Limited,INDUSTRY,Cervical Cancer,Hong Kong,2023.0,Hong Kong
NCT00802711,3-Dimensional Conformal Radiation Therapy or Internal Radiation Therapy After Breast-Conserving Surgery in Treating Women With Stage I or Stage II Breast Cancer,Terminated,Unknown,,6,Cancer Trials Ireland,NETWORK,Breast Cancer,Ireland,,Ireland
NCT00220311,A Study to Confirm the Efficacy and Safety of Fludarabine Phosphate Administered in Untreated Chronic Lymphocytic Leukemia Patients With Anemia and/or Thrombocytopenia,Completed,Phase 4,,10,"Genzyme, a Sanofi Company",INDUSTRY,"Leukemia, Lymphocytic, Chronic, B-Cell",Unknown,,Unknown
NCT04122911,Temozolomide for Second-Line Treatment of Neuroendocrine Carcinomas,Completed,Phase 2,2017-01-29,25,"National Cancer Institute, Naples",OTHER,Neuroendocrine Carcinomas,Italy,2017.0,Italy
NCT01329471,Functional Role of RUNX1 Mutations in the Etiology of Acute Myeloid Leukemia (AML),UNKNOWN,Unknown,,75,Hillel Yaffe Medical Center,OTHER_GOV,Acute Myeloid Leukemia,Israel,,Israel
NCT03773744,MG1-MAGEA3 With Ad-MAGEA3 and Pembrolizumab in Patients With Previously Treated Metastatic Melanoma or Cutaneous Squamous Cell Carcinoma,Withdrawn,Phase 1,2020-02-15,0,"Turnstone Biologics, Corp.",INDUSTRY,Metastatic Melanoma; Squamous Cell Skin Carcinoma,Unknown,2020.0,Unknown
NCT01793844,A Study of Improving the Efficacy of Treatment in Diffused Large B Cell Lymphoma Patients,UNKNOWN,Unknown,,732,Sun Yat-sen University,OTHER,Diffuse Large B-cell Lymphoma,China,,China
NCT02316834,"Talazoparib in Determining Genetic Effects on Disease Response in Patients With Advanced Ovarian, Fallopian Tube, or Primary Peritoneal Cancer",Completed,Phase 1 (Early),2015-06-02,4,M.D. Anderson Cancer Center,OTHER,Fallopian Tube Serous Adenocarcinoma; High Grade Ovarian Serous Adenocarcinoma; Ovarian Mass,United States,2015.0,United States
NCT05596864,Transabdominal Gastric Contrast Ultrasound,UNKNOWN,Unknown,2022-12-01,1000,The First Hospital of Jilin University,OTHER,Transabdominal Gastric Contrast Ultrasound,Unknown,2022.0,Unknown
NCT06136364,CD7 CAR-T in Adults With Relapsed or Refractory T-LBL/ALL Clinical Study,Recruiting,Phase 1,2023-08-15,9,"Hebei Senlang Biotechnology Inc., Ltd.",INDUSTRY,T-lymphoblastic Lymphoma; T-ALL,China,2023.0,China
NCT06458764,Sexual Dysfunction Check-up in Premenopausal Breast Cancer Survivors Taking Endocrine Therapy: A Cross-Sectional Study,Recruiting,Unknown,2023-05-01,150,Candiolo Cancer Institute - IRCCS,OTHER,Breast Cancer Female; Sexual Dysfunction; Premenopausal Breast Cancer,Italy,2023.0,Italy
NCT04529564,Real-world Data on Stage III NSCLC Patients Treated With Durvalumab After Chemoradiotherapy in Asia Area (PACIFIC AA),Completed,Unknown,2020-06-12,106,AstraZeneca,INDUSTRY,"Carcinoma, Non-Small-Cell Lung",Taiwan,2020.0,Taiwan
NCT01344109,A Pilot Study of Tumor-Derived Exosomes as Diagnostic and Prognostic Markers in Breast Cancer Patients Receiving Neoadjuvant Chemotherapy,Withdrawn,Unknown,,0,Leo W. Jenkins Cancer Center,OTHER,Breast Neoplasms,United States,,United States
NCT00003032,High Dose Chemotherapy Plus Peripheral Stem Cell Transplantation Compared With Standard Therapy in Treating Women With Metastatic or Recurrent Breast Cancer,Completed,Phase 3,1997-04-25,224,NCIC Clinical Trials Group,NETWORK,Breast Cancer,Canada,1997.0,Canada
NCT04996732,Long-term Survivorship of Discharged Patients With Malignant Tumor Based on Single-institutional Cancer Registry,Recruiting,Unknown,2008-01-01,500000,Fudan University,OTHER,Neoplasms; Survival; Surgery,China,2008.0,China
NCT06098898,Safety and Efficacy of NK510 to Treat Gastric Cancer,UNKNOWN,Phase 1 (Early),2023-11-01,9,"Base Therapeutics (Shanghai) Co., Ltd.",INDUSTRY,Gastric Cancer,China,2023.0,China
NCT07387198,Neoadjuvant Merkel Cell Carcinoma Therapy (Tx) With the PD-1 Inhibitor Cemiplimab,Not Yet Recruiting,Phase 2,,135,Institut für Klinische Krebsforschung IKF GmbH at Krankenhaus Nordwest,OTHER,"Merkel Cell Carcinoma, Stage I; Merkel Cell Carcinoma, Stage II; Neoadjuvant Immunotherapy",Germany,,Germany
NCT00235898,Clinical Trial in Patients With Metastatic Colorectal Cancer,Completed,Phase 2,,300,"Mast Therapeutics, Inc.",INDUSTRY,Colon Cancer; Rectal Cancer,Serbia; Poland; United Kingdom; Romania; India,,Serbia
NCT05361798,A Phase II Study Evaluating T-Cell Clonality After Stereotactic Body Radiation Therapy Alone and in Combination With the Immunocytokine PDS01ADC in Localized High and Intermediate Risk Prostate Cancer Treated With Androgen Deprivation Therapy,Recruiting,Phase 2,2023-06-12,65,National Cancer Institute (NCI),NIH,Cancer Of Prostate,United States,2023.0,United States
NCT05190263,Quality Assurance on Anemia Management in Patients With Solid Tumors and Malignant Lymphoma,Completed,Unknown,2021-10-25,1053,AIO-Studien-gGmbH,OTHER,"Anemia, Iron Deficiency; Solid Tumor; Malignant Lymphoma",Germany,2021.0,Germany
NCT01207063,Adaptive Radiotherapy in Non-small Cell Lung Cancer (NSCLC),Completed,Phase 2,,40,Maastricht Radiation Oncology,OTHER,Non-small Cell Lung Cancer,Netherlands,,Netherlands
NCT03914963,Efficacy of a Fibrin Sealant for the Prevention of Lymphocele After Lymphadenectomy,Completed,Phase 3,2012-02-01,82,IBON JAUNARENA,OTHER,Lymphocele,Unknown,2012.0,Unknown
NCT02468687,NMP in Relapsed / Refractory Myeloma,Completed,Phase 1,2015-08-20,13,"Peter MacCallum Cancer Centre, Australia",OTHER,Multiple Myeloma,Australia,2015.0,Australia
NCT03371693,Cytoreductive Surgery(CRS) Plus Hyperthermic Intraperitoneal Chemotherapy(HIPEC) With Lobaplatin in Advanced and Recurrent Epithelial Ovarian Cancer,UNKNOWN,Phase 3,2017-09-30,112,Zhongnan Hospital,OTHER,Ovarian Cancer; Ovary Neoplasm; Ovarian Neoplasms,China,2017.0,China
NCT04555993,Erector Spinae vs TAP in Lower Abdominal Surgery,UNKNOWN,Unknown,2020-02-28,62,"National Cancer Institute, Egypt",OTHER,Postoperative Pain,Egypt,2020.0,Egypt
NCT04116021,The Analgesic Efficacy of the Pectoral Nerves Block Versus Local Anesthetic Infiltration After Mastectomy,UNKNOWN,Phase 4,2019-11-01,50,Hôpital du Valais,OTHER,Breast Cancer,Unknown,2019.0,Unknown
NCT00548821,Randomized Trial Between Weekly and 5 Day 3 Weekly Cisplatin for Cervical Cancer,UNKNOWN,Phase 3,,61,"National University Hospital, Singapore",OTHER,Locally Advanced Cervical Cancer,Singapore,,Singapore
NCT05035914,Anlotinib Combined With mXELIRI as Second-line Treatment of Advanced Colorectal Cancer,UNKNOWN,Phase 1,2021-07-09,94,Guangzhou University of Traditional Chinese Medicine,OTHER,Advanced Colorectal Cancer,China,2021.0,China
NCT03279614,Study to Evaluate the Efficiency of SOX as Seconde-line Chemotherapy in Neuroendocrine Carcinoma,UNKNOWN,Phase 2,2017-09-01,45,Peking University,OTHER,Neuroendocrine Carcinoma,China,2017.0,China
NCT00162214,Study of Dasatinib in Patients With Advanced Solid Tumors,Terminated,Phase 1,,60,Bristol-Myers Squibb,INDUSTRY,Tumors,United States,,United States
NCT00425906,"Nicotine in Treating ""Hunger Pain"" in Patients With Malignant Bowel Obstruction Caused By Cancer",Withdrawn,Unknown,,0,Mayo Clinic,OTHER,"Anorexia; Constipation, Impaction, and Bowel Obstruction; Pain",Unknown,,Unknown
NCT00393406,The Influence of Breast Cancer Risk and Risk Perception on Lifestyle Behaviors Among Women With a Family History: A Mixed Method Approach,Completed,Unknown,2006-10-24,40,National Institute of Environmental Health Sciences (NIEHS),NIH,Breast Neoplasms,United States,2006.0,United States
NCT06942104,Imaging of Solid Tumors Using 18F-TRX,Recruiting,Phase 1,2025-07-03,56,Rahul Aggarwal,OTHER,Solid Tumor; Solid Carcinoma; Castration-Resistant Prostate Carcinoma,United States,2025.0,United States
NCT03759704,Metabolic Characteristics of Sarcoma In Vivo Using HP 13-C Magnetic Resonance Spectroscopic Imaging (MRSI),Withdrawn,Unknown,2019-01-01,0,University of Texas Southwestern Medical Center,OTHER,"Sarcoma, Soft Tissue",United States,2019.0,United States
NCT01894633,Study of Whole-brain Irradiation With Chloroquine for Brain Metastases,Terminated,Phase 2,,73,Instituto Nacional de Cancerologia de Mexico,OTHER,Brain Metastasis,Mexico,,Mexico
NCT04516733,Precoce Medical Care by the Mobil Support for Patients With Glioblastoma,Completed,Unknown,2019-05-10,35,Institut du Cancer de Montpellier - Val d'Aurelle,OTHER,Glioblastoma,France,2019.0,France
NCT00251433,GW572016 With Docetaxel and Trastuzumab for the Treatment Of Untreated ErbB2 Over-Expressing Metastatic Breast Cancer,Terminated,Phase 1,2005-09-26,53,Novartis Pharmaceuticals,INDUSTRY,"Neoplasms, Breast",United States; France; Ireland,2005.0,United States
NCT00535652,Concentration of Ertapenem in Colorectal Tissue,Completed,Phase 4,,23,University of Ulm,OTHER,"Diverticulosis, Colonic; Rectal Neoplasms; Colonic Neoplasms",Germany,,Germany
NCT04130152,Palbociclib Plus Letrozole in Hormone Receptor Positive Residual Disease After Neoadjuvant Chemotherapy,Completed,Phase 1 (Early),2019-11-21,22,SOLTI Breast Cancer Research Group,OTHER,Breast Cancer,Spain,2019.0,Spain
NCT01705652,Study to Assess the Activity of Nexrutine® in Prostate Cancer Patients,Terminated,Phase 2,,21,The University of Texas Health Science Center at San Antonio,OTHER,Prostate Cancer,United States,,United States
NCT06112847,Lenalidomide and Epcoritamab for the Treatment of Previously Untreated Follicular Lymphoma,"Active, Not Recruiting",Phase 2,2024-01-24,29,City of Hope Medical Center,OTHER,Follicular Lymphoma,United States,2024.0,United States
NCT00888147,Fiber Formula Study Among Radiation Oncology Patients,Completed,Unknown,,19,Mayo Clinic,OTHER,Constipation,United States,,United States
NCT01565447,Acute Lymphoblastic Leukemia (ALL) and Lymphoblastic Lymphoma Gait Parameters Study,Completed,Unknown,,109,Oregon Health and Science University,OTHER,Acute Lymphoblastic Leukemia; Childhood Lymphoblastic Lymphoma,United States,,United States
NCT06964438,Postoperative Electrical Muscle Stimulation Two,Not Yet Recruiting,Unknown,,45,University of Nottingham,OTHER,Surgery; Colorectal Cancer; Muscle Atrophy,Unknown,,Unknown
NCT06658990,Effect of Ultrasound Positioning Assisted Cheek Needle Therapy on Postoperative Recovery Quality of Patients with Radical Resection of Lung Cancer,Completed,Unknown,2024-02-01,136,Northern Jiangsu People's Hospital,OTHER,Surgery,China,2024.0,China
NCT01471197,Safety and Efficacy Trial of Ipilimumab Versus Pemetrexed in Non-Squamous Non-Small Cell Lung Cancer,Terminated,Phase 2,,9,Bristol-Myers Squibb,INDUSTRY,Lung Cancer - Non Small Cell,France; United States; Germany; Belgium; Spain,,France
NCT03626610,Prehabilitation of Patients With oEsophageal Malignancy Undergoing Peri-operative Treatment,UNKNOWN,Unknown,,66,Guy's and St Thomas' NHS Foundation Trust,OTHER,Oesophageal Adenocarcinoma; Chemotherapy Effect; Surgery,United Kingdom,,United Kingdom
NCT06907810,Study of Lipid Mediators in Chronic Postoperative Pain - LICP,Recruiting,Unknown,2025-03-12,300,Université Catholique de Louvain,OTHER,Breast Cancer Female; Postoperative Pain,Belgium,2025.0,Belgium
NCT07254910,Feasibility of a Multi-Channel Intervention to Promote Colorectal Cancer Screening Among American Indians in Oklahoma,Recruiting,Unknown,2026-05-30,150,University of Oklahoma,OTHER,CRC Screening; CRC (Colorectal Cancer),United States,,United States
NCT07132060,MRI-guided Dose Intensification Program Locally Advanced Pancreatic Cancer,Not Yet Recruiting,Unknown,2025-10-01,30,"Clinica Universidad de Navarra, Universidad de Navarra",OTHER,Pancreatic Cancer,Unknown,2025.0,Unknown
NCT05851560,Prospective Comparison of the Effect on Antiadhesive Barriers During Thyroid Surgery,Completed,Phase 1,2023-05-24,45,National Taiwan University Hospital,OTHER,Thyroidectomy; Goiter; Thyroid Cancer,Taiwan,2023.0,Taiwan
NCT05972460,"IMM2510, a PD-L1 and VEGF Bispecific Fusion Protein, in Patients With Advanced Solid Tumors",UNKNOWN,Phase 1,2021-08-18,108,ImmuneOnco Biopharmaceuticals (Shanghai) Inc.,OTHER,Advanced Solid Tumors,China,2021.0,China
NCT04998760,"A Study to Evaluate Dual mTORC1/2 Inhibitor (ATG 008) or Selective Inhibitor of Nuclear Export Compound (ATG-010) in Combination With Chemotherapy in Patients With Relapsed or Metastatic Ovarian Cancer, Endometrial Cancer, and Cervical Cancer ( PORCH )",UNKNOWN,Phase 2,2021-08-03,96,Qi Zhou,OTHER,1. Relapsed Ovarian Cancer 2. Metastatic Ovarian Cancer 3. Endometrial Cancer 4. Cervical Cancer,China,2021.0,China
NCT04657120,Safety and Efficiency of the YEARS Algorithm Versus Computed Tomography Pulmonary Angiography Alone for Suspected Pulmonary Embolism in Patients With Malignancy,Completed,Unknown,2019-06-01,698,Leiden University Medical Center,OTHER,Pulmonary Embolism; Embolism; Embolism and Thrombosis,France; Italy; Belgium; Switzerland; Netherlands; Spain,2019.0,France
NCT04067882,Validation of the Genetic Signature 354849 as a Prognostic Method,UNKNOWN,Unknown,2019-09-30,189,National Institute of Cancerología,OTHER_GOV,Cervix Cancer,Mexico,2019.0,Mexico
NCT01137682,Efficacy and Safety of Pasireotide Long Acting Release (LAR) Versus Octreotide LAR or Lanreotide Autogel (ATG) in Patients With Inadequately Controlled Acromegaly,Completed,Phase 3,2010-07-19,198,Novartis Pharmaceuticals,INDUSTRY,Acromegaly,Colombia; France; Canada; Brazil; Argentina; United States; Norway; Poland; Turkey (Türkiye); Germany; United Kingdom; Spain; Belgium; Romania; Saudi Arabia; Russia; Italy; Israel,2010.0,Colombia
NCT04379024,Pilot Study of Effects of Duavee® on Imaging and Blood Biomarkers In Women With Menopausal Symptoms,Terminated,Phase 1 (Early),2020-06-01,11,"Carol Fabian, MD",OTHER,Focus of Study is Healthy Women at Risk for Breast Cancer,United States,2020.0,United States
NCT04797923,A Phase II Study of Conversion Surgery After IP Paclitaxel With XELOX Chemotherapy in AGC With Peritoneal Dissemination,UNKNOWN,Phase 2,2019-12-01,43,Gangnam Severance Hospital,OTHER,Advanced Gastric Cancer; Peritoneal Carcinomatosis,South Korea,2019.0,South Korea
NCT04889859,Impact of Biliopancreatic Limb Length on Diabetes Following Distal Gastrectomy,Completed,Unknown,2019-05-01,30,Kyungpook National University Chilgok Hospital,OTHER,"Stomach Neoplasm; Diabetes Mellitus, Type 2",South Korea,2019.0,South Korea
NCT00061659,Study Evaluating the Safety and Efficacy of ABT-510 in Subjects With Locally Advanced or Metastatic Soft Tissue Sarcoma,Completed,Phase 2,,88,Abbott,INDUSTRY,"Sarcoma, Soft Tissue",United States,,United States
NCT04987359,A Trial of a Multimodal Lifestyle Intervention to Optimize Survivorship After Cancer,"Active, Not Recruiting",Unknown,2021-08-19,54,Pennington Biomedical Research Center,OTHER,Neoplasm Malignant,United States,2021.0,United States
NCT00412659,Mid-line Excision Versus Karydakis Operation for Pilonidal Sinus,Completed,Phase 2,,125,Umeå University,OTHER,Pilonidal Sinus,Sweden,,Sweden
NCT05991180,Real-World Study on the Efficacy of IBI-322 in Combination With Lenvatinib for the Treatment of Extensive Stage Small Cell Lung Cancer,UNKNOWN,Unknown,2023-12-25,160,Hunan Province Tumor Hospital,OTHER,Extensive-stage Small-cell Lung Cancer,China,2023.0,China
NCT04929080,The Safety and Efficacy of Multiple-dose of JS004 in Subject With HNC,Completed,Phase 1,2021-05-11,149,"Shanghai Junshi Bioscience Co., Ltd.",OTHER,Head and Neck Squamous Cell Carcinom; Nasopharyngeal Carcinoma,China,2021.0,China
NCT03238196,"Fulvestrant, Palbociclib and Erdafitinib in ER+/HER2-/FGFR-amplified Metastatic Breast Cancer",Completed,Phase 1,2017-08-18,35,Vanderbilt-Ingram Cancer Center,OTHER,Metastatic Breast Cancer,United States,2017.0,United States
NCT01563796,Efficacy Study of a Urine DEK ELISA for Diagnosis of Bladder Cancer,Terminated,Unknown,,1115,"Medical Diagnostic Laboratories, LLC",INDUSTRY,Hematuria; Dysuria; Bladder Cancer,United States,,United States
NCT06887296,Assessment of the Impact of Polycystic Ovary Syndrome on Women's Sexuality,Completed,Unknown,2025-06-30,84,"University Hospital, Toulouse",OTHER,Polycystic Ovarian Syndrome (PCOS),France,2025.0,France
NCT00949962,Post-operative or Early Salvage XRT and ADT for High Risk PCa,Terminated,Phase 3,,87,European Organisation for Research and Treatment of Cancer - EORTC,NETWORK,Prostate Cancer,France,,France
NCT00515762,Prevention of Persistent Alopecia Following Docetaxel by Means of Scalp Cooling,Completed,Phase 2,,150,"Hospital San Carlos, Madrid",OTHER,Alopecia; Breast Cancer,Spain,,Spain
NCT04605562,Umbrella Biomarker-Guided Therapy in NPC,Not Yet Recruiting,Phase 2,,206,Sun Yat-sen University,OTHER,Nasopharyngeal Carcinoma,China,,China
NCT06610227,A Study of the RNA Tumor Vaccine Targeting MICA/B in Patients With Advanced Solid Tumors,"Active, Not Recruiting",Phase 1 (Early),2024-11-08,18,NING LI,OTHER,Advanced Solid Tumors,China,2024.0,China
NCT07156227,"Testing the Addition of an Anti-Cancer Drug, Camonsertib, to Radiation Therapy for Recurrent Head and Neck Squamous Cell Carcinoma",Not Yet Recruiting,Phase 1,2026-06-22,39,National Cancer Institute (NCI),NIH,Clinical Stage III HPV-Mediated (p16-Positive) Oropharyngeal Carcinoma AJCC v8; Recurrent Head and Neck Squamous Cell Carcinoma; Recurrent Hypopharyngeal Squamous Cell Carcinoma,Unknown,,Unknown
NCT03989661,Is There a Place for Pre-operative Temporary Embolization of Uterine Fibroids,Completed,Unknown,2019-07-12,119,Fondation Hôpital Saint-Joseph,OTHER,Uterine Fibroid,France,2019.0,France
NCT01409161,Tretinoin and Arsenic Trioxide With or Without Gemtuzumab Ozogamicin in Treating Patients With Previously Untreated Acute Promyelocytic Leukemia,Recruiting,Phase 2,2011-10-05,151,M.D. Anderson Cancer Center,OTHER,Acute Promyelocytic Leukemia With PML-RARA,United States,2011.0,United States
NCT00003342,Combination Chemotherapy in Treating Patients With Advanced Bladder or Kidney Cancer,Completed,Phase 1,,30,Memorial Sloan Kettering Cancer Center,OTHER,Bladder Cancer; Transitional Cell Cancer of the Renal Pelvis and Ureter,United States,,United States
NCT06483386,Pyrotinib and Subcutaneous Preparation of Trastuzumab Combined With Capecitabine Neoadjuvant Therapy for HER2+ Study of Breast Cancer,Not Yet Recruiting,Phase 2,2024-07-15,109,Tianjin Medical University Cancer Institute and Hospital,OTHER,Breast Cancer,Unknown,2024.0,Unknown
NCT07385703,Clinical Study on the Efficacy and Safety of LM-302 Injection Combined With Tislelizumab and Tislelizumab Combined Chemotherapy for the Treatment of Gastric or Gastroesophageal Junction Adenocarcinoma.,Not Yet Recruiting,Phase 3,,752,"Shanghai Chia Tai Tianqing Pharmaceutical Technology Development Co., Ltd.",INDUSTRY,Adenocarcinoma,China,,China
NCT01420770,Phase 2 Study of SAR302503 in Patients With Myelofibrosis,Completed,Phase 2,,30,Bristol-Myers Squibb,INDUSTRY,Hematopoietic Neoplasm,United States,,United States
NCT05275673,A Study of Sapanisertib in Relapsed/Refractory NFE2L2-Mutated and Wild-Type Squamous Non-Small Cell Lung Cancer,Terminated,Phase 2,2022-07-21,7,Faeth Therapeutics,INDUSTRY,Non-Small Cell Lung Cancer; Squamous Non-small-cell Lung Cancer; Squamous Non-Small Cell Neoplasm of Lung,United States,2022.0,United States
NCT03393273,Elotuzumab in Patients With Multiple Myeloma Before and After Peripheral Stem Cell Autologous Graft,Withdrawn,Phase 2,2018-02-20,0,Assistance Publique - Hôpitaux de Paris,OTHER,Multiple Myeloma,France,2018.0,France
NCT07529483,Endoscopic Ultrasound-Guided Chemoablation for the Treatment of Pancreatic Cystic Neoplasms,Not Yet Recruiting,Phase 2,2026-06-12,35,Ohio State University Comprehensive Cancer Center,OTHER,Pancreatic Cystic Neoplasm,United States,,United States
NCT05296941,Oral Cancer Screening for Early Detection of Premalignant Disorders (PMOD),Recruiting,Unknown,2023-08-01,200,"Dalarna County Council, Sweden",OTHER,Mouth Neoplasms,Sweden,2023.0,Sweden
NCT04302441,A Study to Evaluate Vinorelbine Plus Capecitabine Combined With Trastuzumab for HER2 Positive Patients Following Neoadjuvant Chemotherapy,UNKNOWN,Phase 2,2016-11-10,550,Fudan University,OTHER,Breast Cancer,China,2016.0,China
NCT00104741,"Triptorelin, Flutamide, and External-Beam Radiation Therapy or External-Beam Radiation Therapy Alone in Treating Patients With Stage II or Stage III Prostate Cancer",Completed,Phase 3,2003-09-10,378,UNICANCER,OTHER,Prostate Cancer,France,2003.0,France
NCT04389541,Clinical Research Platform on Decision Making and Clinical Impact of Biomarker-Driven Precision Oncology,Completed,Unknown,2020-04-17,499,iOMEDICO AG,INDUSTRY,Advanced Solid Tumors or Hematologic Malignancies,Germany,2020.0,Germany
NCT02626754,A Prospective Study on Sunitinib as First Line Therapy for Advanced/Metastatic Renal Cell Carcinoma in Asian Population,Terminated,Phase 2,2015-08-12,13,vghtpe user,OTHER_GOV,Renal Cell Carcinoma,Taiwan,2015.0,Taiwan
NCT04756505,"Immunotherapy (NHS-IL12 & Bintrafusp Alfa) and Radiation Therapy for the Treatment of Hormone Receptor Positive, HER2 Negative Metastatic Breast Cancer, the REINA Trial",Withdrawn,Phase 1,2021-03-07,0,M.D. Anderson Cancer Center,OTHER,Anatomic Stage IV Breast Cancer AJCC v8; Hormone Receptor Positive Breast Adenocarcinoma; Metastatic Breast Carcinoma,Unknown,2021.0,Unknown
NCT05873205,"Open-Label, Phase II Trial of Isatuximab for Patients With Refractory Immune Cytopenias After Allogeneic Hematopoietic Cell Transplantation","Active, Not Recruiting",Phase 2,2023-07-21,12,Memorial Sloan Kettering Cancer Center,OTHER,Blood Cancer; Refractory Immune Cytopenias,United States,2023.0,United States
NCT07483905,Interest in Nighttime Day Hospital Chemotherapy Infusions Among Gynecologic Cancer Patients,Not Yet Recruiting,Unknown,2026-03-12,200,Fondazione Policlinico Universitario Agostino Gemelli IRCCS,OTHER,Gynecologic Cancers,Italy,,Italy
NCT01824966,Signet Ring Cell Carcinoma in Esophageal Adenocarcinoma,Completed,Unknown,,82,"University Hospital, Gasthuisberg",OTHER,Adenocarcinoma; Esophageal Cancer,Belgium,,Belgium
NCT00060294,Yttrium Y 90 Ibritumomab Tiuxetan in Treating Patients With Waldenstrom's Macroglobulinemia,Terminated,Phase 1,,61,Jonsson Comprehensive Cancer Center,OTHER,Lymphoma,United States,,United States
NCT06764394,"The Effect of Myofascial Release Exercises on Viscoelastic Changes of the Pectoralis Major Muscle, Pain, Range of Motion and Shoulder Functionality in Individuals Receiving Adjuvant Radiotherapy After Breast Cancer Surgery",Completed,Unknown,2024-12-20,30,Acibadem University,OTHER,Breast Cancer,Turkey (Türkiye),2024.0,Turkey (Türkiye)
NCT03293966,A Coordination Card of Care Relative to the Medicinal Treatments Got Out of it From Hospitalization,Completed,Unknown,2016-06-01,47,Fondation Hôpital Saint-Joseph,OTHER,Treatment Related Cancer,France,2016.0,France
NCT03184194,Nivolumab Combined With Daratumumab With or Without Low-dose Cyclophosphamide,Completed,Phase 2,2018-02-21,62,"Amsterdam UMC, location VUmc",OTHER,Myeloma,Netherlands,2018.0,Netherlands
NCT05338866,Chemotherapy Combined With High-dose Radiotherapy for Low Rectal Cancer Using MR Guided Linear Accelerator,ENROLLING_BY_INVITATION,Unknown,2022-01-01,58,Sun Yat-sen University,OTHER,Rectal Cancer,China,2022.0,China
NCT02915666,A Clinical Trial of Patients With Melanoma,Withdrawn,Phase 1,,0,University of Texas Southwestern Medical Center,OTHER,Melanoma,United States,,United States
NCT03444766,Study of Nivolumab for Advanced Cancers in India,Completed,Phase 4,2018-03-06,100,Bristol-Myers Squibb,INDUSTRY,Non-Small Cell Lung Cancer (NSCLC); Non-Small-Cell Lung Carcinoma; Nonsmall Cell Lung Cancer,India,2018.0,India
NCT00004866,DX-8951f in Treating Women Who Have Advanced or Recurrent Cancer of the Cervix,Completed,Phase 2,,61,Daiichi Sankyo,INDUSTRY,Cervical Cancer,United States,,United States
NCT05493956,A Randomised Study of Consolidation CTRT Versus Observation After First Line Chemotherapy in Advanced Gallbladder Cancer,UNKNOWN,Unknown,2019-04-01,120,Sanjay Gandhi Postgraduate Institute of Medical Sciences,OTHER_GOV,Gallbladder Cancer Unresectable,India,2019.0,India
NCT01146756,MEK Inhibitor and Thoracic Radiotherapy Trial,Completed,Phase 1,2010-06-04,21,The Christie NHS Foundation Trust,OTHER,Non Small Cell Lung Cancer,United Kingdom,2010.0,United Kingdom
NCT00358956,A Study To Assess ZD6474 (ZACTIMA™) Monotherapy In Locally Advanced or Metastatic Hereditary Medullary Thyroid Cancer,Completed,Phase 2,,19,"Genzyme, a Sanofi Company",INDUSTRY,Thyroid Cancer,Netherlands; Canada; United States; Romania; Switzerland; Australia; Italy; Spain,,Netherlands
NCT01349322,Higher Per Daily Treatment-Dose Radiation Therapy or Standard Per Daily Treatment Radiation Therapy in Treating Patients With Early-Stage Breast Cancer That Was Removed by Surgery,"Active, Not Recruiting",Phase 3,2011-05-24,2354,Radiation Therapy Oncology Group,NETWORK,Breast Cancer,Japan; Canada; United States; Singapore; Switzerland; South Korea; Hong Kong; Israel,2011.0,Japan
NCT04268329,Evaluating the Use of an Informational Head and Neck Cancer Website.,Terminated,Unknown,2016-08-16,14,University of Illinois at Chicago,OTHER,Head and Neck Cancer,United States,2016.0,United States
NCT07013851,Clinical Trial to Assess the Efficacy of Dostarlimab as Neoadjuvant Therapy in Patients With MMRd/MSI-H Stage II-III Endometrial Cancer,Not Yet Recruiting,Phase 2,2025-10-01,25,Grupo Español de Investigación en Cáncer de Ovario,OTHER,MMRd/MSI-H Stage II-III Endometrial Cancer,Spain,2025.0,Spain
NCT04032951,22 Gauge Needle for EUS Guided Tissue Acquisition of Samples for Histologic Examination,Completed,Unknown,,100,Catholic University of the Sacred Heart,OTHER,Abdominal Neoplasms,Italy,,Italy
NCT03424122,"INCB050465 in Combination With Rituximab, Bendamustine and Rituximab, or Ibrutinib in Participants With Previously Treated B-Cell Lymphoma (CITADEL-112)",Completed,Phase 1,2018-07-02,50,Incyte Corporation,INDUSTRY,B-cell Lymphoma,United States; Italy; Spain,2018.0,United States
NCT06393751,Testing the Addition of ASTX660 (Tolinapant) to the Usual Chemotherapy Treatment (Paclitaxel With or Without Bevacizumab) in Patients With Recurrent Ovarian Cancer,Withdrawn,Phase 1,2025-10-31,0,National Cancer Institute (NCI),NIH,Platinum-Refractory Fallopian Tube Carcinoma; Platinum-Refractory Ovarian Carcinoma; Platinum-Refractory Primary Peritoneal Carcinoma,Unknown,2025.0,Unknown
NCT00513851,Phase 1 Study of OSI-930 in Cancer Patients,Completed,Phase 1,,60,Astellas Pharma Inc,INDUSTRY,Advanced Solid Tumors,United States; United Kingdom,,United States
NCT00458731,"Bevacizumab and Cediranib Maleate in Treating Patients With Metastatic or Unresectable Solid Tumor, Lymphoma, Intracranial Glioblastoma, Gliosarcoma or Anaplastic Astrocytoma",Completed,Phase 1,,57,National Cancer Institute (NCI),NIH,Adult Grade III Lymphomatoid Granulomatosis; Adult Nasal Type Extranodal NK/T-cell Lymphoma; Anaplastic Large Cell Lymphoma,United States,,United States
NCT03296306,Four Cycles Versus Six Cycles of Cisplatin-based Chemotherapy in Metastatic Urothelial Carcinoma,UNKNOWN,Phase 3,,330,Asan Medical Center,OTHER,Bladder Cancer; Ureter Cancer; Urethral Cancer,South Korea,,South Korea
NCT06353906,Carboplatin/Paclitaxel + Pembrolizumab for Locoregionally Advanced Penile Cancer,Recruiting,Phase 2,2024-08-13,27,The Netherlands Cancer Institute,OTHER,Urologic Neoplasms; Urogenital Neoplasms; Male Urogenital Diseases,Netherlands; Belgium,2024.0,Netherlands
NCT03829033,Photon Therapy Versus Proton Therapy in Early Tonsil Cancer.,Recruiting,Unknown,2019-01-22,100,Lund University Hospital,OTHER,Tonsil Cancer,Sweden,2019.0,Sweden
NCT04181333,Safety and Efficacy of Trastuzumab BS,Completed,Unknown,2023-08-09,8,Pfizer,INDUSTRY,Gastric Cancer,Japan,2023.0,Japan
NCT00613652,"A Phase I, Dose-Escalation Study to Assess the Safety and Drug Levels in Blood of AZD4877 in Japanese Adult Patients",Completed,Phase 1,,30,AstraZeneca,INDUSTRY,Cancer; Tumors; Carcinoma,Japan,,Japan
NCT02786147,Identification and Referral of Women at Risk for Hereditary Breast/Ovarian Cancer,Completed,Unknown,,665,Emory University,OTHER,Hereditary Breast and Ovarian Cancer,United States,,United States
NCT00119249,Sorafenib in Treating Patients With Stage III or Stage IV Melanoma That Cannot Be Removed By Surgery,Completed,Phase 2,,74,National Cancer Institute (NCI),NIH,Stage III Melanoma; Stage IV Melanoma,United States,,United States
NCT02297438,A Study Of Palbociclib (PD-0332991) + Letrozole VS. Placebo+ Letrozole For 1st Line Treatment Of Asian Postmenopausal Women With ER+/HER2- Advanced Breast Cancer [PALOMA-4],Completed,Phase 3,2015-03-23,340,Pfizer,INDUSTRY,Breast Neoplasms,Thailand; Singapore; China; Taiwan; Hong Kong,2015.0,Thailand
NCT06357338,Differential Expression and Potential Value of c-MYC in Non-Invasive and Invasive Mammary Carcinoma,UNKNOWN,Unknown,2024-03-19,70,Marwa Mahmoud Hassan,OTHER,Invasive Breast Cancer,Egypt,2024.0,Egypt
NCT00000658,A Phase III Randomized Trial of Low-Dose Versus Standard-Dose mBACOD Chemotherapy With rGM-CSF for Treatment of AIDS-Associated Non-Hodgkin's Lymphoma,Completed,Phase 3,,250,National Institute of Allergy and Infectious Diseases (NIAID),NIH,"Lymphoma, Non-Hodgkin; HIV Infections",United States,,United States
NCT01479348,Imaging Study for FdCyd and THU Cancer Treatment,Terminated,Phase 1 (Early),2011-11-01,5,National Cancer Institute (NCI),NIH,Head and Neck Neoplasms; Lung Neoplasms; Urinary Bladder Neoplasms,United States,2011.0,United States
NCT07372248,Thermal Artifact in Patients Undergoing Conization: A Clinical Study,Recruiting,Unknown,2026-02-23,150,Saglik Bilimleri Universitesi,OTHER,"Cervix Neoplasm; Cervix, Dysplasia",Turkey (Türkiye),,Turkey (Türkiye)
NCT04052048,Active Surveillance SNEP Assay Registry Trial for Prostate Cancer,Recruiting,Unknown,2019-09-09,2000,Immunis.AI,INDUSTRY,Prostate Cancer Aggressiveness,United States,2019.0,United States
NCT00020826,Assessing Quality of Life of Patients With Stomach Cancer,Completed,Unknown,,267,European Organisation for Research and Treatment of Cancer - EORTC,NETWORK,Gastric Cancer,France; Germany; United Kingdom; Sweden; Spain,,France
NCT04084626,PD1 Antibody and Lenalidomide as a Treatment for EBV-HLH or CAEBV,UNKNOWN,Phase 3,2019-09-15,40,Beijing Friendship Hospital,OTHER,EBV Infection,China,2019.0,China
NCT06667726,An Investigational Scan (18F-DOPA PET/CT) for Improving the Clinical Management of Brain Tumors,Recruiting,Phase 2,2026-03-24,47,Mayo Clinic,OTHER,Malignant Brain Neoplasm,United States,,United States
NCT06354478,IV Dexmedetomidine vs Oral Gabapentin and Their Combination for Postoperative Analgesia in Cancer Patients Undergoing Modified Radical Mastectomy,Completed,Unknown,2021-01-01,90,"National Cancer Institute, Egypt",OTHER,"Breast Cancer; Pain, Postoperative; Pain, Acute",Egypt,2021.0,Egypt
NCT02574078,A Study of Nivolumab in Advanced Non-Small Cell Lung Cancer (NSCLC),Completed,Phase 1,2015-11-23,341,Bristol-Myers Squibb,INDUSTRY,Non-Small Cell Lung Cancer,United States,2015.0,United States
NCT06676943,Investigating the Diagnostic Performance of High-resolution Specimen PET-CT in Determining Margin Status in Cancer Resection,Completed,Unknown,2024-09-20,57,University Hospitals Coventry and Warwickshire NHS Trust,OTHER,Prostate Cancer Surgery; Head and Neck Cancers,United Kingdom,2024.0,United Kingdom
NCT02029443,"ACP-196 (Acalabrutinib), a Novel Bruton Tyrosine Kinase (BTK) Inhibitor, for Treatment of Chronic Lymphocytic Leukemia, Richter's Syndrome or Prolymphocytic Leukemia","Active, Not Recruiting",Phase 1,2014-01-30,306,Acerta Pharma BV,INDUSTRY,Chronic Lymphocytic Leukemia; Small Lymphocytic Lymphoma; Richter's Syndrome,United States; United Kingdom; Italy,2014.0,United States
NCT00899535,Cancer Genome Study Using Samples From Patients With Stage I or Stage II Non-Small Cell Lung Cancer Treated on Clinical Trial ACOSOG-Z0030,Completed,Unknown,,70,Alliance for Clinical Trials in Oncology,OTHER,Lung Cancer,Unknown,,Unknown
NCT06015035,Sintilimab and Anlotinib Combined With Chemotherapy in Neoadjuvant Treatment of Resectable Esophageal Cancer,Completed,Phase 2,2021-04-01,17,Tang-Du Hospital,OTHER,Sintilimab and Anlotinib in Combination With Chemotherapy,China,2021.0,China
NCT04247425,Progressive Resistance Training for the Improvement of Physical Function,Completed,Unknown,2019-06-28,10,OHSU Knight Cancer Institute,OTHER,Sarcoma,United States,2019.0,United States
NCT06161025,"A Study of Raludotatug Deruxtecan (R-DXd) in Subjects With Platinum-resistant, High-grade Ovarian, Primary Peritoneal, or Fallopian Tube Cancer",Recruiting,Phase 2,2024-02-27,860,Daiichi Sankyo,INDUSTRY,Solid Cancer,France; Japan; Canada; United States; Poland; Germany; Czechia; United Kingdom; China; Taiwan; South Korea; Australia; Portugal; Italy; Spain,2024.0,France
NCT03692117,Extracorporeal Carbon Dioxide Removal in Severe Chronic Obstructive Pulmonary Disease Exacerbation,UNKNOWN,Unknown,,30,China-Japan Friendship Hospital,OTHER,COPD Exacerbation,China,,China
NCT01384240,Evaluation of a Low-Cost High Resolution Microendoscope for the Detection of Lower Gastrointestinal Neoplasia,Terminated,Phase 1 (Early),,183,"Anandasabapathy, Sharmila, M.D.",INDIV,Colon Polyps; Colonic Dysplasia; Anal Dysplasia,United States,,United States
NCT01340040,"Dose-escalation Study to Assess Safety, Tolerability and Pharmacokinetics of MEDI-573 in Japanese Subjects",Completed,Phase 1,,10,AstraZeneca,INDUSTRY,Cancer; Advanced Solid Malignancies,Japan,,Japan
NCT06212440,Clinical Application of Multi-modal Sentinel Lymph Node Staining Method in Breast Cancer Patients After Neoadjuvant Chemotherapy,Completed,Unknown,2021-05-04,348,"National Cancer Center, Korea",OTHER_GOV,Sentinel Lymph Node Biopsy; Neoadjuvant Therapy; Breast Neoplasm,South Korea,2021.0,South Korea
NCT02963389,"A Study to Evaluate Safety, Tolerability, and Pharmacokinetics/Pharmacodynamics of Tripegfilgrastim in Pediatric Solid Tumor/Lymphoma Patients",Completed,Phase 1,2016-10-04,27,"Dong-A ST Co., Ltd.",INDUSTRY,Solid Tumor; Lymphoma,South Korea,2016.0,South Korea
NCT06711068,"Adjuvant Therapy for Intermediate Risk HER2 Positive, Lymph Node Negative Early Breast Cancer With Chemotherapy Combined Target Therapy",Recruiting,Unknown,2019-01-01,8077,Shu Wang,OTHER,HER2-positive Breast Cancer,China,2019.0,China
NCT00512668,Hormone Therapy and Temsirolimus in Treating Patients With Relapsed Prostate Cancer,Terminated,Phase 1,,24,National Cancer Institute (NCI),NIH,Adenocarcinoma of the Prostate; Recurrent Prostate Cancer,United States,,United States
NCT04989491,Evaluation of the Efficacy of a Treatment by One Single Dose of Rituximab (375mg/m2 ) in the Prevention of the Epstein Barr Virus (EBV) Primary Infection and Post-transplant Lymphoproliferative Disorder in Adult EBV Seronegative Patients Who Received an EBV Seropositive Kidney Allograft,Recruiting,Phase 4,2021-12-01,120,"University Hospital, Strasbourg, France",OTHER,Epstein-Barr Virus Infections,France,2021.0,France
NCT07125950,SHR2554 Combined With Endocrine Therapy in Advanced Breast Cancer,Not Yet Recruiting,Phase 2,2025-09-30,60,Henan Cancer Hospital,OTHER_GOV,Advanced Breast Cancer,China,2025.0,China
NCT03127150,Chyle Leak After Pancreatic Operation,UNKNOWN,Unknown,2018-05-01,1000,"Second Affiliated Hospital, School of Medicine, Zhejiang University",OTHER,Pancreatic Cancer,China,2018.0,China
NCT05775991,COACH-Cog Intervention Adaptation Focus Groups,Completed,Unknown,2023-03-15,18,University of Rochester,OTHER,Focus Groups,United States,2023.0,United States
NCT04609891,Avatrombopag on the Treatment of Thrombocytopenia Induced by Chemotherapy of Malignant Tumors,Completed,Unknown,2020-05-26,74,Anhui Provincial Cancer Hospital,OTHER,Thrombocytopenia,China,2020.0,China
NCT03439891,"Sorafenib and Nivolumab in Treating Participants With Unresectable, Locally Advanced or Metastatic Liver Cancer",Completed,Phase 2,2018-04-16,16,Robin Kate Kelley,OTHER,Stage III Hepatocellular Carcinoma AJCC v8; Stage IIIA Hepatocellular Carcinoma AJCC v8; Stage IIIB Hepatocellular Carcinoma AJCC v7,United States,2018.0,United States
NCT00687674,"Sorafenib, Lenalidomide, and Dexamethasone in Treating Patients With Relapsed or Refractory Multiple Myeloma",Terminated,Phase 1,,13,Mayo Clinic,OTHER,Multiple Myeloma and Plasma Cell Neoplasm,United States,,United States
NCT02811718,Resiliency Training for Patients With NF2 Via Videoconferencing With Skype,Completed,Unknown,,45,Massachusetts General Hospital,OTHER,Neurofibromatosis 2,United States,,United States
NCT06689774,Salvation Army Tobacco Quit Line Referral Implementation Trial,ENROLLING_BY_INVITATION,Unknown,2024-11-01,233,"University of Wisconsin, Madison",OTHER,Tobacco Use; Smoking; Smoking Cessation,United States,2024.0,United States
NCT02341118,Capturing BRCA1/2 Mutational Status in Women With High Grade Serous Ovarian Cancer and Impact on Clinical Outcome.,Terminated,Unknown,,109,"University Health Network, Toronto",OTHER,Ovarian Cancer,Canada,,Canada
NCT01795274,Phase I Study Evaluating the Treatment of Patients With Locally Advanced Pancreatic Cancer With Carbon Ion Radiotherapy: The PHOENIX-01 Trial,Withdrawn,Unknown,,0,University Hospital Heidelberg,OTHER,Locally Advanced Pancreatic Cancer,Germany,,Germany
NCT00003418,Exemestane Compared With Tamoxifen in Treating Postmenopausal Women With Primary Breast Cancer,UNKNOWN,Phase 3,,4400,International Collaborative Cancer Group,OTHER,Breast Cancer,France; United Kingdom; Belgium,,France
NCT04825574,Study for Patients Previously Treated in Avapritinib Clinical Trials,Completed,Phase 4,2021-05-21,2,Blueprint Medicines Corporation,INDUSTRY,Gastrointestinal Stromal Tumors,France,2021.0,France
NCT02457390,The Value of CE-LUS During Robot-assisted Surgery for Primary Colorectal Cancer,Completed,Unknown,,50,Odense University Hospital,OTHER,Colorectal Cancer,Denmark,,Denmark
NCT04897490,RWE of 1st Line Treatment With ATO/ATRA for Adult APL,Recruiting,Unknown,2021-03-01,50,Grupo Argentino de Tratamiento de la Leucemia Aguda,OTHER,"Promyelocytic Leukemia, Adult Acute",Argentina,2021.0,Argentina
NCT00649090,A Study to Evaluate the Safety of Adjuvant Treatment With Exemestane Following Previous Treatment With Tamoxifen in Postmenopausal Women With Estrogen Sensitive Primary Breast Cancer,Completed,Phase 4,,1549,Pfizer,INDUSTRY,Breast Neoplasms,Belgium,,Belgium
NCT01982097,Sorafenib as Neoadjuvant Therapy Before Cytoreductive Nephrectomy in Patients With Metastatic Renal Cell Carcinoma,Completed,Unknown,2014-01-10,61,Bayer,INDUSTRY,"Carcinoma, Renal Cell",Russia,2014.0,Russia
NCT00851110,Adjuvant Breast Cancer Study of the Netherlands Working Party for Autotransplantation in Solid Tumors,Terminated,Phase 2,,50,University Medical Center Groningen,OTHER,High-Risk Breast Cancer,Netherlands,,Netherlands
NCT05401097,IDH Targeted/Non- Targeted vs Non-targeted/IDH-targeted Approaches in the Treatment of Newly Diagnosed IDH Mutated AML Patients Not Candidates for Intensive Induction Therapy (I- DATA Study),Recruiting,Phase 2,2022-09-13,125,Alice Mims,OTHER,Acute Myeloid Leukemia,United States,2022.0,United States
NCT02967497,Clinical Study of YQ1 Plus Cisplatin-based Chemotherapy in Advanced NSCLC EGFR Wild Type,UNKNOWN,Phase 2,,56,"Taipei Veterans General Hospital, Taiwan",OTHER_GOV,Epithelial Growth Factor Receptor Negative Non-small Cell Lung Cancer,Unknown,,Unknown
NCT07015697,A Study of Subcutaneous Trastuzumab Deruxtecan in Participants With Metastatic Solid Tumors,Recruiting,Phase 1,2025-07-17,76,Daiichi Sankyo,INDUSTRY,Recurrent or Metastatic Solid Tumors,France; Japan; United States; Taiwan; South Korea; Spain,2025.0,France
NCT07102797,"ActiveGirls: Physical Activity, Hormone Health, and Diabetes Risk in Early Adolescence",Recruiting,Unknown,2025-11-24,40,Massachusetts General Hospital,OTHER,PCOS (Polycystic Ovary Syndrome); Puberty; Insulin Resistance,United States,2025.0,United States
NCT05074810,Phase 1/2 Study of Avutometinib (VS-6766) + Sotorasib With or Without Defactinib in KRAS G12C NSCLC Patients,"Active, Not Recruiting",Phase 1,2022-04-12,153,"Verastem, Inc.",INDUSTRY,Non Small Cell Lung Cancer; KRAS Activating Mutation,France; United States; United Kingdom; Belgium; Netherlands; Spain,2022.0,France
NCT07198113,COMPARE - Pediatric Inflammatory Bowel Disease (PIBD),Recruiting,Unknown,2025-11-01,1100,"University of North Carolina, Chapel Hill",OTHER,"Ulcerative Colitis, Pediatric; Inflammatory Bowel Diseases; Crohn Disease",United States,2025.0,United States
NCT06243510,Comparison of Apixaban Versus Enoxaparin,ENROLLING_BY_INVITATION,Unknown,2023-11-24,90,Abramson Cancer Center at Penn Medicine,OTHER,Bladder Cancer,United States,2023.0,United States
NCT01222013,Study for Safety and Efficacy Evaluation of Imatinib Mesylate in Children With Acute Lymphoblastic Leukemia (ALL) Philadelphia Chromosome-positive (Ph+),SUSPENDED,Phase 2,,20,Renato Melaragno,OTHER,Acute Lymphoblastic Leukemia (ALL) Philadelphia Chromosome-positive (Ph+),Unknown,,Unknown
NCT01419613,Promoting a Healthier Lifestyle Among Breast Cancer Survivors,Completed,Unknown,,68,H. Lee Moffitt Cancer Center and Research Institute,OTHER,Breast Cancer,United States,,United States
NCT03595813,Identifying Immune-related Biomarkers to Predict the Efficacy of Cancer Immunotherapy,Completed,Unknown,2018-01-29,135,Institut Paoli-Calmettes,OTHER,Lung Cancer Metastatic; Locally Advanced Malignant Neoplasm; Non Hodgkin Lymphoma,France,2018.0,France
NCT02862613,Precision Cell Immunotherapy Combined With TACE in Advanced Liver Cancer,UNKNOWN,Phase 1,,40,Shanghai International Medical Center,INDUSTRY,Precision Cells; Transcatheter Arterial Chemoembolization; Advanced Liver Cancer,China,,China
NCT07124520,A Study of Tongue Strength and Endurance Using the Iowa Oral Performance Instrument (IOPI) Tongue Strength Trainer in People With Oral Tongue Cance,Recruiting,Unknown,2025-08-07,60,Memorial Sloan Kettering Cancer Center,OTHER,Tongue Cancer,United States,2025.0,United States
NCT02640820,Evaluate the Effectiveness and Safety of DPCP Ointment (Samcyprone™) on the Clearance of Verruca Vulgaris (Common Warts),UNKNOWN,Phase 2,,83,"RXi Pharmaceuticals, Corp.",INDUSTRY,Common Warts; HPV (Human Papillomavirus); Periungual Warts,United States,,United States
NCT05455320,A Study Comparing Talquetamab in Combination With Daratumumab or in Combination With Daratumumab and Pomalidomide Versus Daratumumab in Combination With Pomalidomide and Dexamethasone in Participants With Multiple Myeloma That Returns After Treatment or is Resistant to Treatment,"Active, Not Recruiting",Phase 3,2022-10-13,864,"Janssen Research & Development, LLC",INDUSTRY,Relapsed or Refractory Multiple Myeloma,France; Japan; Netherlands; Brazil; United States; Poland; Turkey (Türkiye); Germany; Czechia; United Kingdom; China; Spain; Belgium; South Korea; Greece; Taiwan; Italy; Israel,2022.0,France
NCT02854982,Impact on Quality of Life 3 Years After Diagnosis of Prostate Cancer,Completed,Unknown,2015-09-01,900,Centre Hospitalier Universitaire de Nīmes,OTHER,Prostatic Neoplasms; Quality of Life,Unknown,2015.0,Unknown
NCT04633382,ENHANCED RECOVERY AFTER BILIARY TRACT SURGERY,UNKNOWN,Unknown,2021-01-01,50,Vitebsk State Medical University,OTHER,Biliary Stricture; Cholangiocarcinoma; Cholangitis; Choledocholithiasis,Unknown,2021.0,Unknown
NCT06700382,Different Methods of Capecitabine in Patients With Non-PCR After Neoadjuvant Therapy for TNBC,Recruiting,Unknown,2019-01-01,1166,Shu Wang,OTHER,Triple Negative Breast Cancer,China,2019.0,China
NCT06959550,Phase II Study of Anti-PD-1/VEGF Bispecific Antibody Ivonescimab in Patients With Previously Treated Metastatic Colorectal Cancer,Recruiting,Phase 2,2025-07-28,90,M.D. Anderson Cancer Center,OTHER,Metastatic Colorectal Cancer,United States,2025.0,United States
NCT06591650,"Gemcitabine Hydrochloride, Cisplatin, Nab-Paclitaxel, and Durvalumab in Treating Patients with Locally Advanced or Metastatic Gallbladder Cancer",Not Yet Recruiting,Phase 2,2024-09-10,33,Fudan University,OTHER,Gallbladder Cancer Unresectable,China,2024.0,China
NCT03344250,Phase I EGFR BATs in Newly Diagnosed Glioblastoma,Completed,Phase 1,2018-03-01,16,University of Virginia,OTHER,Glioblastoma; Glioblastoma Multiforme,United States,2018.0,United States
NCT01823991,COGNUTRIN in Breast Cancer Survivors,Completed,Phase 1 (Early),2014-07-30,36,H. Lee Moffitt Cancer Center and Research Institute,OTHER,Breast Cancer,United States,2014.0,United States
NCT03091491,Study of Nivolumab Verses Nivolumab and Ipilimumab Combination in EGFR Mutant Non-small Cell Lung Cancer,Terminated,Phase 2,2017-04-07,31,"National Cancer Centre, Singapore",OTHER,Non-Small Cell Lung Cancer,Singapore,2017.0,Singapore
NCT05244174,Impact of Pancreatic Endoscopic Drainage on Exocrine Pancreatic Function in Unresectable Pancreatic Cancer,UNKNOWN,Unknown,2022-01-25,82,Hospital Clinico Universitario de Santiago,OTHER,Pancreatic Neoplasm Malignant Head Primary; Pancreatic Exocrine Insufficiency,Spain,2022.0,Spain
NCT04040491,"PD-1 Antibody, Chidamide, Lenalidomide and Gemcitabine for Peripheral T-cell Lymphoma",UNKNOWN,Phase 4,2019-09-01,100,Mingzhi Zhang,OTHER,Peripheral T-cell Lymphoma,China,2019.0,China
NCT03585218,Women With Breast Cancer Undergoing Chemotherapy: Implications in Quality of Life,Completed,Unknown,2017-03-06,112,University of Minho,OTHER,Breast Cancer Female,Portugal,2017.0,Portugal
NCT05091190,Immunotherapy Clearance and Phenotype of Circulating Tumor Cells in Lung and Head and Neck Cancers,"Active, Not Recruiting",Unknown,2021-10-27,75,Hospices Civils de Lyon,OTHER,Metastatic NSCLC; Metastatic Head and Neck Cancer,France,2021.0,France
NCT00522990,"Study to Assess the Safety of Escalating Doses of AT9283, in Patients With Leukemias",Terminated,Phase 1,,48,"Astex Pharmaceuticals, Inc.",INDUSTRY,Acute Myeloid Leukemia; Acute Lymphoblastic Leukemia; Chronic Myeloid Leukemia,United States,,United States
NCT01598597,"An Observational Pilot Study Evaluating the Feasibility of Conducting Genome-Wide Association Studies Utilizing Subject Provided Information in Subjects With Locally Recurrent or MBC, MCRC, MNSCLC, RGBM or MRCC Treated With Avastin (Bevacizumab) (InVite)",Completed,Unknown,,276,"Genentech, Inc.",INDUSTRY,Breast Cancer; Colorectal Cancer; Non-Small Cell Lung Cancer,United States,,United States
NCT05177497,SHR-1701 for Consolidation Therapy After Concurrent Chemoradiotherapy in Inoperable Stage III NSCLC,UNKNOWN,Phase 2,,19,Shanghai Chest Hospital,OTHER,"NSCLC, Stage III",Unknown,,Unknown
NCT04773197,Evaluating a Tailored Cognitive Behavioral Therapy for Adolescent and Young Adult Cancer Patients,Terminated,Unknown,2020-11-30,9,University of Michigan Rogel Cancer Center,OTHER,"Depression, Anxiety; Cancer",United States,2020.0,United States
NCT01749397,"Veliparib and Floxuridine in Treating Patients With Metastatic Epithelial Ovarian, Primary Peritoneal Cavity, or Fallopian Tube Cancer",Completed,Phase 1,2012-12-07,29,National Cancer Institute (NCI),NIH,Stage IV Fallopian Tube Cancer AJCC v6 and v7; Stage IV Ovarian Cancer AJCC v6 and v7; Stage IV Primary Peritoneal Cancer AJCC v7,United States,2012.0,United States
NCT00002810,High-Dose Melphalan Followed by Peripheral Stem Cell Transplant in Treating Patients With Amyloidosis,Completed,Phase 2,,61,Temple University,OTHER,Multiple Myeloma and Plasma Cell Neoplasm,United States,,United States
NCT01726010,22-G-Procore Needle for the Diagnosis of SETs of the Upper GI Tract,UNKNOWN,Unknown,,20,Technical University of Munich,OTHER,Subepithelial Tumors of the Upper Gastrointestinal Tract,Germany,,Germany
NCT04453813,Toripalimab Plus Concurrent Chemo-radiotherapy for Unresectable Locally Recurrent Nasopharyngeal Carcinoma,Recruiting,Phase 3,2020-07-03,226,Sun Yat-sen University,OTHER,Nasopharyngeal Carcinoma; Chemotherapy; Radiotherapy,China,2020.0,China
NCT06851260,The Importance of Thymus Anatomy to the Radical Resection of Thyroid Cancer Surgery and the Protection of Parathyroid Function,Not Yet Recruiting,Unknown,2025-02-20,5,Tianjin Medical University Cancer Institute and Hospital,OTHER,Thyroid Cancer; Surgery,Unknown,2025.0,Unknown
NCT03616860,Assessment of Safety and Feasibility of ExAblate Blood-Brain Barrier (BBB) Disruption for Treatment of Glioma,Completed,Unknown,2018-10-16,14,InSightec,INDUSTRY,Glioblastoma,Canada,2018.0,Canada
NCT01016860,OSI-906 and Irinotecan in Patients With Advanced Cancer,Terminated,Phase 1,,16,"University of Colorado, Denver",OTHER,Colorectal Cancer,United States,,United States
NCT02126020,Topical Infliximab in Autoimmune Eyes With Keratoprosthesis,Withdrawn,Phase 1,,0,"James Chodosh, MD, MPH",OTHER,Stevens-Johnson Syndrome; Toxic Epidermal Necrolysis (Lyell) Syndrome; Mucous Membrane Pemphigoid,United States; Canada,,United States
NCT02468882,Does Watercress Intake Have an Impact on Cancer Patients Outcomes: a Longitudinal Trial,UNKNOWN,Phase 3,,200,University of Lisbon,OTHER,Long-term Effects Secondary to Cancer Therapy in Adults,Portugal,,Portugal
NCT01877382,A Multiple Ascending Dose Study of Milademetan in Subjects With Advanced Solid Tumors or Lymphomas,Completed,Phase 1,2013-07-11,107,Daiichi Sankyo,INDUSTRY,Advanced Solid Tumor; Lymphoma,United States,2013.0,United States
NCT00002682,Antibiotic Therapy and Antacids in Patients With Malt Lymphoma of the Stomach,Completed,Phase 2,1995-08-10,5,M.D. Anderson Cancer Center,OTHER,Lymphoma,United States,1995.0,United States
NCT03421782,Fatigue Interventions in Cancer (Exercise Intervention),Completed,Phase 2,2018-02-26,126,University of Utah,OTHER,Sedentary Lifestyle; Stage III Prostate Cancer AJCC v7; Stage IV Prostate Cancer AJCC v7,United States,2018.0,United States
NCT02508324,IPA Targeted Adoptive Immunotherapy vs Adult Haplo-identical Cell Infusion During Induction of High Risk Leukemia,Terminated,Phase 2,2015-09-10,43,Weill Medical College of Cornell University,OTHER,Acute Myeloid Leukemia; Myelodysplastic Syndrome,United States,2015.0,United States
NCT03239223,Study of Topical ABI-1968 in Subjects With Precancerous Cervical Lesions From Human Papillomavirus (HPV) Infection,Completed,Phase 1,2018-01-01,16,Antiva Biosciences,INDUSTRY,HSIL; HSIL of Cervix; High-Grade Squamous Intraepithelial Lesions,United States; Australia,2018.0,United States
NCT05823623,Inetetamab Combined With Pyrotinib Plus Oral Vinorelbine for the Treatment of HER2-positive Metastatic Breast Cancer,UNKNOWN,Phase 2,2022-02-13,30,The First Affiliated Hospital with Nanjing Medical University,OTHER,Breast Cancer,China,2022.0,China
NCT05769959,Study of RO7515629 in Participants With HLA-G Positive Solid Tumors,Terminated,Phase 1,2023-06-15,3,Hoffmann-La Roche,INDUSTRY,Renal Cell Carcinoma; Non-small Cell Lung Cancer; Pancreatic Adenocarcinoma,United States,2023.0,United States
NCT03068559,Consequences of an Initial Treatment for Head and Neck Cancer on Swallowing Function: Impact on Nutritional Status,Completed,Unknown,2012-12-20,240,Centre Antoine Lacassagne,OTHER,Dysphagia,Unknown,2012.0,Unknown
NCT04649580,United Kingdom (UK) Patient Preference Study of Somatuline Autogel and Treatment Administration Setting,Completed,Unknown,2021-04-27,80,Ipsen,INDUSTRY,Neuroendocrine Tumours (NET),United Kingdom,2021.0,United Kingdom
NCT04672980,RTX-321 Monotherapy in Patients With HPV 16+ Tumors,Terminated,Phase 1,2021-04-08,9,Rubius Therapeutics,INDUSTRY,Cervical Cancer; Head and Neck Cancer; Anal Cancer,United States,2021.0,United States
NCT04505696,Providing Speech Therapy Awareness in Private Schools,Completed,Unknown,2020-08-05,138,Riphah International University,OTHER,Speech and Language Disorder; Speech Therapy; Speech Delay,Pakistan,2020.0,Pakistan
NCT03836196,Optimizing Prostate Cancer Treatment in Men With Advanced Local Disease,Recruiting,Unknown,2019-09-13,105,British Columbia Cancer Agency,OTHER,Prostate Cancer,Canada,2019.0,Canada
NCT00210379,Phase II Study of Combined Modality Treatment in Primary Testicular Non-Hodgkin's Lymphoma,Completed,Phase 2,,64,International Extranodal Lymphoma Study Group (IELSG),OTHER,"Lymphoma, B Cell",Switzerland,,Switzerland
NCT05427396,A Phase I Clinical Study of Recombinant Humanized Anti-BTLA Monoclonal Antibody (JS004) Injection Combined With Toripalimab Injection in Patients With Advanced Solid Tumors,Terminated,Phase 1,2022-07-28,31,"Shanghai Junshi Bioscience Co., Ltd.",OTHER,"Liver Cancer, Esophageal Squamous Cell Carcinoma, Gastric Adenocarcinoma, Cervical Cancer, MSI-H Colorectal Cancer",China,2022.0,China
NCT05755646,Ice Plant Intensive Cream for the Prevention of Hand-Foot Syndrome in Breast Cancer: Pilot Randomized Controlled Trial,Completed,Unknown,2023-03-10,36,University Hospital Tuebingen,OTHER,Hand-Foot Syndrome; Breast Cancer,Germany,2023.0,Germany
NCT03907488,Immunotherapy (Nivolumab or Brentuximab Vedotin) Plus Combination Chemotherapy in Treating Patients With Newly Diagnosed Stage III-IV Classic Hodgkin Lymphoma,"Active, Not Recruiting",Phase 3,2019-08-29,994,National Cancer Institute (NCI),NIH,Ann Arbor Stage III Hodgkin Lymphoma; Ann Arbor Stage III Lymphocyte-Depleted Classic Hodgkin Lymphoma; Ann Arbor Stage III Mixed Cellularity Classic Hodgkin Lymphoma,United States; Canada; Puerto Rico,2019.0,United States
NCT01091103,Determine Effect of Enzalutamide (MDV3100) on the Androgen Signaling Pathway in Correlation With the Anti-tumor Effects of Enzalutamide,Completed,Phase 2,2010-02-18,60,Pfizer,INDUSTRY,Metastatic Progressive Castration-resistant Prostate Cancer,United States,2010.0,United States
NCT00671788,"A Phase II Evaluation of Dasatinib (Sprycel®, NSC #732517) in the Treatment of Persistent or Recurrent Epithelial Ovarian, Fallopian Tube, or Primary Peritoneal Carcinoma",Completed,Phase 2,,35,Gynecologic Oncology Group,NETWORK,Recurrent Fallopian Tube Carcinoma; Recurrent Ovarian Carcinoma; Recurrent Primary Peritoneal Carcinoma,United States,,United States
NCT06015503,A Phase Ⅱ Study Assessing the Safety and Efficacy of PLB1004 in EGFR ex20ins Mutation Patients With Advanced and Metastatic Non-small Cell Lung Cancer(NSCLC),Recruiting,Phase 2,2023-07-21,157,"Avistone Biotechnology Co., Ltd.",INDUSTRY,Non-Small-Cell Lung Cancer,China,2023.0,China
NCT00867503,Open Trial of Bendamustine Hydrochloride in Women With Advanced Ovarian Cancer,Completed,Phase 2,,10,University of Arizona,OTHER,Ovarian Cancer,United States,,United States
NCT05763927,"Neoadjuvant Therapy for Locally Advanced Rectal Cancer With Fruquintinib, Toripalimab and SRT",UNKNOWN,Phase 2,2022-09-01,44,West China Hospital,OTHER,Rectal Cancer,China,2022.0,China
NCT05860127,Cognitive Stimulation Therapy for Dementia: A Two-Armed Pragmatic Trial,Completed,Unknown,2023-04-10,133,"University of Massachusetts, Amherst",OTHER,"Dementia; Cognitive Impairment, Mild; Dementia, Vascular",United States,2023.0,United States
NCT05504161,Detection of Tumor DNA Through Cervical Smear and Liquid Biopsy in Endometrial Cancer Patients and Evaluation of Prognostic and Predictive Values of Tumor DNA Assay,UNKNOWN,Unknown,2020-12-30,300,Yonsei University,OTHER,Endometrial Cancer,South Korea,2020.0,South Korea
NCT00253461,11C Topotecan PET Imaging,Terminated,Phase 1 (Early),,7,Case Comprehensive Cancer Center,OTHER,Lung Cancer; Metastatic Cancer; Ovarian Cancer,United States,,United States
NCT00955786,Dose-escalation Study of CX-3543 in Patients With Advanced Solid Tumors or Lymphomas,Completed,Phase 1,,48,Cylene Pharmaceuticals,INDUSTRY,Advanced Solid Tumors; Lymphoma,United States,,United States
NCT02866786,"The Effects of OCP and Metformin on Clinical, Hormonal, Metabolic and Ultrasonographic Characteristics in PCOS",Completed,Phase 4,2016-08-15,101,S.C.B. Medical College and Hospital,OTHER,Polycystic Ovary Syndrome,India,2016.0,India
NCT05662670,A Phase I/II Study of WJ13404 Monotherapy in Patients With Advanced or Mentastatic Non-Small Cell Lung Cancer,Terminated,Phase 1,2022-10-11,14,"Suzhou Junjing BioSciences Co., Ltd.",INDUSTRY,Locally Advanced or Metastatic NSCLC,China,2022.0,China
NCT05400070,"Neoadjuvant PD-1 Inhibitor (Sintilimab), Anlotinib Combined With Chemotherapy in Resectable Stage IIA-IIIB NSCLC","Active, Not Recruiting",Phase 2,2021-03-01,45,Tang-Du Hospital,OTHER,Sintilimab; Lung Cancer; Anlotinib,China,2021.0,China
NCT07541170,A Study to Evaluate the Efficacy and Safety of Divarasib Compared With Investigator's Choice of Immunotherapy or Observation in Participants With Resected Stage II-III KRAS G12C-Positive Non-Small Cell Lung Cancer (NSCLC),Not Yet Recruiting,Phase 3,2026-09-01,400,Hoffmann-La Roche,INDUSTRY,Non-small Cell Lung Cancer,Unknown,,Unknown
NCT07437573,Oncometabolic Surgery,Completed,Phase 3,2020-07-07,94,Korea University Guro Hospital,OTHER,Gastric Cancer,South Korea,2020.0,South Korea
NCT01700569,Phase-1 Study of Folinic Acid to Modulate MGMT Gene in Glioblastoma,Terminated,Phase 1,,24,Institut Cancerologie de l'Ouest,OTHER,Grade IV Astrocytoma; Glioblastoma,France,,France
NCT04525183,REVITALIZE: A Telehealth Intervention for Women With Advanced Ovarian Cancer and PARP Inhibitor-Related Fatigue,Completed,Unknown,2020-12-02,49,Dana-Farber Cancer Institute,OTHER,Ovarian Cancer; Fatigue; Coping Behavior,United States,2020.0,United States
NCT05017883,TAA05 Cell Injection in the Treatment of Recurrent / Refractory Acute Myeloid Leukemia,UNKNOWN,Unknown,2021-07-01,5,"PersonGen BioTherapeutics (Suzhou) Co., Ltd.",INDUSTRY,CAR; Acute Myeloid Leukemia,China,2021.0,China
NCT06657183,ECM and Monitoring w/ Alio Smart Patch in Cancer Pts Receiving Chemotherapy,Recruiting,Unknown,2025-08-06,30,Case Comprehensive Cancer Center,OTHER,Febrile Neutropenia,United States,2025.0,United States
NCT04733183,Efficacy and Safety of L19TNF in Previously Treated Patients with Advanced Stage or Metastatic Soft-tissue Sarcoma,"Active, Not Recruiting",Phase 2,2020-08-28,98,Philogen S.p.A.,INDUSTRY,Soft Tissue Sarcoma,France; Poland; Germany; Italy; Spain,2020.0,France
NCT03213041,Pembrolizumab and Carboplatin in Treating Patients With Circulating Tumor Cells Positive Metastatic Breast Cancer,Recruiting,Phase 2,2017-09-14,100,Northwestern University,OTHER,Estrogen Receptor Negative; Estrogen Receptor Positive; HER2/Neu Negative,United States,2017.0,United States
NCT07380841,Metformin vs Inositol vs Diet vs Combination Therapy in PCOS,Completed,Unknown,2025-05-21,192,Islamabad Medical and Dental College,OTHER,Polycystic Ovary Syndrome; Insulin Resistance; Metabolic Syndrome,Pakistan,2025.0,Pakistan
NCT00281541,A Study for the Treatment of Unresectable Stage III or Metastatic Stage IV Melanoma,Completed,Phase 2,,29,Astellas Pharma Inc,INDUSTRY,Melanoma,United States,,United States
NCT06395441,Wisconsin Ginseng for Decreasing Cancer Related Fatigue,Recruiting,Phase 3,2024-08-01,160,Mayo Clinic,OTHER,Malignant Solid Neoplasm,United States,2024.0,United States
NCT06089941,Circulating Tumor DNA Sequencing in Patients With Peripheral T-cell Lymphomas,"Active, Not Recruiting",Unknown,2024-01-01,45,Centre Henri Becquerel,OTHER,Peripheral T Cell Lymphoma,France,2024.0,France
NCT03245541,Radiation Therapy in Combination With Durvalumab for People With Pancreatic Cancer,"Active, Not Recruiting",Phase 1,2020-08-14,18,Memorial Sloan Kettering Cancer Center,OTHER,Pancreatic Adenocarcinoma,United States,2020.0,United States
NCT01151670,Pioglitazone Hydrochloride in Preventing Radiation-Induced Cognitive Dysfunction in Treating Patients With Brain Tumors,Completed,Phase 1,,18,Wake Forest University Health Sciences,OTHER,"Brain Neoplasms, Malignant; Brain Neoplasms, Benign; Malignant Meningioma",United States,,United States
NCT05167370,High Dose Chemotherapy With Amifostine and Autologous Stem Cell Transplantation for High Risk Relapsed Pediatric Solid Tumors and Brain Tumors,Terminated,Phase 2,2010-12-13,2,"Children's Hospital Medical Center, Cincinnati",OTHER,Solid Tumors; Brain Tumors,United States,2010.0,United States
NCT06831773,Clinical Study of Carbon Ion Radiotherapy for High-grade Glioma,Recruiting,Unknown,2025-02-01,23,Gansu Wuwei Tumor Hospital,OTHER,Carbon Ion Radiotheray; High-grade Glioma; Heavy Ion Radiotherapy,China,2025.0,China
NCT02494973,Postoperative Hepatic Arterial Chemotherapy in High-risk Patients as Adjuvant Treatment After Resection of Colorectal Liver Metastases,Completed,Phase 2,2015-05-26,104,"Gustave Roussy, Cancer Campus, Grand Paris",OTHER,Colorectal Cancer,France,2015.0,France
NCT04087473,Plasma Molecular Profiling in ALK Inhibitor Resistant NSCLC,Recruiting,Unknown,2019-08-23,50,"National Cancer Centre, Singapore",OTHER,Non-small Cell Lung Cancer; ALK-Positive Lung Cancer,Hong Kong; Malaysia; Singapore; South Korea,2019.0,Hong Kong
NCT01441973,Biomarker Study of Elotuzumab in High Risk Smoldering Myeloma,Completed,Phase 2,2011-12-28,41,Bristol-Myers Squibb,INDUSTRY,Smoldering Multiple Myeloma,United States,2011.0,United States
NCT02116569,A Study of Daratumumab in Japanese Participants With Relapsed or Refractory Multiple Myeloma,Completed,Phase 1,,9,Janssen Pharmaceutical K.K.,INDUSTRY,Multiple Myeloma,Japan,,Japan
NCT04557969,"Surgery in Gastrointestinal Stromal Tumors (GISTs) for Treatment, Tumor Modeling, and Genomic Analysis",Recruiting,Unknown,2020-12-18,400,National Cancer Institute (NCI),NIH,Gastric Cancer; Gastric Neoplasm; Gastrointestinal Stromal Sarcoma,United States,2020.0,United States
NCT04365569,Evaluating the Effectiveness of an Individualized Nutrition and Physical Activity Counseling Program,Completed,Unknown,2021-01-06,78,Case Comprehensive Cancer Center,OTHER,Breast Cancer,United States,2021.0,United States
NCT00925769,"ATX Study:A Study of Avastin (Bevacizumab), Tarceva (Erlotinib) and Xeloda (Capecitabine) in Patients With Locally Advanced and/or Metastatic Pancreatic Cancer",Completed,Phase 1,,32,Hoffmann-La Roche,INDUSTRY,Pancreatic Cancer,Austria,,Austria
NCT06933069,Safety and Tolerability of CMAB017 In Patients With Advanced Solid Tumors,Recruiting,Phase 1,2025-06-09,55,"Taizhou Mabtech Pharmaceutical Co.,Ltd",INDUSTRY,Solid Malignancies,China,2025.0,China
NCT06172283,Intermittent Fasting in Prostate Cancer Patients Receiving Androgen Deprivation Therapy,Recruiting,Unknown,2023-12-05,30,State University of New York at Buffalo,OTHER,Prostate Cancer,United States,2023.0,United States
NCT05673083,Impact of a Health Technology Intervention on Patient Activation in Multiple Myeloma,"Active, Not Recruiting",Unknown,2023-03-01,200,All4Cure,INDUSTRY,"Multiple Myeloma in Relapse; Multiple Myeloma; Multiple Myeloma, Refractory",United States,2023.0,United States
NCT03582241,NGS in AML Relapse,UNKNOWN,Unknown,2018-06-27,40,"University Hospital, Strasbourg, France",OTHER,Acute Myeloid Leukemia,France,2018.0,France
NCT04406454,The Application of Non-invasive and Cellular Level Resolution Fullfield Optical Coherence Tomography: Establishment and Analysis of Subcutaneous Cellular Level Image Database of Anatomical Locations in Healthy Volunteers and Evaluation of Usability,Completed,Unknown,2020-07-06,60,"Taipei Veterans General Hospital, Taiwan",OTHER_GOV,Healthy Skin; Nevus,Taiwan,2020.0,Taiwan
NCT07072494,CD19 CAR-T Cell Infusion as Consolidation Therapy in Adolescent and Adult Patients With Acute B-ALL Ineligible for Allogeneic HSCT: A Clinical Study,Recruiting,Phase 1,2025-07-19,30,Zhujiang Hospital,OTHER,Acute Lymphoblastic Leukemia,China,2025.0,China
NCT03954366,"Drug-Drug Interaction Study of Rucaparib, Rosuvastatin and Oral Contraceptives",Completed,Phase 1,2019-04-25,36,pharmaand GmbH,INDUSTRY,Neoplasms,Slovakia; Poland; Hungary,2019.0,Slovakia
NCT04974866,Tyrosine Kinase Inhibitors in Metastastic Adenoid Cystic Carcinoma,Recruiting,Phase 2,2021-07-01,20,Qingdao Central Hospital,OTHER,"Carcinoma, Adenoid Cystic",China,2021.0,China
NCT00026156,S0027: Vinorelbine Followed by Docetaxel in Treating Patients With Advanced Non-Small Cell Lung Cancer,Completed,Phase 2,,125,SWOG Cancer Research Network,NETWORK,Lung Cancer,United States,,United States
NCT04575922,Nivolumab+Ipilimumab+RT in MSS mCRC,UNKNOWN,Phase 2,2020-10-05,32,Massachusetts General Hospital,OTHER,Metastatic Microsatellite Stable Colorectal Cancer,United States,2020.0,United States
NCT01963351,Bevacizumab in Combination With Chemotherapy in Patients With Advanced or Recurrent Non-squamous NSCLC,Completed,Unknown,,150,University of Athens,OTHER,Non-small Cell Lung Cancer; Unresectable Malignant Neoplasm,Greece,,Greece
NCT07263451,"Safety and Feasibility of IRE for Early-stage Breast Cancer: a Prospective, Open-Label, Single-Arm, Exploratory Study",Recruiting,Unknown,2025-12-11,24,Tian'an Jiang,OTHER,Breast Cancer,China,2025.0,China
NCT00607529,Clinical Evaluation of an Investigational Blood Creatinine Point-of-Care Test Device,Completed,Unknown,,99,Memorial Sloan Kettering Cancer Center,OTHER,Cancer,United States,,United States
NCT00906802,Benefit of Roux-en-Y (R-Y) Reconstruction After Pancreaticoduodenectomy,UNKNOWN,Unknown,,40,Kochi University,OTHER,Pancreatic Cancer,Japan,,Japan
NCT06374602,Efficacy of Pembrolizumab and Lenvatinib in Patients With Anaplastic Thyroid Cancer,Recruiting,Phase 2,2024-03-25,20,"Saint Petersburg State University, Russia",OTHER,Anaplastic Thyroid Cancer,Russia,2024.0,Russia
NCT05737537,Using of Biomarkers and Blood Culture in Early Detection of Systemic Infections,UNKNOWN,Unknown,2023-12-01,90,Assiut University,OTHER,Invasive Fungal Infections,Unknown,2023.0,Unknown
NCT01013337,"Acupuncture in Treating Women With Stage I, Stage II, or Stage III Breast Cancer With Aromatase Inhibitor-Related Joint Pain",Completed,Unknown,,76,Abramson Cancer Center at Penn Medicine,OTHER,Breast Cancer; Recurrent Breast Cancer; Stage I Breast Cancer,United States,,United States
NCT00003945,"Comparison of Three Chemotherapy Regimens in Treating Patients With Stage IVB, Recurrent, or Persistent Cervical Cancer",Completed,Phase 3,,400,Gynecologic Oncology Group,NETWORK,Cervical Cancer,United States; Australia; Puerto Rico; Peru,,United States
NCT06335745,PediCARE Health Equity Intervention in High-Risk Neuroblastoma,Withdrawn,Unknown,,0,Dana-Farber Cancer Institute,OTHER,Neuroblastoma; High-risk Neuroblastoma; Pediatric Cancer,Unknown,,Unknown
NCT04427072,Study of Capmatinib Efficacy in Comparison With Docetaxel in Previously Treated Participants With Non-small Cell Lung Cancer Harboring MET Exon 14 Skipping Mutation,Terminated,Phase 3,2020-09-25,22,Novartis Pharmaceuticals,INDUSTRY,"Carcinoma, Non-Small-Cell Lung",France; Netherlands; Bulgaria; Brazil; Thailand; Vietnam; Lithuania; Germany; South Africa; Malaysia; Belgium; South Korea; Portugal; Russia; Italy; India; Hungary; Spain,2020.0,France
NCT02117895,Left Celiac Plexus Resection for Pancreatic Cancer at the Body and Tail,UNKNOWN,Phase 3,,180,Fudan University,OTHER,Pancreatic Cancer,China,,China
NCT02944539,Association Between Mitochondrial DNA Content and Risk of Gastric Cancer,Completed,Unknown,,600,"Air Force Military Medical University, China",OTHER,Stomach Neoplasms,Unknown,,Unknown
NCT00192777,Concurrent Xeloda and Radiotherapy for Bone Metastases,UNKNOWN,Phase 2,,20,Rambam Health Care Campus,OTHER,Solid Tumors; Bone Metastases,Israel,,Israel
NCT03174275,"Carboplatin, Nab-Paclitaxel, Durvalumab Before Surgery and Adjuvant Therapy in Head and Neck Squamous Cell Carcinoma","Active, Not Recruiting",Phase 2,2017-12-19,39,UNC Lineberger Comprehensive Cancer Center,OTHER,"Carcinoma, Squamous Cell; Oral Cancer; Oropharynx Cancer",United States,2017.0,United States
NCT03561857,Clinical Trial for a Robotic Endomicroscopy to Better Define Resection Strategies Applied to Urology Surgery,UNKNOWN,Unknown,2019-01-16,100,Mauna Kea Technologies,INDUSTRY,Prostate Cancer,France,2019.0,France
NCT00039312,Comparison of Screening Tests in Detecting Cervical Neoplasia,Completed,Unknown,,15,Jonsson Comprehensive Cancer Center,OTHER,Cervical Cancer,United States,,United States
NCT00199901,"Study of NY-ESO-1 ISCOMATRIX® in Patients With High-risk, Resected Melanoma",Completed,Phase 2,,111,Ludwig Institute for Cancer Research,OTHER,Melanoma,Australia; United Kingdom; New Zealand,,Australia
NCT01838512,Prospective Research Assessment in Multiple Myeloma: An Observational Evaluation (PREAMBLE),"Active, Not Recruiting",Unknown,2012-06-13,2555,Bristol-Myers Squibb,INDUSTRY,Multiple Myeloma,France; Canada; United States; Germany; United Kingdom; Italy,2012.0,France
NCT03608501,"A Study of Ixazomib, Thalidomide and Dexamethasone in Newly Diagnosed and Treatment-naive Multiple Myeloma (MM) Participants Non-eligible for Autologous Stem-cell Transplantation",Withdrawn,Phase 2,2019-09-30,0,Takeda,INDUSTRY,Multiple Myeloma,Brazil,2019.0,Brazil
NCT02799901,Nivolumab Plus Radiotherapy in Advanced Melanoma,Completed,Phase 2,2017-03-03,72,Centre Hospitalier Universitaire de Nice,OTHER,Melanoma,France,2017.0,France
NCT04978012,Fluzoparib and Camrelizumab in Treating Patients With R/M NPC That Progressed After First-line Chemotherapy,UNKNOWN,Phase 2,2021-07-25,48,Fudan University,OTHER,Nasopharyngeal Carcinoma; Nasopharyngeal Cancer,China,2021.0,China
NCT01517581,Brown Fat Activity and White Fat Accumulation,Completed,Unknown,,32,Children's Hospital Los Angeles,OTHER,Hodgkins Lymphoma; Non-hodgkins Lymphoma,United States,,United States
NCT02689219,Brentuximab Vedotin in Relapsed/Refractory Germ Cell Tumors,Terminated,Phase 2,2016-03-09,18,Nabil Adra,OTHER,Germ Cell Tumors; Testis Cancer; Testicular Cancer,United States,2016.0,United States
NCT04726319,Family History App in Personalized Medicine,"Active, Not Recruiting",Unknown,2021-09-20,627,University of Toronto,OTHER,"Cancer, Breast; Cancer, Ovarian; Cancer, Colorectal",Canada,2021.0,Canada
NCT00856830,Bendamustine With Irinotecan Followed by Etoposide/Carboplatin for Patients With Extensive Stage Small Cell Lung Cancer,Completed,Phase 1,,30,University of Alabama at Birmingham,OTHER,Small Cell Lung Cancer; Extensive Stage Lung Cancer; Chemonaive,United States,,United States
NCT00104819,Vaccine Therapy and GM-CSF in Treating Patients With Progressive Non-Hodgkin's Lymphoma,Terminated,Phase 2,,238,Favrille,INDUSTRY,Lymphoma,United States,,United States
NCT01546519,A Study of Vismodegib in Patients With Advanced Solid Malignancies Including Hepatocellular Carcinoma With Varying Degrees of Renal or Hepatic Function,Completed,Phase 1,,31,"Genentech, Inc.",INDUSTRY,Cancer,United States,,United States
NCT01371630,Inotuzumab Ozogamicin and Combination Chemotherapy in Treating Patients With Acute Lymphoblastic Leukemia,Recruiting,Phase 1,2011-08-26,276,M.D. Anderson Cancer Center,OTHER,"B Acute Lymphoblastic Leukemia With t(9;22)(q34.1;q11.2); BCR-ABL1; B Acute Lymphoblastic Leukemia, Philadelphia Chromosome Negative; Burkitt-Like Lymphoma With 11q Aberration",United States,2011.0,United States
NCT00100854,Erlotinib With or Without Fulvestrant in Treating Patients With Stage IIIB or Stage IV Non-Small Cell Lung Cancer,Completed,Phase 2,2004-10-28,108,Translational Oncology Research International,OTHER,Lung Cancer,United States,2004.0,United States
NCT06440954,Efficacy and Resistance Mechanisms of IP in NSCLC With Leptomeningeal Metastases,Recruiting,Phase 2,2024-05-01,220,Hunan Province Tumor Hospital,OTHER,Non-Small Cell Lung Cancer,China,2024.0,China
NCT01886105,Combination of External Beam Radiotherapy With 153Sm-EDTMP to Treat High Risk Osteosarcoma,Terminated,Phase 2,2013-08-19,4,Sidney Kimmel Comprehensive Cancer Center at Johns Hopkins,OTHER,Metastatic Osteosarcoma,United States,2013.0,United States
NCT06748456,A Cluster Package Intervention to Promote an Evidence-based Use of PSA-tests in General Practice,Recruiting,Unknown,2024-09-09,50,University of Copenhagen,OTHER,Prostate Cancer; Evidence Based Medicine; Prostate Specific Antigen,Denmark,2024.0,Denmark
NCT07363356,Drug Sensitivity Testing-Based Tumor Organoids to Guide Adjuvant Therapy After Hepatectomy for Primary Liver Cancer,Not Yet Recruiting,Phase 2,2026-01-30,56,Eastern Hepatobiliary Surgery Hospital,OTHER,Hepatocellular Carcinoma Resectable,China,,China
NCT05413356,Ruxolitinib for Newly Diagnosed Bronchiolitis Obliterans Syndrome,UNKNOWN,Phase 2,2022-06-01,50,First Affiliated Hospital of Zhejiang University,OTHER,Bronchiolitis Obliterans Syndrome; Hematologic Malignancy,China,2022.0,China
NCT04729322,Fecal Microbiota Transplant and Re-introduction of Anti-PD-1 Therapy (Pembrolizumab or Nivolumab) for the Treatment of Metastatic Colorectal Cancer in Anti-PD-1 Non-responders,"Active, Not Recruiting",Phase 2,2021-02-22,15,M.D. Anderson Cancer Center,OTHER,Metastatic Colorectal Adenocarcinoma; Metastatic Small Intestinal Adenocarcinoma; Stage IV Colorectal Cancer AJCC v8,United States,2021.0,United States
NCT02964351,microRNA Profiles Identification in Adeno Carcinoma Prostate Cancer,UNKNOWN,Unknown,,120,Assuta Medical Center,OTHER,Prostate Carcinosarcoma,Unknown,,Unknown
NCT03603951,A Phase 1 Study of SHR2554 in Subjects With Relapsed or Refractory Mature Lymphoid Neoplasms,"Active, Not Recruiting",Phase 1,2018-08-14,272,"Jiangsu HengRui Medicine Co., Ltd.",INDUSTRY,Relapsed or Refractory Mature Lymphoid Neoplasms,China,2018.0,China
NCT03705351,Tumor Treating Fields With Chemoradiation in Newly Diagnosed GBM,Terminated,Phase 1,2019-12-02,7,Providence Health & Services,OTHER,Glioblastoma; Cancer of Brain; Glioblastoma Multiforme,United States,2019.0,United States
NCT05707702,Lactobacillus Lozenges as Preventative Care in Low-grade Dysplasia,Withdrawn,Phase 3,2024-04-29,0,Boston Medical Center,OTHER,Low-grade Oral Dysplasia,United States,2024.0,United States
NCT03873402,A Study of Nivolumab Combined With Ipilimumab Versus Nivolumab Alone in Participants With Advanced Kidney Cancer,"Active, Not Recruiting",Phase 3,2019-06-21,437,Bristol-Myers Squibb,INDUSTRY,Renal Cell Carcinoma,France; Chile; Russia; Argentina; United States; Poland; Czechia; Romania; Greece; Portugal; Mexico; Austria; Italy; Spain,2019.0,France
NCT06165302,Exercise in Prostate Cancer,Recruiting,Unknown,2025-10-16,20,Sidney Kimmel Comprehensive Cancer Center at Johns Hopkins,OTHER,Prostate Cancer Metastatic; Prostate Cancer,United States,2025.0,United States
NCT03217253,Tazemetostat in Treating Patients With Metastatic or Unresectable Solid Tumors or B-Cell Lymphomas With Liver Dysfunction,Withdrawn,Phase 1,2018-03-16,0,National Cancer Institute (NCI),NIH,Ann Arbor Stage III B-Cell Non-Hodgkin Lymphoma; Ann Arbor Stage IV B-Cell Non-Hodgkin Lymphoma; Metastatic Malignant Solid Neoplasm,United States,2018.0,United States
NCT03604237,Targeted Forceps Biopsy for Colorectal Tumors,UNKNOWN,Unknown,2017-09-01,64,Kyungpook National University Hospital,OTHER,Colorectal Neoplasms,South Korea,2017.0,South Korea
NCT04692337,Ommaya Reservoir Placement for Brain Tumor Biomarker Access,Recruiting,Unknown,2021-01-15,100,Mayo Clinic,OTHER,Brain Tumor,United States,2021.0,United States
NCT07101445,"Evaluating Premedication Regimens (Methylprednisolone vs Dexamethasone-based) for the Prevention of Systemic and Injection Site Reactions to Motixafortide in Patients With Multiple Myeloma Undergoing Stem Cell Mobilization, PARADE Trial",Recruiting,Phase 4,2025-09-24,94,Emory University,OTHER,Multiple Myeloma,United States,2025.0,United States
NCT05186545,An Exploratory Study of Surufatinib Combined With Chidamide and Fulvestrant in HR Positive Unresectable Metastatic Breast Cancer,UNKNOWN,Phase 2,2022-07-01,63,The First Affiliated Hospital of Zhengzhou University,OTHER,Breast Cancer; Breast Cancer Female,China,2022.0,China
NCT02395172,Avelumab in Non-Small Cell Lung Cancer (JAVELIN Lung 200),Completed,Phase 3,2015-03-24,792,"EMD Serono Research & Development Institute, Inc.",INDUSTRY,"Carcinoma, Non-Small-Cell Lung",Denmark; South Africa; Belgium; Italy; Spain; Chile; Turkey (Türkiye); United Kingdom; Romania; South Korea; Australia; Mexico; Russia; Japan; Bulgaria; Argentina; Peru; Switzerland; Hungary; Israel; Colombia; France; Croatia; Brazil; United States; Slovakia; Poland; Czechia; Taiwan,2015.0,Denmark
NCT04030195,Dose-escalation Study of Safety of PBCAR20A in Subjects With r/r NHL or r/r CLL/SLL,Completed,Phase 1,2020-03-24,18,"Precision BioSciences, Inc.",INDUSTRY,"Non-Hodgkin's Lymphoma, Relapsed; Chronic Lymphoid Leukemia in Relapse; Non-Hodgkin's Lymphoma Refractory",United States,2020.0,United States
NCT02104895,Accelerated Partial Breast Irradiation Using Intensity Modulated Radiotherapy Versus Whole Breast Irradiation,Completed,Phase 3,,520,Azienda Ospedaliero-Universitaria Careggi,OTHER,Breast Cancer,Unknown,,Unknown
NCT00045539,Methotrexate and Thiotepa in Treating Patients With Newly Diagnosed Primary CNS Lymphoma,Completed,Phase 2,,61,New Approaches to Brain Tumor Therapy Consortium,OTHER,Lymphoma,United States,,United States
NCT00730639,A Phase 1 Study of Nivolumab (BMS-936558) in Subjects With Advanced or Recurrent Malignancies,Completed,Phase 1,2008-10-30,395,Bristol-Myers Squibb,INDUSTRY,Metastatic Castration-resistant Prostrate Cancer; Renal Cell Carcinoma; Metastatic Melanoma,United States,2008.0,United States
NCT04053439,Clonal Hematopoiesis is a Risk Factor for Chemotherapy-Related Complications,Recruiting,Unknown,2019-08-08,188,Sunnybrook Health Sciences Centre,OTHER,Lymphoma; Chemotherapeutic Toxicity,Canada,2019.0,Canada
NCT00070239,Alvocidib in Treating Patients With Metastatic or Unresectable Refractory Solid Tumors or Hematologic Malignancies,Terminated,Phase 1,,100,National Cancer Institute (NCI),NIH,"Hematopoietic/Lymphoid Cancer; Unspecified Adult Solid Tumor, Protocol Specific",United States,,United States
NCT06869239,Prediction of Response to PD-L1 Inhibitor After Chemoradiotherapy in Limited-Stage Small-Cell Lung Cancer Using Multi-omics-based Liquid Biopsy,Recruiting,Unknown,2025-02-25,65,Peking University Cancer Hospital & Institute,OTHER,Limited-stage Small Cell Lung Cancer (LS-SCLC),China,2025.0,China
NCT00510939,"Study to Assess the Safety, Tolerability, and Efficacy of Tipifarnib Plus Bortezomib in the Treatment of Acute Myeloid Leukemia",UNKNOWN,Phase 2,,72,University of Bologna,OTHER,Acute Myeloid Leukemia,Italy,,Italy
NCT06730139,Oral Health Related Quality of Life in Head and Neck Cancer Survivors Within the First Year Following Treatment,Completed,Unknown,2023-12-20,120,Ain Shams University,OTHER,Head and Neck Cancer,Egypt,2023.0,Egypt
NCT07450872,Symptom Cluster Heterogeneity and Gut Microbiota Mechanisms in Childhood Cancer Survivors,Recruiting,Unknown,2026-01-01,600,The Children's Hospital of Zhejiang University School of Medicine,OTHER,Cancer; Glioma; Leukemia (Both ALL and AML),China,,China
NCT00608972,"Phase II Trial of Doxil, Carboplatin, Bevacizumab in Triple Negative Untreated Metastatic Breast Cancer",Completed,Phase 2,2008-05-16,31,"Rutgers, The State University of New Jersey",OTHER,Metastatic Breast Cancer,United States,2008.0,United States
NCT05301595,TAP vs QL for Postoperative Analgesia After DIEP Free Flap Breast Reconstruction,Withdrawn,Unknown,,0,Ottawa Hospital Research Institute,OTHER,Breast Cancer,Canada,,Canada
NCT00156039,Randomized Trial of Follow-up Strategies in Breast Cancer,Completed,Phase 4,,968,Ontario Clinical Oncology Group (OCOG),OTHER,Breast Cancer,Canada,,Canada
NCT04633239,Testing the Addition of Abemaciclib to Olaparib for Women With Recurrent Ovarian Cancer,Recruiting,Phase 1,2021-07-02,42,National Cancer Institute (NCI),NIH,Recurrent Ovarian High Grade Serous Adenocarcinoma; Recurrent Platinum-Resistant Ovarian Carcinoma,United States,2021.0,United States
NCT03680677,Frailty Phenotype Assessments to Optimize Treatment Strategies for Older Patients With Hematologic Malignancies,Recruiting,Unknown,2018-09-21,20,Abramson Cancer Center at Penn Medicine,OTHER,"Leukemia, Acute; MDS",United States,2018.0,United States
NCT00084877,Irinotecan and 3-AP in Treating Patients With Metastatic or Unresectable Solid Tumors,Completed,Phase 1,,36,National Cancer Institute (NCI),NIH,"Unspecified Adult Solid Tumor, Protocol Specific",United States,,United States
NCT03199677,A Clinical Study of Apatinib in Patients With Local Progressive/Metastatic Refractory Thyroid Cancer,UNKNOWN,Phase 2,2017-07-01,40,Chinese Academy of Medical Sciences,OTHER,Refractory Cancer,China,2017.0,China
NCT03172377,Lengthening Adalimumab Dosing Interval in Quiescent Crohn's Disease Patients,UNKNOWN,Phase 4,2017-05-03,174,Radboud University Medical Center,OTHER,Crohn Disease in Remission; Crohn Disease,Netherlands,2017.0,Netherlands
NCT04273477,Radiomics-based Artificial Intelligence System to Predict Neoadjuvant Treatment Response in Rectal Cancer,UNKNOWN,Unknown,2020-01-10,100,"Sixth Affiliated Hospital, Sun Yat-sen University",OTHER,Rectal Cancer,China,2020.0,China
NCT04629677,Evaluation of Portal Vein Stenting in Patients With Portal Vein Stenosis and Gastrointestinal Cancers,Recruiting,Unknown,2019-04-02,150,M.D. Anderson Cancer Center,OTHER,Malignant Digestive System Neoplasm,United States,2019.0,United States
NCT04794777,"Comparing ""Salvage"" Radiotherapy and Individualized PSMA PET/CT Targeted Treatment in With Relapsing Prostate Cancer",Recruiting,Phase 3,2018-10-30,450,Stefan Carlsson,OTHER,Prostate Cancer,Sweden,2018.0,Sweden
NCT01946477,Pomalidomide in Combination With Low-dose Dexamethasone or Pomalidomide in Combination With Low-dose Dexamethasone and Daratumumab in Subjects With Relapsed or Refractory Multiple Myeloma Following Lenalidomide-based Therapy in the First or Second Line Setting,Completed,Phase 2,2014-05-29,186,Celgene,INDUSTRY,Multiple Myeloma,United States; Japan; Canada; Puerto Rico,2014.0,United States
NCT02758977,Associating Liver Partition With Portal Vein Ligation for Staged Hepatectomy (ALPPS) vs. Two-Stage Hepatectomy (TSH) for Marginally Resectable Colorectal Liver Metastases (CRLM),UNKNOWN,Unknown,,214,University of Zurich,OTHER,Colon Cancer Liver Metastases; Liver Neoplasms; Liver Diseases,Switzerland,,Switzerland
NCT05749575,"Chidamide Plus PD-1 Plus Paclitaxel of Neoadjuvant Treatment in Low HR Expression,HER2-negative Early Breast Cancer.",UNKNOWN,Phase 2,,28,Sun Yat-sen University,OTHER,Breast Cancer,China,,China
NCT07506057,Trastuzumab in Combination With Serplulimab and Chemotherapy for the Treatment of HER2-overexpressing Unresectable Locally Advanced or Metastatic Biliary Tract Cancer or Urothelial Carcinoma After Failure of Standard Therapy,Recruiting,Phase 2,2025-07-15,20,Xiujuan Qu,OTHER,Urothelial Carcinoma; Biliary Tract Cancer; HER2,China,2025.0,China
NCT06713057,Efficacy of Organoid-Based Chemotherapy Drug Precision Screening to Guide Treatment for Thyroid Cancer,Not Yet Recruiting,Phase 2,2024-12-01,20,West China Hospital,OTHER,Locally Advanced Thyroid Gland Carcinoma; Thyroid Cancer,China,2024.0,China
NCT00718601,Safety and Dose Study of GRN163L and Velcade to Treat Patients With Refractory or Relapsed Myeloma,Completed,Phase 1,,40,Geron Corporation,INDUSTRY,Multiple Myeloma,United States,,United States
NCT06901401,Oral Health-Related Quality of Life Using EORTC QLQ-H&N35 in Head and Neck Cancer Survivors Within the First Year Following Treatment: a Cross-Sectional Study in Egypt,"Active, Not Recruiting",Unknown,2024-10-15,112,Ain Shams University,OTHER,Head and Neck Cncer,Egypt,2024.0,Egypt
NCT00708812,Paclitaxel Plus Carboplatin With or Without Endostar in Patients With Advanced Non-small Cell Lung Cancer,Completed,Phase 2,,126,"Shandong Simcere-Medgenn Bio-pharmaceutical Co., Ltd",INDUSTRY,Advanced Non-small Cell Lung Cancer,China,,China
NCT00949312,Studying Lymph Nodes in Patients With Stage II Colon Cancer,UNKNOWN,Unknown,,26,Saint John's Cancer Institute,OTHER,Colorectal Cancer,United States,,United States
NCT04530981,A Drug-Drug Interaction Study to Evaluate the Effect of Ripretinib on the Pharmacokinetics of a CYP2C8 Probe Substrate in Patients with Advanced GIST,Completed,Phase 1,2021-09-22,13,"Deciphera Pharmaceuticals, LLC",INDUSTRY,GIST - Gastrointestinal Stromal Tumor,United States,2021.0,United States
NCT04098081,1911GCCC: Galeterone With Gemcitabine for Patients With Metastatic Pancreatic Adenocarcinoma,"Active, Not Recruiting",Phase 2,2019-12-12,15,"University of Maryland, Baltimore",OTHER,Advanced Pancreatic Cancer,United States,2019.0,United States
NCT05275881,"Impact of Virtual Reality in Hematology and Oncology During Invasive Procedures in Children, Adolescents and Young Adults, from 7 to Less Than 25 Years Old",Recruiting,Unknown,2022-10-13,60,Poitiers University Hospital,OTHER,Virtual Reality; Pediatrics; Cancer,France,2022.0,France
NCT04966819,Rectal Cancer Shared Care,UNKNOWN,Unknown,2022-03-01,80,Jewish General Hospital,OTHER,Rectal Cancer; Low Anterior Resection Syndrome,Canada,2022.0,Canada
NCT01192919,Tumour Registry Lung Cancer (TLK),Completed,Unknown,,2500,iOMEDICO AG,INDUSTRY,Lung Cancer,Unknown,,Unknown
NCT01945619,"Allogeneic Virus-Specific Cytotoxic T-Lymphocytes(CTL), Persistent/Recurrent Viral Infection Post-HSCT (EAP CHALLAH)",NO_LONGER_AVAILABLE,Unknown,,61,Baylor College of Medicine,OTHER,EBV Infection; CMV Infection; Adenoviral Infection,United States,,United States
NCT07300319,The Effects of Chiropractic on Cancer-related Fatigue,SUSPENDED,Unknown,2027-02-01,40,Life University,OTHER,Cancer; Fatigue,United States,,United States
NCT01584830,Asian Subjects With Metastatic Colorectal Cancer Treated With Regorafenib or Placebo After Failure of Standard Therapy,Completed,Phase 3,,204,Bayer,INDUSTRY,Colorectal Neoplasms,Vietnam; China; Taiwan; South Korea; Hong Kong,,Vietnam
NCT04266730,Trial of a Personalized and Adaptive Neoantigen Dose-Adjusted Vaccine Concurrently With Pembrolizumab,SUSPENDED,Phase 1,2027-05-20,6,UNC Lineberger Comprehensive Cancer Center,OTHER,Squamous Cell Lung Cancer; Squamous Non-small Cell Lung Cancer; Squamous Cell Carcinoma of Head and Neck,United States,,United States
NCT05155254,IO102-IO103 in Combination With Pembrolizumab Versus Pembrolizumab Alone in Advanced Melanoma (IOB-013 / KN-D18),"Active, Not Recruiting",Phase 3,2022-05-17,407,IO Biotech,INDUSTRY,Metastatic Melanoma; Unresectable Melanoma,France; Denmark; Netherlands; United States; Poland; Turkey (Türkiye); Germany; Czechia; South Africa; United Kingdom; Spain; Belgium; Australia; Italy; Hungary; Israel,2022.0,France
NCT06440005,"A Study to Evaluate Safety, Tolerability and Preliminary Activity of AGX101 in Participants With Advanced Solid Tumors",Recruiting,Phase 1,2024-07-22,80,"Angiex, Inc.",INDUSTRY,Cancer; Advanced Cancer; Locally Advanced Carcinoma,United States,2024.0,United States
NCT00207805,The Optimal Timing of a Second Autologous Peripheral Blood Stem Cell Transplantation in Patients (<61 Years) With Multiple Myeloma,Completed,Phase 3,,202,Centre National de Greffe de Moelle Osseuse,OTHER_GOV,Multiple Myeloma,Tunisia,,Tunisia
NCT03485105,Prediction of Benefit From Adjuvant Chemotherapy for pT1N1 Gastric Cancer,UNKNOWN,Unknown,2017-11-01,1000,Yonsei University,OTHER,Gastric Cancer,South Korea,2017.0,South Korea
NCT04501094,A Phase II Study of Bintrafusp Alfa (M7824) in Checkpoint Inhibitor Naive and Refractory Subjects With Urothelial Carcinoma,Terminated,Phase 2,2020-10-26,2,National Cancer Institute (NCI),NIH,Urothelial Cancer,United States,2020.0,United States
NCT06007794,Correlation Between Ultrasound-assessed Quadriceps Muscle Mass and Baseline Whole-body Densitometry Muscle Index in the Post-cancer Population (JUMP Research II),Recruiting,Unknown,2025-02-10,55,Hospices Civils de Lyon,OTHER,Cancer; Post-cancer; Hematology,France,2025.0,France
NCT01164566,Esophagoscopy in Evaluating Treatment in Patients With Stage I-IV Head and Neck Cancer Who Are Undergoing Radiation Therapy and/or Chemotherapy,Terminated,Unknown,,6,Wake Forest University Health Sciences,OTHER,Stage I Adenoid Cystic Carcinoma of the Oral Cavity; Stage I Mucoepidermoid Carcinoma of the Oral Cavity; Stage I Squamous Cell Carcinoma of the Hypopharynx,United States,,United States
NCT01915056,A Geriatric Assessment Intervention for Older Cancer Patients Receiving Chemotherapy,Completed,Unknown,,80,University of Rochester,OTHER,Cancer,United States,,United States
NCT03806556,A Pediatric Trial Using Tranexamic Acid in Thrombocytopenia,Terminated,Phase 1,2019-04-22,11,Meghan McCormick,OTHER,Pediatric Cancer; Thrombocytopenia; Hemostatic Disorder,United States,2019.0,United States
NCT03915951,An Open-label Study of Encorafenib + Binimetinib in Patients With BRAFV600-mutant Non-small Cell Lung Cancer,Completed,Phase 2,2019-06-04,98,Pfizer,INDUSTRY,Non-small Cell Lung Cancer,Italy; United States; South Korea; Netherlands; Spain,2019.0,Italy
NCT05406531,The Effectiveness of Psychological Interventions in Psycho-neuroendocrine-immune Network in Breast Cancer Survivors,UNKNOWN,Unknown,2022-06-06,440,Masaryk University,OTHER,Breast Cancer Female; Breast Cancer Stage I; Breast Cancer Stage II,Czechia,2022.0,Czechia
NCT01728402,Pathogenesis of Hematologic Malignancies,ENROLLING_BY_INVITATION,Unknown,,5000,OHSU Knight Cancer Institute,OTHER,Acute Leukemia; Lymphoproliferative Disorders; Myeloproliferative Disorders,United States,,United States
NCT00087802,Gemcitabine/Oxaliplatin (GEMOX) vs Carboplatin/Paclitaxel (CP) in Non-Small Cell Lung Cancer (NSCLC),Completed,Phase 3,,383,Sanofi,INDUSTRY,"Carcinoma, Non-Small-Cell Lung",United States,,United States
NCT03605602,A Real World Study Based on NGS (TRUMPRWS),UNKNOWN,Unknown,2018-08-01,2700,Guangdong Association of Clinical Trials,OTHER,"Non-Small Cell Carcinoma of Lung, TNM Stage 4",China,2018.0,China
NCT02387645,LUDEC Study - Pilot Study of the Lavage of the Uterine Cavity for the Diagnosis of Endometrial Carcinoma,Completed,Unknown,,80,Medical University of Vienna,OTHER,Cancer of Endometrium; Carcinoma of Endometrium; Endometrial Neoplasms,Austria,,Austria
NCT04511845,A Dose-Escalation Study of SPYK04 in Patients With Locally Advanced or Metastatic Solid Tumors (With Expansion).,"Active, Not Recruiting",Phase 1,2020-09-10,113,Chugai Pharmaceutical,INDUSTRY,Locally Advanced or Metastatic Solid Tumors,United States; Japan,2020.0,United States
NCT04610645,Optical Coherence Tomography in Patients With Radiotherapy for Head and Neck Cancer,Completed,Unknown,2020-06-08,30,Krankenhaus Barmherzige Schwestern Linz,OTHER,Head and Neck Cancer; Radiotherapy,Austria,2020.0,Austria
NCT04195945,CPX-351 or CLAG-M Regimen for the Treatment of Acute Myeloid Leukemia or Other High-Grade Myeloid Neoplasms in Medically Less-Fit Patients,"Active, Not Recruiting",Phase 2,2020-03-11,60,Fred Hutchinson Cancer Center,OTHER,Acute Myeloid Leukemia; Myeloid Neoplasm,United States,2020.0,United States
NCT04042831,Olaparib in Treating Patients With Metastatic Biliary Tract Cancer With Aberrant DNA Repair Gene Mutations,UNKNOWN,Phase 2,2020-06-24,36,Academic and Community Cancer Research United,OTHER,Bile Duct Adenocarcinoma; Fanconi Anemia Complementation Group Gene Mutation; Metastatic Bile Duct Carcinoma,United States,2020.0,United States
NCT01458353,Microbiological Spectrum of the Intraperitoneal Surface After Elective Right-sided Colon Cancer,UNKNOWN,Phase 3,,80,Hospital General Universitario Elche,OTHER,Peritoneal Contamination After Ileocolonic Anastomosis; Wound Infection; Intra-abdominal Abscess,Spain,,Spain
NCT06035653,A Human Versus Machine Comparison Study,UNKNOWN,Unknown,2023-04-03,40,East and North Hertfordshire NHS Trust,OTHER_GOV,Head and Neck Cancer,United Kingdom,2023.0,United Kingdom
NCT04584853,PreOperative Endocrine Therapy for Individualised Care With Abemaciclib,"Active, Not Recruiting",Phase 3,2020-12-23,123,"Institute of Cancer Research, United Kingdom",OTHER,Breast Cancer Female,United Kingdom,2020.0,United Kingdom
NCT00873353,Trial to Evaluate the Efficacy and Safety of Tarceva and Capecitabine in Advanced Pancreatic Cancer Patients,Completed,Phase 2,,32,Grupo Gallego de Investigaciones Oncologicas,OTHER,Metastatic Adenocarcinoma of the Pancreas,Spain,,Spain
NCT01166737,Study Comparing Tumor Debulking Surgery Versus Chemotherapy Alone in Recurrent Platinum-Sensitive Ovarian Cancer,Completed,Unknown,,408,AGO Study Group,OTHER,Fallopian Tube Cancer; Ovarian Cancer; Peritoneal Cavity Cancer,France; Denmark; Norway; Germany; United Kingdom; China; Belgium; South Korea; Sweden; Austria; Italy; Spain,,France
NCT04008537,"Daily Imaging, Target Identification, and Simulated Computed Tomography-Based Stereotactic Adaptive Radiotherapy Workflow in a Novel Ring Gantry Radiotherapy Device",Completed,Unknown,2019-09-04,37,Washington University School of Medicine,OTHER,Cancer of Pancreas; Cancer of Pelvis; Cancer of Abdomen,United States,2019.0,United States
NCT04639245,"Genetically Engineered Cells (MAGE-A1-specific T Cell Receptor-transduced Autologous T-cells) and Atezolizumab for the Treatment of Metastatic Triple Negative Breast Cancer, Urothelial Cancer, or Non-small Cell Lung Cancer",Terminated,Phase 1,2021-07-19,1,Fred Hutchinson Cancer Center,OTHER,Anatomic Stage IV Breast Cancer AJCC v8; Metastatic Lung Non-Small Cell Carcinoma; Metastatic Malignant Solid Neoplasm,United States,2021.0,United States
NCT06729645,External Beam Radiotherapy Combined With Endorectal High-dose-rate Brachytherapy in Elderly and Frail Patients With Rectal Cancer,Not Yet Recruiting,Unknown,2026-09-30,80,University Hospital of Cologne,OTHER,Rectal Cancer,Germany,,Germany
NCT05103345,Study of SGN1 Administered Via Intratumoral Injection in Patients With Advanced Solid Tumor,Recruiting,Phase 1,2023-04-19,70,"Guangzhou Sinogen Pharmaceutical Co., Ltd",OTHER,Advanced Solid Tumor,China; Taiwan,2023.0,China
NCT01452672,Resource-sparing Post-mastectomy Radiotherapy in Breast Cancer,UNKNOWN,Phase 3,,600,International Atomic Energy Agency,OTHER_GOV,Breast Cancer,Egypt; Pakistan; Ghana; Peru; Turkey (Türkiye); Cuba; Morocco; Nigeria,,Egypt
NCT01842672,Mitoxantrone and Clofarabine for Treatment of Recurrent NHL or Acute Leukemia,Completed,Phase 1,,41,New York Medical College,OTHER,Acute Lymphoblastic Leukemia; Acute Myelogenous Leukemia; Lymphoblastic Lymphoma,United States,,United States
NCT01903395,Risk-adapted Screening in First-degree Relatives of Patients With Colorectal Cancer,Completed,Unknown,,313,Martin-Luther-Universität Halle-Wittenberg,OTHER,Colorectal Neoplasms,Germany,,Germany
NCT04836195,Study of PCLX-001 in R/R Advanced Solid Malignancies and B-cell Lymphoma,Completed,Phase 1,2021-09-14,29,Pacylex Pharmaceuticals,INDUSTRY,B-cell Non Hodgkin Lymphoma; Advanced Solid Tumor,Canada,2021.0,Canada
NCT00417495,Sentinel Lymph Node Technique in Multifocal Breast Cancer,Completed,Phase 2,,216,Centre Oscar Lambret,OTHER,Breast Cancer,France,,France
NCT00678977,"A Phase I, Open-label, Study of Pazopanib in Combination With Gemcitabine and Gemcitabine Plus Cisplatin for Advanced Solid Tumors",Completed,Phase 1,2008-04-03,22,GlaxoSmithKline,INDUSTRY,"Lung Cancer, Non-Small Cell",United Kingdom; Germany,2008.0,United Kingdom
NCT05468177,Cetuximab in Combination With Anti-PD-1 and mFOLFOX Treat For RAS/BRAF wt Right-Sided Colon Cancer,UNKNOWN,Phase 2,2022-08-01,66,Tongji Hospital,OTHER,Colonic Neoplasms,China,2022.0,China
NCT04953377,PFMT Educational Intervention for Patients With Advancer Breast Cancer,UNKNOWN,Unknown,2021-09-02,42,Onkologikoa,OTHER,Advanced Breast Cancer,Spain,2021.0,Spain
NCT04771975,Connecting Breast Cancer Survivors for Exercise,Completed,Unknown,2021-05-10,108,Jenna Smith,OTHER,Breast Cancer; Breast Neoplasms,Canada,2021.0,Canada
NCT03383575,Azacitidine and Enasidenib in Treating Patients With IDH2-Mutant Myelodysplastic Syndrome,Recruiting,Phase 2,2018-01-17,63,M.D. Anderson Cancer Center,OTHER,Acute Myeloid Leukemia; Blasts 20-30 Percent of Bone Marrow Nucleated Cells; Chronic Myelomonocytic Leukemia,United States,2018.0,United States
NCT03582475,Pembrolizumab With Combination Chemotherapy in Treating Participants With Locally Advanced or Metastatic Small Cell/Neuroendocrine Cancers of Urothelium or Prostate,"Active, Not Recruiting",Phase 1,2019-01-11,15,Jonsson Comprehensive Cancer Center,OTHER,Bladder Small Cell Neuroendocrine Carcinoma; Castration-Resistant Prostate Carcinoma; Metastatic Bladder Urothelial Carcinoma,United States,2019.0,United States
NCT06883201,Application of Patient Blood Management in the Oncology Patient Affected by Breast Cancer,Recruiting,Unknown,2023-01-31,78,Regina Elena Cancer Institute,OTHER,Breast Cancer,Italy,2023.0,Italy
NCT02849912,Signal Detection in Monoclonal and New Agents in Lymphoma,Completed,Unknown,,1671,Centre Hospitalier Universitaire de Nice,OTHER,Lymphoma,France,,France
NCT04448301,PC001- A Study to Evaluate the Usability of PointCheck,Completed,Unknown,2021-02-09,81,"Leuko Labs, Inc.",INDUSTRY,Neoplasms; Neutropenia,United States,2021.0,United States
NCT00536601,High-Dose Chemotherapy With or Without Total-Body Irradiation Followed by Autologous Stem Cell Transplant in Treating Patients With Hematologic Cancer or Solid Tumors,Completed,Unknown,2006-06-29,174,Roswell Park Cancer Institute,OTHER,Adult Acute Lymphoblastic Leukemia in Remission; Adult Acute Myeloid Leukemia in Remission; Adult Acute Myeloid Leukemia With 11q23 (MLL) Abnormalities,United States,2006.0,United States
NCT07415681,GCCC 2578 Randomized Photon vs Proton RT for Newly Diagnosed Gynecologic Primaries,Not Yet Recruiting,Phase 2,,116,"University of Maryland, Baltimore",OTHER,Gynaecologic Cancer; Cervical Cancer; Radiation Therapy,United States,,United States
NCT06504719,Safety and Efficacy Real-world Data of Trastuzumab Deruxtecan and Sacituzumab Govitecan,Completed,Unknown,2023-01-01,312,Hellenic Cooperative Oncology Group,OTHER,Breast Cancer; Metastatic Cancer,Greece,2023.0,Greece
NCT06405230,"Evaluation of Programmed Death Ligand 1 (PDL1) Response to Treatment in Extracellular Vesicles (EVs), Patient-derived Organoid (PDOs)s and Immune-marker Positron Emission Tomography (PET) Scanning in Non-small Cell Lung Cancer (NSCLC)",Recruiting,Phase 1,2025-12-30,40,GlaxoSmithKline,INDUSTRY,"Lung Cancer, Non-Small Cell",United Kingdom,2025.0,United Kingdom
NCT06871930,Characteristic and Survival Outcomes in Hepatocellular Carcinoma Patients: on Top of Viral Hepatitis Versus Combined Viral and Metabolic-Associated Steatotic Liver Disease,Not Yet Recruiting,Unknown,2025-04-01,150,Assiut University,OTHER,Hepatocellular Carcinoma (HCC),Unknown,2025.0,Unknown
NCT04715828,Impact of Ionizing Treatment on the Nuclear Structure of Human Spermatozoa.,UNKNOWN,Unknown,2018-01-01,200,"University Hospital, Clermont-Ferrand",OTHER,Sperm Preservation; Irradiated Semen,France,2018.0,France
NCT02053428,Comparison of Percutaneous Image-guided Gastrostomies,Completed,Unknown,,60,"University Health Network, Toronto",OTHER,Cancer of Head and Neck,Canada,,Canada
NCT02343965,"The Impact of the Practice of Touch-massage on the Anxiety of Patients With Hematological Disorders Hospitalized in a Protective Environment, a Randomized, Controlled Study",Completed,Unknown,,62,Nantes University Hospital,OTHER,Hematologic Diseases,Unknown,,Unknown
NCT02688673,DC Vaccine Combined With CIK Cells in Patients With SCLC,UNKNOWN,Phase 1,,30,Affiliated Hospital to Academy of Military Medical Sciences,OTHER,Small- Cell Lung Cancer,Unknown,,Unknown
NCT06632873,177Lu-TATE-RGD in Patients With SSTR2 and Integrin αVβ3 Positive Tumors,Recruiting,Phase 1 (Early),2024-09-01,10,Peking Union Medical College Hospital,OTHER,SSTR2 and Integrin αVβ3 Positive Tumors,China,2024.0,China
NCT03585673,Docetaxel-polymeric Micelles(PM) and Oxaliplatin for Esophageal Carcinoma,UNKNOWN,Phase 2,2018-06-01,38,Sung Yong Oh,OTHER,Esophagus Squamous Cell Carcinoma (SCC); Metastatic Cancer,South Korea,2018.0,South Korea
NCT03809169,Peripheral EBUS With ROSE vs no ROSE; Slim Bronchoscope Without Guide Sheath vs Standard Bronchoscope With Guide Sheath,Completed,Unknown,2019-11-01,186,University of Calgary,OTHER,Peripheral Pulmonary Lesions; Lung Cancer,Canada,2019.0,Canada
NCT06539169,FLOWER: Following Longitudinal Outcomes With Epidemiology for Rare Diseases,Recruiting,Unknown,2024-06-10,1000,xCures,INDUSTRY,Alpha-Thalassemia; Beta-Thalassemia; Amyloidosis,United States,2024.0,United States
NCT04373083,Anti-PD-1 Antibody Treatment With Cemiplimab and Radiotherapy in Early-stage Classical Hodgkin Lymphoma,Withdrawn,Phase 2,2020-11-15,0,Regeneron Pharmaceuticals,INDUSTRY,Hodgkin Lymphoma,Unknown,2020.0,Unknown
NCT00001683,"A Phase I Study of Oral COL-3 (NSC-683551), a Matrix Metalloproteinase Inhibitor, in Patients With Refractory Metastatic Cancer",Completed,Phase 1,,35,National Cancer Institute (NCI),NIH,Lymphoma; Melanoma; Neoplasm Metastasis,United States,,United States
NCT07483554,IBI343 in Combination Therapy for Advanced Malignant Solid Tumors,Not Yet Recruiting,Phase 2,2026-03-25,389,Innovent Biologics (Suzhou) Co. Ltd.,INDUSTRY,CLDN18.2 Positive; Gastric/Gastroesophageal Junction Adenocarcinoma; Pancreatic Ductal Adenocarcinoma,China,,China
NCT00284154,Vinflunine in the Treatment of Patients With Relapsed Extensive Small Cell Lung Cancer,Completed,Phase 2,,51,"SCRI Development Innovations, LLC",OTHER,"Carcinoma, Small Cell; Lung Cancer",United States,,United States
NCT04682405,Uproleselan (GMI-1271) for GI Toxicity Prophylaxis During Melphalan-Conditioned Autologous Hematopoietic Cell Transplantation (Auto-HCT) for Multiple Myeloma (MM),Completed,Phase 2,2021-05-05,51,Washington University School of Medicine,OTHER,Multiple Myeloma,United States,2021.0,United States
NCT02628405,R-ICE and Lenalidomide in Treating Patients With First-Relapse/Primary Refractory Diffuse Large B-Cell Lymphoma,"Active, Not Recruiting",Phase 1,2016-05-20,30,Academic and Community Cancer Research United,OTHER,Recurrent B-Cell Non-Hodgkin Lymphoma; Recurrent Diffuse Large B-Cell Lymphoma; Recurrent Primary Mediastinal (Thymic) Large B-Cell Lymphoma,United States,2016.0,United States
NCT03588494,Endostar in Combination With Chemoradiotherapy in Patient With Advanced Non-small Cell Lung Cancer,UNKNOWN,Phase 2,2018-08-01,318,Afﬁliated Hospital of North Sichuan Medical College,OTHER,Quality of Life,China,2018.0,China
NCT01401894,"Perception Prognosis, Goals of Treatment, and Communication",Completed,Unknown,,50,Massachusetts General Hospital,OTHER,Gastric Cancer; Esophageal Cancer; Pancreatic Cancer,United States,,United States
NCT01744366,One Month Degarelix/Comparator Treatment for Prostate Cancer in Chinese Population,Completed,Phase 3,,285,Ferring Pharmaceuticals,INDUSTRY,Prostate Cancer,China,,China
NCT03092856,Axitinib With or Without Anti-OX40 Antibody PF-04518600 in Treating Patients With Metastatic Kidney Cancer,"Active, Not Recruiting",Phase 2,2017-07-19,62,University of Southern California,OTHER,Clear Cell Renal Cell Carcinoma; Metastatic Renal Cell Cancer; Recurrent Renal Cell Carcinoma,United States,2017.0,United States
NCT06666556,"Bowel Preparation in Colonoscopy: Lactulose Vs Polyethyleneglycol, Randomized Double-blind Comparative Clinical Trial, Multicenter Study.",Recruiting,Phase 4,2024-07-20,300,Hospital Civil de Guadalajara,OTHER,Colorectal Cancer Screening,Mexico,2024.0,Mexico
NCT04516122,Bone Loss in Melanoma Survivors Receiving Immunotherapy,Terminated,Unknown,2021-05-10,12,M.D. Anderson Cancer Center,OTHER,Clinical Stage III Cutaneous Melanoma AJCC v8; Clinical Stage IV Cutaneous Melanoma AJCC v8; Pathologic Stage III Cutaneous Melanoma AJCC v8,United States,2021.0,United States
NCT00038051,Evaluation of the Anti-CD-33 Immunotoxin Hum-195/rGel in Patients With Advanced Myeloid Malignancies,Completed,Phase 1,,28,M.D. Anderson Cancer Center,OTHER,Acute Myeloid Leukemia; Chronic Myelomonocytic Leukemia; Myeloproliferative Disorders,United States,,United States
NCT03931551,"Olaparib+Trastuzumab in HER2[+],Breast Cancer Susceptibility Gene (BRCA) Mutated Advanced Breast Cancer",Terminated,Phase 2,2019-04-30,5,MedSIR,OTHER,Advanced Breast Cancer,Spain,2019.0,Spain
NCT07303751,Study Assessing Reduced HPV Infectivity and Transmission in HPV-Positive Women Following Vaccination With 9vHPV,Not Yet Recruiting,Phase 2,2026-02-01,80,Institut d'Investigació Biomèdica de Bellvitge,OTHER,HPV; High-risk HPV (Any Strain); Human Papillomavirus (HPV) Infections,Sierra Leone,,Sierra Leone
NCT05093751,Automated Segmentation and Volumetry for Meningioma Using Deep Learning,Completed,Unknown,2013-03-23,600,Seoul National University Hospital,OTHER,Meningioma; Artificial Intelligence,Unknown,2013.0,Unknown
NCT05540951,VIC Regimen Versus Bevacizumab Plus Chemotherapy as First-Line Treatment for BRAF V600E-Mutated Advanced Colorectal Cancer,UNKNOWN,Phase 3,2018-06-01,78,Fudan University,OTHER,Colorectal Cancer,China,2018.0,China
NCT07162051,"A Study on the Use of Fluzoparib Combined With Chemotherapy for Neoadjuvant Treatment of HRD-positive, HR+/HER2- Breast Cancer",Completed,Phase 2,2023-03-03,28,Xijing Hospital,OTHER,HR+/HER2- Early Breast Cancer,China,2023.0,China
NCT04513431,A Clinical Research of CAR T Cells Targeting CEA Positive Colorectal Cancer (CRC),UNKNOWN,Phase 1 (Early),2020-08-30,18,Ruijin Hospital,OTHER,Stage III Colorectal Cancer; Colorectal Cancer Liver Metastasis,Unknown,2020.0,Unknown
NCT00796731,SAR3419 Administered Weekly in Patients With Relapsed/Refractory CD19-positive B-cell Non-Hodgkin's Lymphoma,Completed,Phase 1,,77,Sanofi,INDUSTRY,Lymphoma; Non-Hodgkin,France,,France
NCT00923702,Trial of Two Versus Three Doses of Human Papillomavirus (HPV) Vaccine in India,"Active, Not Recruiting",Phase 4,,22729,Partha Basu,OTHER,Cervical Cancer; Cervical Precancerous Lesions,India,,India
NCT02992353,"Single-port, Two-port Versus Three-port VATS on Non-small Cell Lung Cancer",UNKNOWN,Unknown,,231,"Cancer Institute and Hospital, Chinese Academy of Medical Sciences",OTHER,Lung Neoplasm,China,,China
NCT03168737,18F-Fluoroazomycin Arabinoside PET-CT in Diagnosing Solid Tumors in Patients,"Active, Not Recruiting",Phase 1,2017-09-22,25,M.D. Anderson Cancer Center,OTHER,Malignant Breast Neoplasm; Malignant Colorectal Neoplasm; Malignant Pancreatic Neoplasm,United States,2017.0,United States
NCT05283837,"A Study to Evaluate Safety, Efficacy, Pharmacokinetics, and Immunogenicity of Test Pertuzumab (ZRC-3277, Cadila Healthcare Ltd.,)",Completed,Phase 3,2022-09-26,268,Zydus Lifesciences Limited,INDUSTRY,Metastatic Breast Cancer,India,2022.0,India
NCT00042445,"Brain Neoplasms, Leukemia and Petrochemical Exposures",Completed,Unknown,,1456,National Institute of Environmental Health Sciences (NIEHS),NIH,Leukemia; Brain Neoplasm,United States; Taiwan,,United States
NCT04106245,Effect of EHealth Coaching Program on Patient Reported Outcomes of Men With Prostate Cancer,Completed,Unknown,2019-12-04,145,M.D. Anderson Cancer Center,OTHER,Prostate Carcinoma,United States,2019.0,United States
NCT06540872,Multimodal Imaging With FAPI-PET/MRI in Breast Carcinoma-In-Situ for Detection of Occult Invasive Cancer,Not Yet Recruiting,Phase 2,2024-09-10,30,Universität Münster,OTHER,"Carcinoma, Intraductal, Noninfiltrating",Germany,2024.0,Germany
NCT04063072,ERAS (Enhanced Recovery After Surgery) Protocol Implementation in Piedmont Region for Hysterectomy.,UNKNOWN,Unknown,2019-09-01,1800,Ospedale Regina Montis Regalis,OTHER,Uterine Neoplasms,Italy,2019.0,Italy
NCT00429572,Mini-Allogeneic Peripheral Blood Progenitor Cell Transplantation For Recurrent or Metastatic Breast Cancer,Completed,Phase 2,,19,M.D. Anderson Cancer Center,OTHER,Breast Cancer,United States,,United States
NCT06603272,"Comparison of Short- and Long-term Efficacy of Robotic Versus Laparoscopic Gastrectomy in High-risk Patients With Gastric Cancer: a Nationwide, Multicentre Cohort Study",Completed,Unknown,2016-08-01,534,Fujian Medical University,OTHER,Patients With More Than or Equal to One of the Following Criteria Were Defined as High-risk Patients,Unknown,2016.0,Unknown
NCT01823172,Second Echelon Node Study With Methylene Blue,Completed,Unknown,,21,Mayo Clinic,OTHER,Breast Cancer; Melanoma,United States,,United States
NCT00212095,Docetaxel Combined With Ketoconazole in Treatment of Breast Cancer,Completed,Phase 2,,30,"National University Hospital, Singapore",OTHER,Metastatic Breast Cancer,Singapore,,Singapore
NCT05753995,"Immuno-Positron Emission Tomography (PET)-Glioma Study, a Proof-of-principle Imaging Study","Active, Not Recruiting",Unknown,2024-03-01,20,Kepler University Hospital,OTHER,Glioblastoma,Austria,2024.0,Austria
NCT01419795,"Lenalidomide With or Without Rituximab in Treating Patients With Progressive or Relapsed Chronic Lymphocytic Leukemia, Small Lymphocytic Lymphoma, Prolymphocytic Leukemia, or Non-Hodgkin Lymphoma Previously Treated With Donor Stem Cell Transplant",Terminated,Phase 2,,3,Fred Hutchinson Cancer Center,OTHER,Adult Nasal Type Extranodal NK/T-cell Lymphoma; Anaplastic Large Cell Lymphoma; Angioimmunoblastic T-cell Lymphoma,United States,,United States
NCT07250477,"Risk-adapted, Proteomic-guided Systemic Therapy for Previously Untreated Advanced Non-small Cell Lung Cancer",Recruiting,Phase 2,2026-01-30,56,"University of California, Davis",OTHER,Non-small Cell Lung Cancer Stage IIIC; Non-small Cell Lung Cancer Stage IV; Non Small Cell Lung Cancer,United States,,United States
NCT02978677,Proton Dose Escalation for Patients With Atypical or Anaplastic Meningiomas,Not Yet Recruiting,Unknown,,90,Technische Universität Dresden,OTHER,Meningioma,Unknown,,Unknown
NCT00678275,Chronic Graft-versus-host Disease (cGvHD) Prophylaxis With or Without ATG Prior to Stem Cell Transplantation (SCT) From HLA-identical Siblings in Patients With Acute Leukemia,Completed,Phase 3,,161,Universitätsklinikum Hamburg-Eppendorf,OTHER,Acute Myeloid Leukemia; Acute Lymphoblastic Leukemia,Germany,,Germany
NCT03177057,SMART Project in Preventing Skin Cancer,Completed,Unknown,2013-04-23,114,Fox Chase Cancer Center,OTHER,Skin Carcinoma,United States,2013.0,United States
NCT01398657,Cryotherapy With or Without Short-term Adjuvant Androgen-Deprivation Therapy in Prostate Cancer,UNKNOWN,Phase 3,,182,National Taiwan University Hospital,OTHER,Prostate Cancer,Taiwan,,Taiwan
NCT04092257,HPV-Based Screen-and-Treat Demonstration Project in Lilongwe,Completed,Unknown,2020-06-24,1250,UNC Lineberger Comprehensive Cancer Center,OTHER,HPV Infection; Cervical Cancer; HIV Infections,Malawi,2020.0,Malawi
NCT02049801,"MEK Inhibitor MEK162, Idarubicin, and Cytarabine in Treating Patients With Relapsed or Refractory Acute Myeloid Leukemia",Terminated,Phase 1,,1,Bruno C. Medeiros,OTHER,Adult Acute Minimally Differentiated Myeloid Leukemia (M0); Adult Acute Monoblastic Leukemia (M5a); Adult Acute Monocytic Leukemia (M5b),United States,,United States
NCT04533919,Validation of Pre-clinical Nano-Based Analgesics in Cells From Human Dorsal Root Ganglia,Withdrawn,Unknown,2020-06-16,0,M.D. Anderson Cancer Center,OTHER,Spinal Cord Neoplasm,Unknown,2020.0,Unknown
NCT03660319,The Effect of EMT on Anxiety Levels and Perception of Waiting Time in the Radiation Oncology Waiting Room,Completed,Unknown,2012-11-20,160,Icahn School of Medicine at Mount Sinai,OTHER,Cancer,United States,2012.0,United States
NCT04329728,The OPAL Study: AVM0703 for Treatment of Lymphoid Malignancies,Recruiting,Phase 1,2020-11-06,144,AVM Biotechnology Inc,INDUSTRY,Lymphoid Malignancies,United States,2020.0,United States
NCT05737628,First-in-human Dose Escalation and Expansion Study With the SIRPα-directed Monoclonal Antibody BYON4228,"Active, Not Recruiting",Phase 1,2024-03-04,17,Byondis B.V.,INDUSTRY,Lymphoma,Netherlands; United Kingdom; Italy; Spain,2024.0,Netherlands
NCT05495828,Orelabrutinib Therapy in Patients With r/r B-cell Lymphoma Intolerant to Other Bruton Tyrosine Kinase Inhibitors,UNKNOWN,Unknown,2023-11-10,30,Peking University People's Hospital,OTHER,B-cell Lymphoma,China,2023.0,China
NCT03807765,Stereotactic Radiation and Nivolumab in the Management of Metastatic Breast Cancer Brain Metastases,Completed,Phase 1,2019-01-30,14,H. Lee Moffitt Cancer Center and Research Institute,OTHER,Metastatic Breast Cancer; Brain Metastases,United States,2019.0,United States
NCT00055965,Hospitalization Rates of Patients With Non-Small Cell Lung Cancer Treated With Gemcitabine and Either Cisplatin or Carboplatin,UNKNOWN,Phase 3,,400,The Christie NHS Foundation Trust,OTHER,Lung Cancer,United Kingdom,,United Kingdom
NCT01031069,Evaluation of Safety and Immunogenicity of a Human Papillomavirus (HPV) Vaccine in Human Immunodeficiency Virus (HIV) Infected Females,Completed,Phase 4,2010-10-26,873,GlaxoSmithKline,INDUSTRY,"Infections, Papillomavirus; Papillomavirus Vaccines",Estonia; India; Brazil; Thailand,2010.0,Estonia
NCT04534283,A Basket Trial of an ERK1/2 Inhibitor (LY3214996) in Combination With Abemaciclib.,Terminated,Phase 2,2020-10-05,16,Anita Turk,OTHER,Cancer; Cancer Metastatic; BRAF V600E,United States,2020.0,United States
NCT04298983,Abemaciclib in Combination With Androgen Deprivation Therapy for Locally Advanced Prostate Cancer,Terminated,Phase 2,2021-02-25,9,University of Alabama at Birmingham,OTHER,Prostate Cancer,United States,2021.0,United States
NCT07315841,Accuracy of Indocyanine Green (ICG) Fluorescence Imaging in Tenosynovial Giant Cell Tumor Surgery,Recruiting,Phase 4,2026-01-02,40,Shanghai Jiao Tong University Affiliated Sixth People's Hospital,OTHER,Tenosynovial Giant Cell Tumor,China,,China
NCT03781154,Predictors of Physical Activity Maintenance in Colorectal Cancer Survivors,Completed,Phase 3,2019-10-17,31,"University of Colorado, Denver",OTHER,Colorectal Cancer,United States,2019.0,United States
NCT04024254,A Study of Serum Folate Levels in Patients Treated With Olaparib,Completed,Phase 4,2020-07-21,10,Rush University Medical Center,OTHER,Ovarian Cancer; Breast Cancer; Folic Acid Deficiency,United States,2020.0,United States
NCT05097105,Role of Diffusion -Weighted MRI in Evaluation of Urinary Bladder Masses,UNKNOWN,Unknown,,50,Sohag University,OTHER,Urinary Bladder Neoplasm,Egypt,,Egypt
NCT01650805,Ponatinib in Newly Diagnosed Chronic Myeloid Leukemia (CML) (EPIC),Terminated,Phase 3,,307,Ariad Pharmaceuticals,INDUSTRY,Chronic Myeloid Leukemia,New Zealand; Canada; Singapore; Belgium; Italy; Spain; Puerto Rico; United Kingdom; South Korea; Australia; Austria; Netherlands; Germany; Switzerland; Sweden; France; United States; Slovakia; Poland; Czechia; Finland; Taiwan; Hong Kong; Portugal,,New Zealand
NCT03921866,UK Ibrance Patient Program (IPP) Study,Completed,Unknown,2019-03-01,191,Pfizer,INDUSTRY,"HR+/HER2- Locally Advanced, Metastatic Breast Cancer",United Kingdom,2019.0,United Kingdom
NCT05965856,A Study of SI-B003 and BL-B01D1+SI-B003 in Patients With Locally Advanced or Metastatic Urothelial Carcinoma and Other Solid Tumors,Recruiting,Phase 2,2023-12-11,52,"Sichuan Baili Pharmaceutical Co., Ltd.",INDUSTRY,Urothelial Carcinoma; Solid Tumor,China,2023.0,China
NCT07486622,Transvaginal Electromechanical Fragmentation and Removal of Large Uterus in a Sealed Bag: The First Group of Clinical Studies Balancing Scar - Free and Anti - Dissemination,"Active, Not Recruiting",Unknown,2025-03-01,25,Chang Zhou,OTHER,Uterine Fibroids; Adenomyosis; Enlarged Uterus,China,2025.0,China
NCT04198922,Acalabrutinib for the Treatment of Chronic Graft Versus Host Disease,"Active, Not Recruiting",Phase 2,2020-12-11,51,Fred Hutchinson Cancer Center,OTHER,Recurrent Moderate-Severe Chronic Graft Versus Host Disease; Hematopoietic and Lymphoid Cell Neoplasm,United States,2020.0,United States
NCT01370122,Pelvic Floor Disorders in Survivors of Gynecologic Malignancies,Completed,Unknown,,225,Abramson Cancer Center at Penn Medicine,OTHER,Uterine Cancer; Ovarian Cancer; Fallopian Tube Cancer,United States,,United States
NCT04800822,PF-07284892 in Participants With Advanced Solid Tumors,Terminated,Phase 1,2021-03-17,53,Pfizer,INDUSTRY,Solid Tumor,United States,2021.0,United States
NCT04233151,QL1203 In Combination With Chemotherapy for Metastatic Colorectal Cancer to Determine Efficacy and Safety,UNKNOWN,Phase 3,2020-01-20,590,"Qilu Pharmaceutical Co., Ltd.",INDUSTRY,Metastatic Colorectal Cancer,China,2020.0,China
NCT05793151,Multi-Site Trial of Navigation vs Treatment as Usual to Improve Initiation of Timely Adjuvant Therapy,Recruiting,Unknown,2023-10-30,532,Medical University of South Carolina,OTHER,Head and Neck Cancer; Head and Neck Squamous Cell Carcinoma; Oropharynx Cancer,United States,2023.0,United States
NCT06863831,A Multicenter Trial of YSQTG vs. Simulated Agents With Neoadjuvant Chemoradiotherapy or Chemoimmunotherapy for EC,ENROLLING_BY_INVITATION,Unknown,2024-08-22,536,"Cancer Institute and Hospital, Chinese Academy of Medical Sciences",OTHER,Esophageal Squamous Cell Carcinoma (ESCC),China,2024.0,China
NCT00607802,Donor White Blood Cell Infusion in Treating Patients With Metastatic or Unresectable Cancer,Withdrawn,Unknown,,0,Wake Forest University Health Sciences,OTHER,"Unspecified Adult Solid Tumor, Protocol Specific; Unspecified Childhood Solid Tumor, Protocol Specific",Unknown,,Unknown
NCT05690802,The Safety and Effectiveness of Palonosetron Hydrochloride Capsule Was Used to CINV,Recruiting,Unknown,2022-05-16,1060,Xijing Hospital,OTHER,Nausea and Vomiting,China,2022.0,China
NCT02182102,Dose Escalation of BIBF 1120 Combined With Pemetrexed in Advanced Non Small Cell Lung Cancer,Completed,Phase 1,,26,Boehringer Ingelheim,INDUSTRY,"Carcinoma, Non-Small-Cell Lung",Unknown,,Unknown
NCT04139902,Neoadjuvant PD-1 Inhibitor Dostarlimab (TSR-042) vs. Combination of Tim-3 Inhibitor Cobolimab (TSR-022) and PD-1 Inhibitor Dostarlimab (TSR-042) in Melanoma,"Active, Not Recruiting",Phase 2,2020-06-12,48,Diwakar Davar,OTHER,Melanoma Stage III; Melanoma Stage IV,United States,2020.0,United States
NCT03929653,Personalized Therapy of Molecular Tumor Board Participation With the Guidance of Next Generation Sequencing,UNKNOWN,Unknown,2017-06-01,500,Tianjin Medical University Second Hospital,OTHER,"Solid Tumor, Adult",China,2017.0,China
NCT01511653,Validation of Colon Biomarkers for the Early Detection of Colorectal Adenocarcinoma,Completed,Unknown,,13000,University of Michigan,OTHER,Colon Cancer; Rectal Cancer,United States; Canada; Germany,,United States
NCT06725537,Comprehensive Demographics and Clinical Profile of NSCLC Patients,Not Yet Recruiting,Unknown,2025-01-20,500,D'Or Institute for Research and Education,OTHER,Lung Cancer Non Small Cell,Unknown,2025.0,Unknown
NCT04693637,"Posoleucel (ALVR105, Formerly Viralym-M) for Multi-Virus Prevention in Patients Post-Allogeneic Hematopoietic Cell Transplant",Completed,Phase 2,2021-01-15,26,AlloVir,INDUSTRY,Adenovirus Infection; BK Virus Infection; Cytomegalovirus Infections,United States,2021.0,United States
NCT01910545,Phase 1 Study of OTS167 in Patients With Solid Tumors,Completed,Phase 1,2013-08-23,32,"OncoTherapy Science, Inc.",INDUSTRY,Solid Tumors; Metastatic Tumors,United States,2013.0,United States
NCT04808245,A MultIceNTER Phase I Peptide VaCcine Trial for the Treatment of H3-Mutated Gliomas,"Active, Not Recruiting",Phase 1,2023-02-15,15,German Cancer Research Center,OTHER,Newly Diagnosed H3-mutated Glioma,Germany,2023.0,Germany
NCT00082472,Inhaled Doxorubicin Plus IV Docetaxel and Cisplatin in Patients With Non-Small-Cell Lung Carcinoma (NSCLC),UNKNOWN,Phase 1,,30,Zivena,INDUSTRY,NSCLC,United States,,United States
NCT06994572,Study of CT-01 as Monotherapy and Combination Therapy in Subjects With Intermediate or Advanced Hepatocellular Carcinoma,Not Yet Recruiting,Phase 1,2025-05-26,141,Captor Therapeutics S.A.,INDUSTRY,Hepatocellular Carcinoma (HCC),Unknown,2025.0,Unknown
NCT05223595,A Study of Gentuximab in Combination With Almonertinib in EGFR Mutation-positive Metastatic NSCLC,UNKNOWN,Phase 1,2021-04-02,42,"Changchun GeneScience Pharmaceutical Co., Ltd.",INDUSTRY,Metastatic Non-Small Cell Lung Cancer,China,2021.0,China
NCT03701295,"Pinometostat and Azacitidine in Treating Patients With Relapsed, Refractory, or Newly Diagnosed Acute Myeloid Leukemia With 11q23 Rearrangement",Completed,Phase 1,2020-03-06,1,National Cancer Institute (NCI),NIH,Acute Myeloid Leukemia With t(9;11)(p21.3;q23.3); MLLT3-MLL; Leukemia Cutis; Recurrent Acute Myeloid Leukemia,United States,2020.0,United States
NCT07091695,Real-world Outcomes Among Patients With Melanoma Treated With Neoadjuvant Nivolumab+Relatlimab or Nivolumab+Ipilimumab,Completed,Unknown,2025-05-11,100,Bristol-Myers Squibb,INDUSTRY,Melanoma,United States,2025.0,United States
NCT05868395,"Efficacy of Polatuzumab, Bendamustine and Rituximab in Patients With Relapsed/ Refractory Mantle Cell Lymphoma",Recruiting,Phase 2,2024-01-02,16,Medical University of Vienna,OTHER,Mantle-cell Lymphoma,Austria,2024.0,Austria
NCT05809895,Phase II Study Evaluating the Efficacy and Safety of Ociperlimab in Combination With Tislelizumab and Chemotherapy as First-line Treatment for Participants With Advanced Triple Negative Breast Cancer,Withdrawn,Phase 2,2023-09-15,0,Novartis Pharmaceuticals,INDUSTRY,Triple Negative Breast Cancer,Unknown,2023.0,Unknown
NCT02329639,Prospective Study of VEGFR-2 /IL-8 Genetic Interaction in MBC Treated With Paclitaxel and Bevacizumab vs. Chemotherapy,Completed,Unknown,,307,University of Pisa,OTHER,Metastatic Breast Cancer,Italy,,Italy
NCT02509039,A Study of CC-122 to Assess the Safety and Tolerability in Japanese Patients With Advanced Solid Tumors and Non-Hodgkin's Lymphoma (NHL),Terminated,Phase 1,2015-09-02,15,Celgene,INDUSTRY,"Lymphoma, Non-Hodgkin",Japan,2015.0,Japan
NCT01647477,Interventional Study Collecting Quantitative and Qualitative Data About Patient With Non Treated Cancer,Terminated,Unknown,,90,Centre Oscar Lambret,OTHER,Upper Aerodigestive Tract Cancer,France,,France
NCT02836275,Value of MRI in the Characterization of Ovarian Masses Unable to Classify With Ultrasound Using the International Ovarian Tumor Analysis (IOTA) Simple Rules,UNKNOWN,Unknown,,250,KU Leuven,OTHER,Patients With a Sonographically Unclassifiable Adnexal Mass Using the IOTA Simple Rules,Belgium,,Belgium
NCT00968175,Endoscopic Ultrasound (EUS) Guided-Celiac Plexus Neurolysis (CPN) in Unresectable Pancreatic Cancer,Completed,Unknown,,60,University of Alabama at Birmingham,OTHER,Pain; Pancreatic Cancer,United States,,United States
NCT05024357,A Study of TKI Maintenance Therapy Following Allo-HSCT in Newly Diagnosed Ph+ Adult ALL,UNKNOWN,Unknown,2021-09-06,80,First Affiliated Hospital Xi'an Jiaotong University,OTHER,"Precursor Cell Lymphoblastic Leukemia-Lymphoma; Philadelphia-Positive Acute Lymphoblastic Leukemia; ALL, Adult",China,2021.0,China
NCT05867901,Clinical Research of Drug Holiday Based on MRD Detection in GIST Patients at High Risk of Recurrence,Recruiting,Unknown,2023-06-01,40,Peking University People's Hospital,OTHER,Gastrointestinal Stromal Tumors,China,2023.0,China
NCT00246012,"A Safety and Efficacy Study of Intetumumab, Alone and in Combination With Dacarbazine, in Participants With Stage 4 Melanoma",Completed,Phase 1,,144,"Centocor, Inc.",INDUSTRY,Melanoma,United States; United Kingdom; Germany,,United States
NCT03829501,"A Phase 1/2, Open-label, Multi-center Study of the Safety and Efficacy of Alomfilimab (KY1044) as Single Agent and in Combination With Anti-PD-L1 (Atezolizumab) in Adult Patients With Selected Advanced Malignancies",Terminated,Phase 1,2019-01-28,222,Kymab Limited,INDUSTRY,Squamous Cell Carcinoma of Head and Neck; Non-small Cell Lung Cancer; Hepatocellular Carcinoma,United States; Poland; United Kingdom; Taiwan; Italy; Hungary,2019.0,United States
NCT01793519,Stopping TNF Alpha Inhibitors in Rheumatoid Arthritis,UNKNOWN,Phase 4,,290,Georgetown University,OTHER,Rheumatoid Arthritis,United States,,United States
NCT06626919,A Phase 1 Study of Anitocabtagene Autoleucel for the Treatment of Subjects With Non-oncology Plasma Cell-related Diseases,Recruiting,Phase 1,2025-04-30,30,"Arcellx, Inc.",INDUSTRY,Muscular Diseases; Neuromuscular Manifestations; Autoimmune,United States,2025.0,United States
NCT05443230,Effect of Sarcopenia on HCC After Lenvatinib and Anti-PD-1 Treatment,UNKNOWN,Unknown,2022-06-01,200,First Affiliated Hospital of Wenzhou Medical University,OTHER,Liver Cancer; Sarcopenia,China,2022.0,China
NCT00743028,Assess the Oral Bioavailability of New ABT-263 Formulations,Completed,Phase 1,,36,Abbott,INDUSTRY,Chronic Lymphocytic Leukemia; Lymphomas; Leukemias,United States,,United States
NCT02847728,Pattern of Use and Safety/Effectiveness of Nivolumab in Routine Oncology Practice,Completed,Unknown,2016-07-28,1189,Bristol-Myers Squibb,INDUSTRY,Melanoma; Lung Cancer,France; United States; Poland; Puerto Rico; Germany; Czechia; United Kingdom; Belgium; Switzerland; Australia; Austria; Italy; Hungary; Spain,2016.0,France
NCT01628328,Colonic Stent and Tumor Cell Dissemination,Completed,Unknown,,40,The University of Hong Kong,OTHER,Colorectal Cancer,Unknown,,Unknown
NCT03617666,Avelumab in the Frontline Treatment of Advanced Classical Hodgkin Lymphoma - a Window Study,UNKNOWN,Phase 2,2019-09-27,49,"University College, London",OTHER,Hodgkin Lymphoma,Australia; United Kingdom,2019.0,Australia
NCT02500966,How to Avoid Cervical Stenosis After LEEP in High Grade Cervical Dysplasia?,Completed,Unknown,,265,Barretos Cancer Hospital,OTHER,Stenosis Cervix,Brazil,,Brazil
NCT03703466,A Study of Abemaciclib (LY2835219) With and Without Food in Participants With Metastatic Breast Cancer,Completed,Phase 2,2018-11-28,72,Eli Lilly and Company,INDUSTRY,Metastatic Breast Cancer,Turkey (Türkiye); Belgium; Australia; Russia; Spain,2018.0,Turkey (Türkiye)
NCT02003066,Effect of Goal-directed Fluid Therapy Using Stroke Volume Variation in Patients Undergoing Free Flap Reconstruction After Head and Neck Cancer Resection,Completed,Unknown,2014-03-20,62,Yonsei University,OTHER,General Anesthesia,South Korea,2014.0,South Korea
NCT05251766,Nab-paclitaxel Compared With Docetaxel in the Neoadjuvant Chemotherapy Breast Cancer,UNKNOWN,Phase 1,2022-04-20,30,Xuli Meng,OTHER,Breast Cancer; Chemotherapy Effect,Unknown,2022.0,Unknown
NCT03024866,Comparison of eBX and Mohs Surgery for Treatment of Early-stage Non-melanoma Skin Cancer a Matched Pair Cohort Study.,Completed,Unknown,,369,"Xoft, Inc.",INDUSTRY,Nonmelanoma Skin Cancer,United States,,United States
NCT04617756,Safety & Efficacy of Durvalumab+Neoadjuvant Chemotherapy for High-risk Urothelial Carcinoma of the Upper Urinary Tract,Recruiting,Phase 2,2021-09-29,50,Centre Hospitalier Universitaire de Nīmes,OTHER,Urothelial Carcinoma; Cancer,France,2021.0,France
NCT00301756,"Belinostat in Treating Patients With Advanced Ovarian Epithelial Cancer, Primary Peritoneal Cancer, or Fallopian Tube Cancer or Ovarian Low Malignant Potential Tumors",Completed,Phase 2,,32,National Cancer Institute (NCI),NIH,Fallopian Tube Carcinoma; Primary Peritoneal Carcinoma; Recurrent Borderline Ovarian Surface Epithelial-Stromal Tumor,Canada,,Canada
NCT04980222,"A Study to Evaluate the Safety and Efficacy of Glofitamab in Combination With Rituximab (R) Plus Cyclophosphamide, Doxorubicin, Vincristine, and Prednisone (CHOP) in Circulating Tumor (ct)DNA High-Risk Patients With Untreated Diffuse Large B-Cell Lymphoma","Active, Not Recruiting",Phase 2,2022-03-22,46,Hoffmann-La Roche,INDUSTRY,Lymphoma,France; Denmark; United States; Poland; Netherlands; Spain,2022.0,France
NCT05402722,Study of Eribulin in Combination With Anti-PD-1 Antibody in Patients With Metastatic Triple-Negative Breast Cancer,UNKNOWN,Phase 2,2022-01-01,30,Beijing 302 Hospital,OTHER,TNBC - Triple-Negative Breast Cancer,China,2022.0,China
NCT00595322,Bevacizumab in the Radiation Treatment of Recurrent Malignant Glioma,Completed,Unknown,,25,Memorial Sloan Kettering Cancer Center,OTHER,Brain Cancer; Recurrent Malignant Gliomas; Primary Brain Tumor,United States,,United States
NCT04516551,Anti-CD19 Allo-CAR-T Cells for Relapsed B Cell Malignancies After HSCT,UNKNOWN,Phase 1,2020-11-20,18,Xinqiao Hospital of Chongqing,OTHER,Relapsed Adult ALL; B Cell Leukemia,China,2020.0,China
NCT01370551,Clinical Study of Vaginal Lactobacilli and Estriol (Gynoflor®) for Atrophic Vaginitis in Breast Cancer Patients,Completed,Phase 1,,16,Medinova AG,INDUSTRY,Atrophic Vaginitis,Belgium; Germany,,Belgium
NCT00003929,"Chemotherapy, Filgrastim, and Radiation Therapy in Treating Patients With Primary Central Nervous System Lymphoma",Withdrawn,Phase 2,,0,Case Comprehensive Cancer Center,OTHER,Lymphoma,United States,,United States
NCT01624051,A Study Comparing Chemotherapy Dosing Based on Either Standard Body Surface Area or Lean Body Mass in Patients With Advanced Lung Cancer,UNKNOWN,Phase 2,,144,AHS Cancer Control Alberta,OTHER,Lung Cancer,Canada,,Canada
NCT00244829,Imatinib Mesylate After a Donor Stem Cell Transplant in Treating Patients With Philadelphia Chromosome-Positive Leukemia,Completed,Phase 1,,61,Fred Hutchinson Cancer Center,OTHER,Leukemia,United States,,United States
NCT07205731,"Phase II Study Evaluating Safety and Efficacy of Tislelizumab for Elderly Patients Unfit for Chemotherapy, With Advanced Esophageal Squamous-cell Carcinoma",Recruiting,Phase 2,2025-10-07,95,"University Hospital, Clermont-Ferrand",OTHER,Esophageal Squamous Cell Carcinoma (ESCC),France,2025.0,France
NCT04591002,Osimertinib to Suppress the Progression of GGN(EGFR Mutation-positive),Recruiting,Phase 2,2022-09-11,43,Samsung Medical Center,OTHER,Lung Cancer,South Korea,2022.0,South Korea
NCT04968002,"Application of Pablizumab Combined With Apatinib and Chemotherapy in Resectable Non-small Cell Lung Cancer： A Prospective, Single Arm, Single Center Phase II Clinical Study of Neoadjuvant Therapy",UNKNOWN,Phase 2,2021-08-01,40,"Second Affiliated Hospital, School of Medicine, Zhejiang University",OTHER,Non-small Cell Lung Cancer,China,2021.0,China
NCT01929902,Evaluation of Efficacy and Accuracy of Aquamantys Device in General Surgery,Completed,Unknown,,20,Wake Forest University Health Sciences,OTHER,"Cancer, Hepatocellular; Pancreatectomy",United States,,United States
NCT01775553,Study of High Dose Carfilzomib in Multiple Myeloma Patients Who Have Progressed On Standard Dose Carfilzomib,Completed,Phase 2,,13,Ajai Chari,OTHER,Relapse Multiple Myeloma; Refractory Multiple Myeloma,United States,,United States
NCT04813653,Cyclosporine in Combination With Carfilzomib and Dexamethasone in Relapsed Multiple Myeloma Refractory to Carfilzomib and High Expression of PPIA Gene in Myeloma Cells,Completed,Phase 1,2021-04-18,3,Tel-Aviv Sourasky Medical Center,OTHER_GOV,"Multiple Myeloma in Relapse; Multiple Myeloma, Refractory",Israel,2021.0,Israel
NCT04097353,Improving Health Behaviors for Pediatric Cancer Survivors,Terminated,Unknown,2017-05-01,31,Cynthia Gerhardt,OTHER,Cancer,United States,2017.0,United States
NCT02529553,A Study of LY3076226 in Participants With Advanced or Metastatic Cancer,Completed,Phase 1,,25,Eli Lilly and Company,INDUSTRY,Advanced Cancer; Metastatic Cancer,United States; Canada,,United States
NCT02822053,Effectivity and Safety of Ultrasound-guided Percutaneously Laser Ablation for Refractory Neoplasms,UNKNOWN,Phase 1,,100,First Affiliated Hospital of Zhejiang University,OTHER,Refractory Neoplasms,China,,China
NCT00480337,In Vitro Maturation of Immature Oocytes,Completed,Unknown,,61,Sheba Medical Center,OTHER_GOV,Polycystic Ovary Syndrome; Ovarian Hyperstimulation Syndrome,Israel,,Israel
NCT05060237,Study to Evaluate Safety and Tolerability of BF-200 ALA (Ameluz®) for Photodynamic Therapy in the Treatment of the Expanded Field of Actinic Keratosis on Face and Scalp,Completed,Phase 1,2021-12-01,112,Biofrontera Bioscience GmbH,INDUSTRY,"Actinic Keratosis; Keratosis, Actinic; Keratosis",United States,2021.0,United States
NCT00081172,Radiolabeled Monoclonal Antibody in Treating Patients With Progressive Metastatic Androgen-Independent Adenocarcinoma (Cancer) of the Prostate,Completed,Phase 2,,61,Memorial Sloan Kettering Cancer Center,OTHER,Prostate Cancer,United States,,United States
NCT04518072,Synthetic Metabolic and Genetic Networks for Medical Diagnosics,Terminated,Unknown,2021-01-06,134,"University Hospital, Montpellier",OTHER,Prostate; Cancer,France,2021.0,France
NCT04104672,A Study to Evaluate the Safety and Tolerability of AB680 in Participants With Gastrointestinal Malignancies,"Active, Not Recruiting",Phase 1,2019-11-06,196,"Arcus Biosciences, Inc.",INDUSTRY,Advanced Pancreatic Cancer,United States,2019.0,United States
NCT05364372,SMLI With Hispanic Cancer Survivors and Caregivers,"Active, Not Recruiting",Unknown,2022-08-25,187,University of Arizona,OTHER,Cancer Survivors; Cancer,United States,2022.0,United States
NCT04176757,A Study of ZN-c5 in Participants With Breast Cancer,Completed,Phase 1,2020-01-03,35,Zeno Alpha Inc.,INDUSTRY,Breast Cancer,United States; Australia; Bosnia and Herzegovina,2020.0,United States
NCT06515301,Key Interventions to Improve the Follow-up Adherence Post Cervical Precancerous Lesion Treatment in Ethiopia,Recruiting,Unknown,2024-11-20,466,Addis Ababa University,OTHER,Suspicious Cervical Cancer Lesions Follow up Adherence,Ethiopia,2024.0,Ethiopia
NCT05434312,TGRX-678 Chinese Phase I in Chronic Myelogenous Leukemia (CML) Patients,"Active, Not Recruiting",Phase 1,2021-03-29,90,"Shenzhen TargetRx Co., Ltd.",INDUSTRY,Chronic Myelogenous Leukemia,China,2021.0,China
NCT06790212,Neoadjuvant CAPOX Plus Ivonescimab Versus CAPOX for Locally Advanced Colon Cancer,Not Yet Recruiting,Phase 2,2025-04-28,168,Sun Yat-sen University,OTHER,Colon Cancer,Unknown,2025.0,Unknown
NCT02231112,Whole Breast RT on Prone Position in Korean Women,UNKNOWN,Phase 2,,50,Samsung Medical Center,OTHER,Breast Cancer,South Korea,,South Korea
NCT02332512,Study of Apatinib as 3rd/4th Line Treatment in Patients With Advanced Non-Squamous Non-small Cell Lung Cancer Harboring Wild-type Epidermal Growth Factor Receptor (EGFR),UNKNOWN,Phase 3,,417,"Jiangsu HengRui Medicine Co., Ltd.",INDUSTRY,"Carcinoma, Non-Small-Cell Lung",China,,China
NCT02570412,Compassionate Use of Aldoxorubicin in Sarcoma Patients Chemotherapy,NO_LONGER_AVAILABLE,Unknown,,61,CytRx,INDUSTRY,Sarcoma,United States,,United States
NCT06482957,Cohort to Augment the Understanding of Sarcoma Survivorship Across the Lifespan,Recruiting,Unknown,2022-04-01,2100,Vanderbilt-Ingram Cancer Center,OTHER,Sarcoma,United States,2022.0,United States
NCT03696212,Grapiprant (ARY-007) and Pembrolizumab in Patients With Advanced or Metastatic Post-PD-1/L1 NSCLC Adenocarcinoma,Terminated,Phase 1,2019-01-08,18,Arrys Therapeutics,INDUSTRY,Non-small Cell Lung Cancer Adenocarcinoma,United States,2019.0,United States
NCT06252012,The Effect of Cervical Cancer Awareness Education Based on Mobile Application,Completed,Unknown,2024-04-01,120,Kutahya Health Sciences University,OTHER,Cervix Cancer; Cancer Awareness; Mobile Application,Turkey (Türkiye),2024.0,Turkey (Türkiye)
NCT00671112,Everolimus and Bortezomib in Treating Patients With Relapsed or Refractory Lymphoma,Terminated,Phase 1,,30,"Brian Hill, MD, PhD",OTHER,714leukemia; Lymphoma,United States,,United States
NCT03951012,Use Peripheral Blood Proteomics to Predict the Treatment Response and Toxicities in NSCLC Immunotherapy,Terminated,Unknown,2019-04-15,29,Muhammad Furqan,OTHER,Non Small Cell Lung Cancer,United States,2019.0,United States
NCT00981812,Positron Emission Mammography (PEM) Biopsy Accessory for the Diagnosis of Breast Cancer,Completed,Unknown,,20,University of Cincinnati,OTHER,Breast Cancer,United States,,United States
NCT05246319,Preoperative Imaging in Patients With Small Bowel Neuroendocrine Tumors,Completed,Unknown,2012-01-01,50,Laurent BRUNAUD,OTHER,Neuroendocrine Tumors; Small Intestinal NET; Lymph Node Metastasis,France,2012.0,France
NCT05339230,Role of Antisecretory Factor in Dihydropyrimidine Treatment of Colorectal Cancer,UNKNOWN,Unknown,2020-12-15,73,Uppsala University Hospital,OTHER,Dihydropyrimidine Induced Gastrointestinal Toxicity in Colorectal Cancer,Sweden,2020.0,Sweden
NCT00520130,Chemotherapy and Unrelated Donor Stem Cell Transplantation for Patients With Cancers of the Blood and Immune System,Completed,Phase 1,2007-10-30,92,National Cancer Institute (NCI),NIH,Myelodysplastic Syndrome; Hodgkin's Lymphoma; Non-Hodgkin's Disease,United States,2007.0,United States
NCT05169528,Colorectal Cancer Prehabilitation in Changi General Hospital,Completed,Unknown,2020-01-01,59,Changi General Hospital,OTHER,Colorectal Cancer,Singapore,2020.0,Singapore
NCT01653028,Alisertib in Treating Patients With Advanced or Metastatic Sarcoma,Completed,Phase 2,2012-08-22,72,National Cancer Institute (NCI),NIH,Myxofibrosarcoma; Recurrent Adult Soft Tissue Sarcoma; Recurrent Leiomyosarcoma,United States,2012.0,United States
NCT00440765,"VALEO: A Post Authorization Study, Designed to Learn More About the Safety and Effectiveness of the Use of Bortezomib in the Netherlands",Completed,Unknown,,331,Janssen-Cilag B.V.,INDUSTRY,Multiple Myeloma; Hematological Neoplasms,Netherlands,,Netherlands
NCT06478056,Correlation of Portal and Peripheral Venous ctDNA in Pancreatic Adenocarcinoma,Completed,Unknown,2024-05-28,40,"University Hospital, Rouen",OTHER,Pancreatic Cancer,France,2024.0,France
NCT05991856,Multifaceted Comparison of Ultrasound-guided Ablation and Laparoscopic Adrenalectomy for Aldosterone-producing Adenoma,Recruiting,Unknown,2020-01-01,45,"Third Affiliated Hospital, Sun Yat-Sen University",OTHER,Aldosterone-producing Adenoma; Radiofrequency Ablation,China,2020.0,China
NCT03767751,A Feasibility and Safety Study of Dual Specificity CD38 and BCMA CAR-T Cell Immunotherapy for Relapsed or Refractory Multiple Myeloma,UNKNOWN,Phase 1,2018-12-05,80,Chinese PLA General Hospital,OTHER,Multiple Myeloma,China,2018.0,China
NCT03904251,CPX-351 and Gemtuzumab Ozogamicin in Treating Patients With Relapsed Acute Myeloid Leukemia,Terminated,Phase 1,2019-07-18,13,Jonsson Comprehensive Cancer Center,OTHER,Acute Myelogenous Leukemia,United States,2019.0,United States
NCT00038402,Evaluation of the Addition of Herceptin to Standard Chemotherapy in the Neoadjuvant Setting for Operable Breast Cancer,Completed,Phase 3,,74,M.D. Anderson Cancer Center,OTHER,Breast Cancer,United States,,United States
NCT02890602,Erythropoietin for Management of Anemia Caused by Chemotherapy,Completed,Phase 2,2012-09-01,53,Kosin University Gospel Hospital,OTHER,Diffuse Large B-cell Lymphoma,Unknown,2012.0,Unknown
NCT00053053,Comparison of Nutritional Supplements in Preventing Weight Loss in Patients With Cancer,Completed,Phase 3,,472,Radiation Therapy Oncology Group,NETWORK,Cachexia; Lymphoma; Lymphoproliferative Disorder,United States; Canada,,United States
NCT03736837,Study of Anlotinib Combined With Icotinib as the First-line Treatment in Patients With EGFR Mutation-positive NSCLC,Completed,Phase 2,2018-12-01,60,Tianjin Medical University Cancer Institute and Hospital,OTHER,Non Small Cell Lung Cancer,China,2018.0,China
NCT06275737,"POP-UP: a Single-arm, Two-cohort Study: an 8-week Trimodal Pre-habilitation Program for Patients With Pancreatic Ductal Adenocarcinoma and Oesogastric","Active, Not Recruiting",Unknown,2024-06-24,9,GERCOR - Multidisciplinary Oncology Cooperative Group,OTHER,Pancreatic Ductal Adenocarcinoma; Esophageal Cancer,France,2024.0,France
NCT03575637,Olanzapine Improves the Chemotherapy Tolerance of Advanced Gastric Cancer,UNKNOWN,Phase 2,,180,Peking University,OTHER,Gastric Cancer,China,,China
NCT00089037,"Sirolimus, Tacrolimus, and Methotrexate in Preventing Acute Graft-Versus-Host Disease in Patients With Hematologic Cancer Who Are Undergoing Donor Stem Cell Transplantation",Completed,Phase 1,,61,Fred Hutchinson Cancer Center,OTHER,Chronic Myeloproliferative Disorders; Graft Versus Host Disease; Leukemia,United States,,United States
NCT04949737,Prevalence of Helicobacter Pylori Infection and Gastric Cancer in the West Indies,Recruiting,Unknown,2025-10-09,112,University Hospital Center of Martinique,OTHER,Stomach Neoplasms; Gastric Neoplasms; Helicobacter Pylori,Martinique,2025.0,Martinique
NCT02799745,A Randomized Study of Enzalutamide in Patients With Localized Prostate Cancer Undergoing Active Surveillance,Completed,Phase 2,2016-06-09,227,"Astellas Pharma Global Development, Inc.",INDUSTRY,Prostate Cancer,United States; Canada,2016.0,United States
NCT00531245,A Phase I/II Trial of TS-1 and Oxaliplatin in Patients With Advanced Colorectal Cancer,Completed,Phase 1,,77,Samsung Medical Center,OTHER,Colorectal Neoplasms,South Korea,,South Korea
NCT00189345,"Randomized, Multicenter, 2-Dose Level. Open-Label, Phase IIa Study With the Intraperitoneally Infused Trifunctional Bispecific Antibody Removab(TM) (Anti-EpCAM x Anti-CD3) to Select the Better Dose Level in Platinum Refractory Epithelial Ovarian Cancer Patients",Completed,Phase 2,,44,AGO Study Group,OTHER,Ovarian Cancer; Fallopian Tube Neoplasms; Peritoneal Neoplasms,Germany,,Germany
NCT04034745,Open Label Study to Analyze the Effect of Telotristat Ethyl on Weight Regulation/Gain,Withdrawn,Unknown,,0,"Andrew Hendifar, MD",OTHER,Pancreatic Cancer; Neuroendocrine Tumors; Cachexia; Cancer,Unknown,,Unknown
NCT01086345,Radiosurgery Plus Bevacizumab in Glioblastoma,Terminated,Phase 1 (Early),,9,Case Comprehensive Cancer Center,OTHER,Glioblastoma; Gliosarcoma; Brain Tumor,United States,,United States
NCT06002945,Exploring Outcomes and Characteristics of Myasthenia Gravis 2,"Active, Not Recruiting",Unknown,2021-01-12,400,Yale University,OTHER,Myasthenia Gravis,United States,2021.0,United States
NCT02990845,Pembrolizumab and Exemestane/ Leuprolide in Premenopausal HR+/ HER2- Locally Advanced or Metastatic Breast Cancer,Terminated,Phase 1,2017-09-15,16,National Taiwan University Hospital,OTHER,Premenopausal Breast Cancer,Taiwan,2017.0,Taiwan
NCT03401372,BCD With or Without Doxycycline in Mayo Stage II-III Light Chain Amyloidosis Patients,Completed,Unknown,2018-04-21,140,Jian Li,OTHER,Amyloidosis; Systemic,China,2018.0,China
NCT05587439,Investigating Hereditary Risk In Thoracic Cancers (INHERIT),Recruiting,Unknown,2023-01-01,500,Dana-Farber Cancer Institute,OTHER,Lung Cancer; Genetic Disease; Genetic Predisposition,United States,2023.0,United States
NCT04966195,Stereotactic Body Radiotherapy Based Treatment for Hepatocellular Carcinoma With Extensive Portal Vein Tumor Thrombosis,Completed,Unknown,2015-12-01,100,"Second Affiliated Hospital, School of Medicine, Zhejiang University",OTHER,Hepatocellular Carcinoma Non-resectable; Portal Vein Tumor Thrombosis; Stereotactic Body Radiotherapy,China,2015.0,China
NCT02298595,"Cetuximab, Cisplatin and BYL719 for HPV-Associated Oropharyngeal Squamous Cell Carcinoma",Withdrawn,Phase 1,,0,"Julie E. Bauman, MD, MPH",OTHER,"Carcinoma, Squamous; Squamous Cell Carcinoma; Oropharyngeal Neoplasms",Unknown,,Unknown
NCT00538239,Ridaforolimus in Treatment of Sarcoma-SUCCEED (Sarcoma Multi-Center Clinical Evaluation of the Efficacy of Ridaforolimus)(8669-011 AM6),Completed,Phase 3,,711,Merck Sharp & Dohme LLC,INDUSTRY,Metastatic Soft-Tissue Sarcomas; Metastatic Bone Sarcomas,Unknown,,Unknown
NCT07316439,Comparison Between ER Loss and Triple-Negative Breast Cancer Guided by 18F-FES PET/CT in Metastatic Breast Cancer,"Active, Not Recruiting",Unknown,2024-12-31,197,Fudan University,OTHER,Breast Cancer,China,2024.0,China
NCT02272439,Endocrine Disrupting Chemicals: Potential Effects on Male and Female Reproductive Health in Saskatchewan,Completed,Unknown,,118,University of Saskatchewan,OTHER,Unexplained Infertility; Polycystic Ovarian Syndrome; Male Infertility,Canada,,Canada
NCT04031677,Surgery With or Without Neoadjuvant Chemotherapy in High Risk RetroPeritoneal Sarcoma,Recruiting,Phase 3,2021-01-20,250,European Organisation for Research and Treatment of Cancer - EORTC,NETWORK,Retroperitoneal Sarcoma; Liposarcoma; Leiomyosarcoma,France; Denmark; Japan; Netherlands; Cyprus; Canada; United States; Slovakia; Poland; Germany; Czechia; United Kingdom; Australia; Italy; Spain,2021.0,France
NCT04718675,A Study of KB-0742 in Participants With Relapsed or Refractory Solid Tumors Including Platinum Resistant High Grade Serous Ovarian Cancer (HGSOC),Terminated,Phase 1,2021-02-08,135,Kronos Bio,INDUSTRY,Relapsed Solid Tumors; Refractory Solid Tumors; Non-Hodgkin Lymphoma,United States; United Kingdom; Spain,2021.0,United States
NCT03907475,"Durvalumab in Combination With Chemotherapy in Treating Patients With Advanced Solid Tumors, DURVA+ Trial",Recruiting,Phase 2,2019-07-16,115,National Cancer Institute (NCI),NIH,Locally Advanced Malignant Solid Neoplasm; Metastatic Malignant Solid Neoplasm,United States,2019.0,United States
NCT04826601,The Physical and Psychologic Effects of Aromatherapy in Cancer Patients During Chemotherapy,UNKNOWN,Unknown,2021-05-12,40,Show Chwan Memorial Hospital,OTHER,Pain; Heart Rate Variability; Anxiety,Taiwan,2021.0,Taiwan
NCT00667901,Riluzole in Treating Patients With Stage III or Stage IV Melanoma That Can Be Removed by Surgery,Terminated,Phase 1,,15,University of Medicine and Dentistry of New Jersey,OTHER,Melanoma (Skin),United States,,United States
NCT02628912,Cardiopulmonary Fitness in Long-Term Survivors of HPV-related Oropharynx Cancers,Withdrawn,Unknown,,0,Memorial Sloan Kettering Cancer Center,OTHER,Oropharynx Cancers,Unknown,,Unknown
NCT06645912,Effect of High Protein ONS on Older Gastric Cancer Patients Receiving Neoadjuvant Chemotherapy,Completed,Unknown,2023-02-01,46,Erzincan Binali Yildirim University Mengucek Gazi Training and Research Hospital,OTHER_GOV,Locally Advanced Gastric Adenocarcinoma,Turkey (Türkiye),2023.0,Turkey (Türkiye)
NCT05538130,A Study to Learn About the Study Medicine Called PF-07799544 as Monotherapy or in Combination in People With Advanced Solid Tumors,Recruiting,Phase 1,2022-11-30,124,Pfizer,INDUSTRY,Melanoma; Glioma; Thyroid Cancer,Japan; Brazil; Canada; United States; China; Australia; Israel,2022.0,Japan
NCT00674830,Self-help Treatment for Insomnia in Breast Cancer Patients,Completed,Unknown,,240,CHU de Quebec-Universite Laval,OTHER,Insomnia,Canada,,Canada
NCT05335928,Abatacept in Immune Checkpoint Inhibitor Myocarditis,Recruiting,Phase 3,2022-07-02,390,Massachusetts General Hospital,OTHER,Myocarditis Acute; Cancer,United States; Canada,2022.0,United States
NCT00861328,Safety Study of ON 01910.Na in Combination With Irinotecan or Oxaliplatin,Completed,Phase 1,,18,"Traws Pharma, Inc.",INDUSTRY,Advanced Solid Tumors,United States,,United States
NCT06352528,A Study to Assess the Drug Levels of Repotrectinib in Healthy Participants and Participants With Moderate and Severe Hepatic Impairment,Completed,Phase 1,2024-04-29,18,Bristol-Myers Squibb,INDUSTRY,Hepatic Impairment; Healthy Volunteers,United States,2024.0,United States
NCT02447328,"A Single Arm, Tolerability and Safety Phase IV Study of Fulvestrant(Faslodex® ) as 2nd Line and Later Therapy in Postmenopausal Women With Locally Advanced or Metastatic Breast Cancer",Completed,Phase 4,2015-05-29,83,AstraZeneca,INDUSTRY,Locally Advanced or; Metastatic Breast Cancer,South Korea,2015.0,South Korea
NCT06174428,Validity of Viome's Oral/throat Cancer Test,Recruiting,Unknown,2025-01-27,1000,Viome,INDUSTRY,Oral and Throat Cancer; Oropharyngeal Squamous Cell Carcinoma; Oral Squamous Cell Carcinoma,United States,2025.0,United States
NCT01475565,Insulin Resistance Before and During Pregnancy in Women With Polycystic Ovary Syndrome,Terminated,Unknown,,2,Virginia Commonwealth University,OTHER,Polycystic Ovary Syndrome; Insulin Resistance; Insulin Sensitivity,United States,,United States
NCT03572387,A Pilot Study of 5-AZA and ATRA for Prostate Cancer With PSA-only Recurrence After Local Treatment,Completed,Phase 2,2018-08-20,14,Icahn School of Medicine at Mount Sinai,OTHER,Prostatic Neoplasms; Prostate Neoplasms; Prostate Cancer,United States,2018.0,United States
NCT04525014,RRx-001 Given With Irinotecan and Temozolomide for Pediatric Patients With Recurrent or Progressive Malignant Solid and Central Nervous System Tumors,Terminated,Phase 1,2023-01-26,2,"EpicentRx, Inc.",INDUSTRY,"Brain Tumor, Recurrent; Brain Tumor, Pediatric; Central Nervous System Neoplasms",United States,2023.0,United States
NCT01433614,"Epirubicin and Paclitaxel, Alone or Together With Capecitabine as First Line Treatment in Metastatic Breast Cancer",Completed,Phase 3,,304,Thomas Hatschek,OTHER,Metastatic Breast Cancer,Sweden,,Sweden
NCT01477814,Interventions to Improve Colon Cancer Screening in Poor Rural Iowa Counties,Completed,Unknown,,743,Barcey T. Levy,OTHER,Colorectal Cancer,United States,,United States
NCT06777914,Familial Intrahepatic Cholestasis-related Genes Associated with Disease Susceptibility in Hepato-biliary Cancers,Recruiting,Unknown,2024-10-22,600,IRCCS Azienda Ospedaliero-Universitaria di Bologna,OTHER,Hepatobiliary Cancers; Progressive Familial Intrahepatic Cholestasis (PFIC); Cholestatic Liver Disease,Italy,2024.0,Italy
NCT07489716,A Phase II Clinical Trial of SHR-1826 for Non-Small Cell Lung Cancer,Not Yet Recruiting,Phase 2,,90,"Suzhou Suncadia Biopharmaceuticals Co., Ltd.",INDUSTRY,Non-Small Cell Lung Cancer,China,,China
NCT01037933,Comedy in Chemotherapy (COMIC) Study,Completed,Phase 2,,50,Queen's Medical Center,OTHER,Cancer; Chemotherapy,United States,,United States
NCT03253133,Assessing Safety of NIPOX in Peritoneal Carcinomatosis of CRC,Completed,Phase 1,2016-05-10,19,Institut du Cancer de Montpellier - Val d'Aurelle,OTHER,Colorectal Cancer,France,2016.0,France
NCT03342352,Nivolumab Plus Epacadostat in Combination With Chemotherapy Versus the EXTREME Regimen in Squamous Cell Carcinoma of the Head and Neck (CheckMate 9NA/ECHO-310),Withdrawn,Phase 3,2017-12-15,0,Incyte Corporation,INDUSTRY,Head and Neck Cancer,Unknown,2017.0,Unknown
NCT04589247,Improving Cancer On-treatment Symptom Management,Completed,Unknown,2020-11-16,104,Sidney Kimmel Comprehensive Cancer Center at Johns Hopkins,OTHER,Cancer; Thoracic Neoplasms; Gastrointestinal Cancer,United States,2020.0,United States
NCT04348838,Prospective Cohort of Patients With Hepatocellular Carcinoma in France,Recruiting,Unknown,2019-09-26,5000,"Centre Hospitalier Universitaire, Amiens",OTHER,Cancer of Liver; Hepatocellular Carcinoma,France,2019.0,France
NCT05994638,Polyphenol Rich Aerosol as a Support for Cancer Patients in Minimizing Side Effects After a Radiation Therapy,UNKNOWN,Unknown,2023-08-21,10,AronPharma Sp. z o. o.,INDUSTRY,Oral Mucositis,Poland,2023.0,Poland
NCT00039338,Chemotherapy Followed By Surgery Vs Radiotherapy Plus Chemotherapy in Patients With Stage IB or II Cervical Cancer,UNKNOWN,Phase 3,,686,European Organisation for Research and Treatment of Cancer - EORTC,NETWORK,Cervical Cancer,France; Italy; United Kingdom; Belgium; Portugal; Austria; Netherlands; Spain,,France
NCT01213238,"Hepatic Arterial Infusion Oxaliplatin, Capecitabine With or Without Bevacizumab",Completed,Phase 1,2010-09-30,116,M.D. Anderson Cancer Center,OTHER,Advanced Cancers,United States,2010.0,United States
NCT04461938,Characterization of Metabolic Changes in the Glioma Tumor Tissue Induced by Transient Fasting (ERGO3),"Active, Not Recruiting",Unknown,2020-08-19,30,Goethe University,OTHER,"Glioma, Mixed",Germany,2020.0,Germany
NCT05361538,Study of Microwave Spherical Ablation and Traditional Microwave Ablation in Single Hepatocellular Carcinoma ≤5cm,UNKNOWN,Unknown,2022-06-22,60,Tianjin Third Central Hospital,OTHER,Hepatocellular Cancer; Microwave Ablation; Microwave Spherical Ablation,China,2022.0,China
NCT01984658,"A Prospective, Open Phase I Study to Investigate the Tolerability and Efficacy of ALECSAT to Pancreas Cancer Patients",Completed,Phase 1,,10,CytoVac A/S,INDUSTRY,Pancreatic Cancer,Denmark,,Denmark
NCT02827838,Durvalumab Before Surgery in Treating Patients With Oral Cavity or Oropharynx Cancer,Terminated,Phase 1 (Early),,17,Wake Forest University Health Sciences,OTHER,Human Papillomavirus Infection; Stage I Oral Cavity Squamous Cell Carcinoma; Stage I Oropharyngeal Squamous Cell Carcinoma,United States,,United States
NCT04095858,"Efprezimod Alfa (CD24Fc, MK-7110) for the Prevention of Acute Graft Versus Host Disease (GVHD) Following Myeloablative Hematopoietic Stem Cell Transplantation (HSCT) (MK-7110-005)",Terminated,Phase 3,2021-01-05,11,"Oncoimmune, Inc., a subsidiary of Merck & Co., Inc. (Rahway, New Jersey USA)",INDUSTRY,Hematopoietic Stem Cell Transplantation; Acute Graft Versus Host Disease; Acute Myeloid Leukemia,United States,2021.0,United States
NCT07049848,"SATURN-STS: Phase II Study of Neoadjuvant Atezolizumab With Doxorubicin, Concurrent Atezolizumab With Pre-operative Radiation Therapy and Adjuvant Atezolizumab in Patients With High-risk Surgically Resectable Extremity and Truncal Soft Tissue Sarcoma",Recruiting,Phase 2,2025-09-11,50,M.D. Anderson Cancer Center,OTHER,Soft Tissue Sarcoma,United States,2025.0,United States
NCT03927248,"PAC-1 for Treatment of Refractory, Metastatic Kidney Cancer",Withdrawn,Phase 1,,0,HealthPartners Institute,OTHER,Metastatic Renal Cell Carcinoma,Unknown,,Unknown
NCT04876248,Belantamab Mafodotin and Lenalidomide for the Treatment of Multiple Myeloma in Patients With Minimal Residual Disease Positive After Stem Cell Transplant,"Active, Not Recruiting",Phase 2,2024-08-19,4,Roswell Park Cancer Institute,OTHER,Plasma Cell Myeloma,United States,2024.0,United States
NCT00238355,Voriconazole and Caspofungin Acetate in Treating Invasive Fungal Infections in Patients With Weakened Immune Systems,Terminated,Phase 2,,13,OHSU Knight Cancer Institute,OTHER,"Infection; Unspecified Adult Solid Tumor, Protocol Specific",United States,,United States
NCT05430126,Hepatotoxicity Related to Protein Kinase Inhibitors,UNKNOWN,Unknown,2022-06-19,600000,Central South University,OTHER,Cancer,China,2022.0,China
NCT03181126,A Study of Venetoclax in Combination With Navitoclax and Chemotherapy in Subjects With Relapsed/Refractory Acute Lymphoblastic Leukemia or Relapsed/Refractory Lymphoblastic Lymphoma,Completed,Phase 1,2017-11-27,69,AbbVie,INDUSTRY,Acute Lymphoblastic Leukemia (ALL); Lymphoblastic Lymphoma,United States; Australia,2017.0,United States
NCT02385578,"the Train the Trainer (TTT) Plan, to Improve the Young Endoscopist's Ability to Find the Early Gastric Cancer",UNKNOWN,Unknown,,16000,Shanghai Zhongshan Hospital,OTHER,Early Gastric Cancer,Unknown,,Unknown
NCT07446985,Is There a Benefit From Addition of Physical Exercise to Diet Restriction/Limitation in PCOS Women With Asthma?,Recruiting,Unknown,2026-02-07,40,Cairo University,OTHER,Polycystic Ovary Syndrome; Asthma,Egypt,,Egypt
NCT05530343,Seattle Biopsy Protocol Versus Wide-Area Transepithelial Sampling in Patients With Barrett's Esophagus Undergoing Surveillance,Recruiting,Unknown,2022-10-03,2298,"University of Colorado, Denver",OTHER,Barrett Esophagus; Barretts Esophagus With Dysplasia; Esophageal Adenocarcinoma,United States,2022.0,United States
NCT05640843,A Study Comparing a Plant-Based Diet With Supplements and Placebo in People With Monoclonal Gammopathy of Undetermined Significance (MGUS) or Smoldering Multiple Myeloma (SMM),Recruiting,Unknown,2022-11-29,180,Memorial Sloan Kettering Cancer Center,OTHER,Monoclonal Gammopathy of Undetermined Significance; Smoldering Multiple Myeloma,United States,2022.0,United States
NCT06730815,Body Image and Physical Activity of Women with Breast Cancer,Recruiting,Unknown,2024-09-01,300,University of Pecs,OTHER,Breast Cancer Female; Physical Inactivity; Quality of Life,Hungary,2024.0,Hungary
NCT02118415,Targeted Natural Killer (NK) Cell Based Adoptive Immunotherapy for the Treatment of Patients With Non-Small Cell Lung Cancer (NSCLC) After Radiochemotherapy (RCT),Completed,Phase 2,,13,Technical University of Munich,OTHER,NSCLC Stage IIIA/B,Germany,,Germany
NCT01359735,Healing Effects of HP802-247 Versus Antibiotic Ointment in Mohs Micrographic Surgery Patients,Completed,Phase 2,,8,Healthpoint,INDUSTRY,Non-melanoma Skin Cancer,United States,,United States
NCT03389035,Transposon-manipulated Allogeneic CARCIK-CD19 Cells in Pediatric and Adult Patients With r/r ALL Post HSCT,Completed,Phase 1,2017-12-20,21,Fondazione Matilde Tettamanti Menotti De Marchi Onlus,OTHER,"Acute Lymphoblastic Leukemia, in Relapse",Italy,2017.0,Italy
NCT06207435,Community Support Program for Lung Cancer Screening,Completed,Unknown,2023-02-10,242,Abramson Cancer Center at Penn Medicine,OTHER,Lung Cancer; Behavior,United States,2023.0,United States
NCT06048835,Circulating Tumour Cells Characterization in Breast Cancer Patients,Recruiting,Unknown,2022-12-01,80,Istituti Clinici Scientifici Maugeri SpA,OTHER,Breast Cancer,Italy,2022.0,Italy
NCT05560308,Phase II Clinical Study of T-DM1 and Pyrotinib Maleate in Patients With HER2-positive Metastatic Breast Cancer Who Had Progressed on TKI Therapy,UNKNOWN,Unknown,2022-09-30,50,Tianjin Medical University Cancer Institute and Hospital,OTHER,HER2+ Advanced Breast Cancer Patients Progressing on TKI Therapy,Unknown,2022.0,Unknown
NCT03580408,"Study Of Nivolumab Alone, Or In Combination With Vinblastin In Patients With Classical Hodgkin Lymphoma",Completed,Phase 2,2018-08-31,64,The Lymphoma Academic Research Organisation,OTHER,Hodgkin Lymphoma; Coexisting Medical Conditions,France; Belgium,2018.0,France
NCT01179308,Regional Anesthesia and Lung Cancer Recurrence,Terminated,Unknown,,67,The Cleveland Clinic,OTHER,Lung Cancer,United States; China,,United States
NCT07072208,"Pomalidomide, Rituximab and Orelabrutinib Combined With Polatuzumab Vedotin in the Treatment of Newly Diagnosed Elderly Patients With DLBCL",Recruiting,Unknown,2024-11-01,43,The First Affiliated Hospital of Soochow University,OTHER,Diffuse Large B-Cell Lymphoma,China,2024.0,China
NCT00054808,Phase II Gallium Nitrate in Relapsed or Refractory Non-Hodgkin's Lymphoma,Completed,Phase 2,,40,Genta Incorporated,INDUSTRY,Non-Hodgkin's Lymphoma; Relapsed Lymphoma; Refractory Lymphoma,United States,,United States
NCT05595408,Circulating and Urine Tumor DNA Dynamics Predict Minimal Residual Disease and Recurrence Risk in Locally Advanced Upper Tract Urothelial Carcinoma,Recruiting,Unknown,2022-02-01,84,RenJi Hospital,OTHER,Muscle Invasive Upper Tract Urothelial Carcinoma,China,2022.0,China
NCT00129025,Hypofractionated Radiotherapy (55 Gy/16 Fractions/4 Weeks) for Localized Prostate Cancer,Completed,Phase 1,,35,Alberta Health services,OTHER,Prostate Cancer,Canada,,Canada
NCT00868725,Detecting Lesions in the Oral Cavity With Thermal Imaging,Completed,Unknown,,50,Sheba Medical Center,OTHER_GOV,"Carcinoma, Squamous Cell",Israel,,Israel
NCT05505825,A Study of AK104 in Combination With Chiauranib in Patients With Extensive Stage Small Cell Lung Cancer,Completed,Phase 1,2022-08-26,36,Akeso,INDUSTRY,"SCLC,Extensive Stage",Australia; China,2022.0,Australia
NCT01022476,Raltegravir in Patients With End Stage Liver Disease and in Transplant Recipients,Completed,Phase 1,,14,"ANRS, Emerging Infectious Diseases",OTHER_GOV,HIV Infection; Liver Failure; Evidence of Liver Transplantation,France,,France
NCT03231176,Varlitinib Plus Capecitabine in Chinese Patients With Advanced or Metastatic Biliary Tract Cancer,Completed,Phase 2,2017-12-19,62,ASLAN Pharmaceuticals,OTHER,Biliary Tract Cancer,China,2017.0,China
NCT02301117,A Phase I Study of TAS-102 in Patients With Advanced Solid Tumors With Renal Impairment,Completed,Phase 1,,43,"Taiho Oncology, Inc.",INDUSTRY,Advanced Solid Tumors,United States; Serbia; Czechia,,United States
NCT00479817,Phase 2 AMG 386 in Comb. Paclitaxel for Subjects With Advanced Recurrent Epithelial Ovarian or Primary Peritoneal Cancer,Completed,Phase 2,2007-07-05,161,Amgen,INDUSTRY,Ovarian Cancer; Fallopian Tube Cancer; Primary Peritoneal Cancer,Unknown,2007.0,Unknown
NCT04945317,ROSE for Improved Molecular Marker Testing Via EBUS,ENROLLING_BY_INVITATION,Unknown,2021-05-14,349,Johns Hopkins University,OTHER,Non-small Cell Lung Cancer (NSCLC),United States,2021.0,United States
NCT01860040,Neoadjuvant Chemo for Non-metastatic Non-small Cell Lung Cancer,Terminated,Phase 2,,1,Western Regional Medical Center,OTHER,Non-squamous Cell Non-Metastatic Non-Small Cell Lung Cancer; Squamous Cell Non-Metastatic Non-Small Cell Lung Cancer,United States,,United States
NCT00001240,Evaluating Patients With Abnormal Levels of Gastric Acid,Completed,Unknown,,61,National Institute of Diabetes and Digestive and Kidney Diseases (NIDDK),NIH,Achlorhydria; Gastrinoma; Zollinger Ellison Syndrome,United States,,United States
NCT00576940,Standard and Immunostimulating Enteral Nutrition in Surgical Patients,Completed,Phase 4,,196,Jagiellonian University,OTHER,Gastric Cancer; Pancreatic Cancer,Poland,,Poland
NCT06899789,Long-term Follow-up of Checkpoint Inhibitors-induced Ileo-colitis,Recruiting,Unknown,2022-07-29,250,Fondazione IRCCS Policlinico San Matteo di Pavia,OTHER,"Immune Checkpoint Inhibitors-induced Colitis; Advanced Melanoma Skin Cancer, Non-small Cell Lung Carcinoma, Kidney Adenocarcinoma; Ileo-colitis",Italy,2022.0,Italy
NCT01841489,"A Phase 1 Study of Novel GS-9973 Tablet Formulations to Evaluate the Effect of Acid Reducing Agents, Relative Bioavailability, and Food Effect on GS-9973 Pharmacokinetics",Completed,Phase 1,,56,Gilead Sciences,INDUSTRY,Chronic Lymphocytic Leukemia,United States,,United States
NCT05307289,Study of Alterations in Tumor Metabolism Associated With the Development of Immunotherapy Resistance in Melanoma,Recruiting,Unknown,2022-05-25,20,Centre Hospitalier Universitaire de Nice,OTHER,Melanoma (Skin),France,2022.0,France
NCT06054789,Clinical Study on 68Ga-PSMA-33 for PET/CT Imaging of Prostate Cancer,UNKNOWN,Unknown,2022-10-01,8,"Nanjing First Hospital, Nanjing Medical University",OTHER,Prostate Cancer,China,2022.0,China
NCT03721289,Evaluation in Real World of Molecular Testing and Treatment Patterns for EGFR Mutation in Lung Cancer Patients,Completed,Unknown,2018-11-29,463,AstraZeneca,INDUSTRY,"Carcinoma, Non-Small-Cell Lung",Colombia; Chile; Uruguay; Argentina,2018.0,Colombia
NCT05510089,Etoposide+Cytarabine+PEG-rhG-CSF for Hematopoietic Stem Cell Mobilization in Patients With Hematological Malignancies,UNKNOWN,Unknown,2022-09-01,62,The Affiliated People's Hospital of Ningbo University,OTHER_GOV,Hematological Malignancy,China,2022.0,China
NCT03106389,Misoprostol With And Without Transcervical Balloon Catheter In Second Trimester Termination Of Pregnancy,UNKNOWN,Phase 4,2017-03-01,108,Ain Shams Maternity Hospital,OTHER,"Pregnancy Trimester, Second; Misoprostol; Catheters",Egypt,2017.0,Egypt
NCT00575068,Safety and Efficacy of IDEC-114 in the Treatment of Non-Hodgkin's Lymphoma,Completed,Phase 1,,42,Biogen,INDUSTRY,Non-Hodgkin's Lymphoma,United States,,United States
NCT04098068,Study of MK-3475 (Pembrolizumab) in Patients With Microsatellite Unstable (MSI) Tumors (Cohort D),Completed,Phase 2,2018-01-25,12,Sidney Kimmel Comprehensive Cancer Center at Johns Hopkins,OTHER,High Tumor Mutation Burden; High TMB (Tumor Mutation Burden); MSS (Microsatellite Stable),United States,2018.0,United States
NCT03112668,Acceptance and Commitment Therapy in Improving Well-Being in Patients With Stage III-IV Cancer and Their Partners,Completed,Unknown,2017-12-06,14,"Rutgers, The State University of New Jersey",OTHER,Malignant Female Reproductive System Neoplasm; Malignant Hepatobiliary Neoplasm; Partner,United States,2017.0,United States
NCT00287768,Phase III Study of Docetaxel + S-1 vs. S-1 for Advanced Gastric Cancer,Completed,Phase 3,,628,Japan Clinical Cancer Research Organization,OTHER,Gastric Cancer,Japan,,Japan
NCT00218868,Cytodiagnosis of Basal Cell Carcinoma and Actinic Keratosis Using Papanicolaou and May-grunwald-giemsa Stained Tissue Smear,Completed,Unknown,,66,Norwegian University of Science and Technology,OTHER,"Carcinoma, Basal Cell; Porokeratosis, Disseminated Superficial Actinic",Norway,,Norway
NCT05929768,Shorter Chemo-Immunotherapy Without Anthracycline Drugs for Early-Stage Triple Negative Breast Cancer,Recruiting,Phase 3,2023-09-15,2400,SWOG Cancer Research Network,NETWORK,Anatomic Stage I Breast Cancer AJCC v8; Anatomic Stage II Breast Cancer AJCC v8; Anatomic Stage IIIA Breast Cancer AJCC v8,United States; Mexico; Puerto Rico,2023.0,United States
NCT00299117,Brief Smoking Intervention for Women Undergoing Breast Cancer Surgery,Completed,Unknown,,130,Herlev Hospital,OTHER,Breast Cancer; Smoking,Denmark,,Denmark
NCT05744440,Safety and Efficacy of Allogenic NK Cells in Combination With Chemotherapy in the Treatment of r/r AML After Allo-HSCT,UNKNOWN,Phase 1 (Early),2023-03-01,12,Xuzhou Medical University,OTHER,Acute Myeloid Leukemia,China,2023.0,China
NCT02187289,Studying if Adding Night Compression to Standard Care Will Have Improved Control of Lymphedema in Breast Cancer Subjects,Completed,Unknown,,120,AHS Cancer Control Alberta,OTHER,Breast Cancer; Lymphedema,Canada,,Canada
NCT02035787,Metformin With the Levonorgestrel-Releasing Intrauterine Device for the Treatment of Complex Atypical Hyperplasia (CAH) and Endometrial Cancer (EC) in Non-surgical Patients,Completed,Phase 2,2014-02-27,20,UNC Lineberger Comprehensive Cancer Center,OTHER,Complex Atypical Hyperplasia; Endometrial Cancer,United States,2014.0,United States
NCT04618887,A Comparative Study of GPI's DBS and Pallidotomy in the Treatment of Meige Syndrome,UNKNOWN,Unknown,2020-01-01,100,Peking University People's Hospital,OTHER,Meige Syndrome; Meigs Syndrome; Meige Disease,China,2020.0,China
NCT07429487,"Assessment of Adherence to Remotely Monitored Physical Activity Tracked on a Smartwatch, and Its Impact on Reducing Fatigue 3 Months After Adjuvant Chemotherapy for Cancer",Not Yet Recruiting,Unknown,2026-06-15,98,Centre Antoine Lacassagne,OTHER,Breast Cancer; Colorectal Cancer; Ovarian Adenocarcinoma,France,,France
NCT06360614,The Effect of Hand Massage Applied to Palliative Care Oncology Patients,Completed,Unknown,2024-05-15,76,murat koç,OTHER_GOV,Hand Massage,Turkey (Türkiye),2024.0,Turkey (Türkiye)
NCT06836414,Lung Cancer Screening CT for Firefighters,Withdrawn,Unknown,2026-03-31,0,"University of California, San Francisco",OTHER,"Smoke Inhalation; Exposure, Inhalation; Exposure to Pollution",Unknown,,Unknown
NCT05462314,"Intestinal Microbiome, Oral Microbiome, and Whole Blood Transcriptome Analyses in Gastrointestinal Malignancies",Completed,Unknown,2022-03-29,24,Viome,INDUSTRY,Gastrointestinal Cancer; Pancreatic Cancer; Esophageal Cancer,United States,2022.0,United States
NCT03384914,Vaccine to Prevent Recurrence in Patients With HER-2 Positive Breast Cancer,"Active, Not Recruiting",Phase 2,2018-02-19,119,H. Lee Moffitt Cancer Center and Research Institute,OTHER,"Breast Cancer Female; Breast Cancer, Male; Breast Cancer Stage I",United States,2018.0,United States
NCT05336916,Effectiveness of Blended and Unguided Delivery of Mindfulness-based Cognitive Therapy for Cancer Patients,UNKNOWN,Unknown,2021-01-20,254,Radboud University Medical Center,OTHER,Cancer,Netherlands,2021.0,Netherlands
NCT02920216,Interest of Fluorescence in Salvage Surgery for Recurrence of Head and Neck Cancer in Irradiated Area,Completed,Unknown,2016-12-06,10,Institut de Cancérologie de Lorraine,OTHER,Head and Neck Cancer,France,2016.0,France
NCT00619684,Lenalidomide in Treating Patients With Progressive or Recurrent Multiple Myeloma After a Donor Stem Cell Transplant,Completed,Phase 2,,18,Fred Hutchinson Cancer Center,OTHER,Refractory Multiple Myeloma; Stage I Multiple Myeloma; Stage II Multiple Myeloma,United States,,United States
NCT04952584,Allogeneic CD30 Chimeric Antigen Receptor Epstein-Barr Virus-Specific T Lymphocytes in Relapsed or Refractory CD30-Positive Lymphomas,Withdrawn,Phase 1,,0,Baylor College of Medicine,OTHER,"Extranodal Natural Killer/T-Cell Lymphoma, Nasal Type; Classical Hodgkin Lymphoma",United States,,United States
NCT02838433,Study of Anti-telomerase T CD4 Immunity in Melanoma,UNKNOWN,Unknown,,200,Centre Hospitalier Universitaire de Besancon,OTHER,Melanoma,France,,France
NCT02396433,"Combination of Carboplatin, Eribulin Mesylate, and E7449 in BRCA-Related Cancers",Withdrawn,Phase 1,,0,The University of Texas Health Science Center at San Antonio,OTHER,Cancer of the Breast,Unknown,,Unknown
NCT01426633,Combination Therapy of Gemcitabine and Trabectedin in L-sarcomas,Completed,Phase 1,,5,Heidelberg University,OTHER,Leiomyosarcoma; Liposarcoma,Germany,,Germany
NCT00923052,The Natural History of Solid Organ Cancer Stem Cells (SOCSC),Terminated,Unknown,2009-02-09,190,National Cancer Institute (NCI),NIH,Hepatic Cancer; Pancreatic Ductal Cancer; Colorectal Cancer,United States,2009.0,United States
NCT06203652,The Pathogenesis and Prognostic Factors of Lymphoma,Recruiting,Unknown,2023-06-05,2000,Shanghai Zhongshan Hospital,OTHER,Lymphoma; Hodgkin Lymphoma; Non-hodgkin Lymphoma,China,2023.0,China
NCT06565052,The Impact of PReOPerative Exercise and NutritionaL Optimization on Perioperative Outcomes for Patients Undergoing Treatment for Rectal Cancer: The PROPEL Trial,Recruiting,Unknown,2024-12-15,40,Dana-Farber Cancer Institute,OTHER,Rectal Cancer; Colorectal Cancer; Rectal Cancer Stage II,United States,2024.0,United States
NCT04309747,"A Prospective, Multicenter Clinical Trial of Safety and Effectiveness of Nanosecond Knife Ablation for Liver Cancer",UNKNOWN,Unknown,2020-04-01,190,First Affiliated Hospital of Zhejiang University,OTHER,Liver Cancer,Unknown,2020.0,Unknown
NCT04705649,Tailored Adjuvant Therapy in POLE-mutated and p53-wildtype Early Stage Endometrial Cancer,Completed,Unknown,2020-07-14,42,British Columbia Cancer Agency,OTHER,Endometrial Cancer,Canada,2020.0,Canada
NCT01450449,Short Course vs. Standard Course Radiotherapy in Elderly and/or Frail Patients With Glioblastoma Multiforme,Completed,Phase 3,,115,International Atomic Energy Agency,OTHER_GOV,Glioblastoma Multiforme,Estonia; Tunisia; Chile; Canada; Brazil; Argentina; Thailand; Indonesia; Poland; Turkey (Türkiye); Georgia; Ireland; India; Belarus,,Estonia
NCT06136949,The Theranostic Value of STARD3 in Colorectal Cancer: The STAR Study,Recruiting,Unknown,2023-05-22,150,Centro di Riferimento Oncologico - Aviano,OTHER,Colorectal Cancer,Italy,2023.0,Italy
NCT02997449,Complete Endosonographic Intrathoracic Nodal Staging of Lung Cancer Patients in Whom SABR is Considered,UNKNOWN,Unknown,,102,Academisch Medisch Centrum - Universiteit van Amsterdam (AMC-UvA),OTHER,Non Small Cell Lung Cancer (NSCLC); Intrathoracic Nodal Staging,Poland; Netherlands,,Poland
NCT03503149,Molecular Tumor Board at the Center for Personalized Medicine Tübingen,Recruiting,Unknown,2018-03-01,1000,University Hospital Tuebingen,OTHER,Advanced Cancer,Germany,2018.0,Germany
NCT01616849,Study of Chemotherapy Combined With Nimotuzumab in Untreated Metastatic Nasopharyngeal Carcinoma,Completed,Phase 2,,39,Sun Yat-sen University,OTHER,Stage IV Nasopharyngeal Carcinoma,China,,China
NCT03945838,Assessment of Muscle Strength and Volume Changes in Patients With Breast Cancer- Related Lymphedema,Completed,Unknown,2017-04-04,74,Ege University,OTHER,Lymphedema Arm; Lymphedema; Surgical,Turkey (Türkiye),2017.0,Turkey (Türkiye)
NCT04143048,A Study on Non-invasive Early Diagnosis of Gastrointestinal Stromal Tumors and Differentiation of Benign and Malignant Nodules,UNKNOWN,Unknown,2019-09-01,300,The First Affiliated Hospital with Nanjing Medical University,OTHER,Gastrointestinal Stromal Tumor,China,2019.0,China
NCT07439458,Tumour Cell Response to Acute Aerobic Exercise in Breast Cancer Survivors: Modulatory Effects of Exercise Type and Intensity,Recruiting,Unknown,2024-04-01,40,Riga Stradins University,OTHER,Acute Exercise; Breast Cancer Cell Lines; Breast Cancer Survivors,Latvia,2024.0,Latvia
NCT00907348,Prospective Multicenter Dose Finding Phase II Pilot Trial to Evaluate Efficacy and Safety of LR-CHOP21 for Elderly Patients With Untreated Diffuse Large B Cell Lymphoma,UNKNOWN,Phase 2,,49,Fondazione Italiana Linfomi - ETS,OTHER,Non Hodgkin Lymphoma; Follicular Lymphoma,Italy,,Italy
NCT00060255,"High-Dose Chemotherapy, Total-Body Irradiation, and Autologous Stem Cell Transplantation or Bone Marrow Transplantation in Treating Patients With Hematologic Cancer or Solid Tumors",Completed,Phase 2,,451,Roswell Park Cancer Institute,OTHER,Breast Cancer; Leukemia; Lymphoma,United States,,United States
NCT00062426,Oxaliplatin and Bevacizumab (Avastin™) With Either Fluorouracil and Leucovorin or Capecitabine in Treating Patients With Advanced Colorectal Cancer,Completed,Phase 3,,61,Prologue Research International,INDUSTRY,Colorectal Cancer,United States,,United States
NCT03419078,Nutrition and Outcomes of Hematopoietic Cell Transplantation (HCT),Completed,Unknown,,484,Imperial College Healthcare NHS Trust,OTHER,Allogeneic Stem Cell Transplant; Graft Versus Host Disease; Hematologic Malignancy,Unknown,,Unknown
NCT05760378,Famitinib in Combination With Camrelizumab and TPC in The First-line Treatment of Immunomodulatory Locally Advanced or Metastatic TNBC.,Recruiting,Phase 3,2023-03-17,223,Fudan University,OTHER,Triple-Negative Breast Cancer,China,2023.0,China
NCT04862078,Shared Decision Making in Surveillance for Distant Metastasis in Breast Cancer,"Active, Not Recruiting",Unknown,2021-07-06,368,Seoul National University Hospital,OTHER,Breast Cancer; Survivorship; Quality of Life,South Korea,2021.0,South Korea
NCT04352478,Incidental Cancer in Gallbladder Surgical Specimens Focus on Elderly Patients,Completed,Unknown,2020-01-20,2389,Dr. Ersin Arslan Education and Training Hospital,OTHER_GOV,Pathology,Turkey (Türkiye),2020.0,Turkey (Türkiye)
NCT05203978,Virtual Reality Colonoscopy : a Study From Nancy,UNKNOWN,Unknown,,120,"Central Hospital, Nancy, France",OTHER,Colorectal Neoplasms; Colorectal Polyp,Unknown,,Unknown
NCT05326243,Phase 1/2 Study of CD19 Chimeric Antigen Receptor T-cell (CD19 CAR-T; PL001) for Relapsed or Refractory B-cell Lymphoma,Recruiting,Phase 1,2022-05-31,49,"Pell Bio-Med Technology Co., Ltd.",INDUSTRY,Diffuse Large B Cell Lymphoma; Primary Mediastinal Large B Cell Lymphoma; Large B-cell Lymphoma,Taiwan,2022.0,Taiwan
NCT02819843,"A Study of T-VEC (Talimogene Laherparepvec) With or Without Radiotherapy for Melanoma, Merkel Cell Carcinoma, or Other Solid Tumors",Completed,Phase 2,2016-06-21,19,Memorial Sloan Kettering Cancer Center,OTHER,Melanoma; Merkel Cell Carcinoma; Other Solid Tumors,United States,2016.0,United States
NCT00851643,Broad Spectrum HPV Vaccine Dose Escalation Study (V502-002),Completed,Phase 1,,158,Merck Sharp & Dohme LLC,INDUSTRY,Human Papilloma Virus; Cervical Cancer; Vulvar Cancer,Unknown,,Unknown
NCT03529643,Effect of Anesthetic Method on Optic Nerve Sheath Diameter in Patients Undergoing RALP,Completed,Unknown,2018-05-24,128,Asan Medical Center,OTHER,Prostate Cancer,South Korea,2018.0,South Korea
NCT00398515,Lenalidomide and Temsirolimus in Treating Patients With Previously Treated Multiple Myeloma,Completed,Phase 1,,25,National Cancer Institute (NCI),NIH,Refractory Multiple Myeloma; Stage II Multiple Myeloma; Stage III Multiple Myeloma,United States,,United States
NCT07280715,Investigating Real-Time Immunotherapy Symptoms Study,Not Yet Recruiting,Unknown,,40,University of Pittsburgh,OTHER,Cancer; Melanoma (Skin Cancer); Immunotherapy,United States,,United States
NCT00234715,Psychosocial Study on Breast Cancer Risk Assessment,Completed,Unknown,,62,"University Health Network, Toronto",OTHER,Breast Cancer,Canada,,Canada
NCT04188535,Serial MRI Scans During Radiation Therapy,Recruiting,Unknown,2020-01-15,149,Dana-Farber Cancer Institute,OTHER,Glioblastoma; Esophageal Cancer; Radiotherapy,United States,2020.0,United States
NCT00014235,Fludarabine Phosphate and Total-Body Radiation Followed by Donor Peripheral Blood Stem Cell Transplant and Immunosuppression in Treating Patients With Hematologic Malignancies,Completed,Unknown,,160,Fred Hutchinson Cancer Center,OTHER,Acute Myeloid Leukemia/Transient Myeloproliferative Disorder; Acute Undifferentiated Leukemia; Adult Acute Lymphoblastic Leukemia in Remission,United States; Italy; Germany,,United States
NCT06960135,Trifecta Achievement in Open and Laparoscopic Partial Nephrectomy,Completed,Unknown,2022-06-01,70,South Valley University,OTHER,Trifecta Achievement; Pentafecta Achievement,Egypt,2022.0,Egypt
NCT05701735,Decision Aid for Chemotherapy in Cisplatin-Intolerant Patients With Locally Advanced Cervical Cancer,UNKNOWN,Unknown,2023-02-20,45,"University of Santo Tomas Hospital, Philippines",OTHER,Locally Advanced Cervical Carcinoma,Philippines,2023.0,Philippines
NCT00248235,Resistance Exercise Training for the Shoulder and Neck Following Surgery for Head and Neck Cancer,Completed,Phase 2,,64,University of Alberta,OTHER,Head and Neck Neoplasms,Canada,,Canada
NCT07150208,T-DXd With or Without Bevacizumab for HER2-low Breast Cancer With Brain Metastasis,Not Yet Recruiting,Phase 2,,140,Fudan University,OTHER,Breast Cancer With Brain Metastasis; HER2-low Expressing Breast Cancer,China,,China
NCT04694508,Intraoperative Music Therapy in Gynecological Oncology,Completed,Unknown,2018-11-19,80,Hospital Universitari Vall d'Hebron Research Institute,OTHER,Music Therapy; General Anesthesia; Surgery,Spain,2018.0,Spain
NCT03310008,Dose Escalation and Dose Expansion Phase I Study to Assess the Safety and Clinical Activity of Multiple Doses of NKR-2 Administered Concurrently With FOLFOX in Colorectal Cancer With Potentially Resectable Liver Metastases,UNKNOWN,Phase 1,2017-08-07,36,Celyad Oncology SA,INDUSTRY,Colon Cancer Liver Metastasis,Belgium,2017.0,Belgium
NCT07164976,Ribociclib for HR-positive HER2-negative Metastatic Breast Cancer,Recruiting,Phase 1,2025-10-01,86,Nagoya City University,OTHER,Breast Cancer,Japan,2025.0,Japan
NCT03200717,"Study of Efficacy, Safety, and Quality of Life of Pazopanib in Patients With Advanced and/or Metastatic Renal Cell Carcinoma After Prior Checkpoint Inhibitor Treatment",Completed,Phase 2,2017-11-14,62,Novartis Pharmaceuticals,INDUSTRY,Advanced Renal Cell Carcinoma; Metastatic Renal Cell Carcinoma,France; Chile; Canada; Argentina; United States; Germany; Czechia; United Kingdom; Austria; Hungary; Spain,2017.0,France
NCT05395117,"A Study to Assess the Effect of AZD5462 on the Pharmacokinetics of Midazolam, Rosuvastatin and Digoxin",Completed,Phase 1,2022-06-30,32,AstraZeneca,INDUSTRY,Healthy Participants,United States,2022.0,United States
NCT04721717,AIM's Writing for Healing: A Workshop for Individuals Living With Paralysis,Recruiting,Unknown,2020-09-01,160,University of Alabama at Birmingham,OTHER,Spinal Cord Injuries; Multiple Sclerosis; Transverse Myelitis,United States,2020.0,United States
NCT04761640,The Impact of Polynuclear Neutrophils' Intra-tumoral Rate and the Mutational Status in Pulmonary Adenocarcinomas on Survival,UNKNOWN,Unknown,,100,"Central Hospital, Nancy, France",OTHER,Pulmonary Adenocarcinoma,Unknown,,Unknown
NCT00532740,Radiolabeled Glass Beads in Treating Patients With Metastatic Liver Cancer That Cannot Be Removed by Surgery,Completed,Unknown,,2000,Northwestern University,OTHER,Liver Cancer; Metastatic Cancer,United States,,United States
NCT03948789,Phase III Study of MR-Guided Focused Ultrasound Surgery for the Treatment of Uterine Fibroids Compared to Myomectomy,"Active, Not Recruiting",Phase 3,2020-07-15,127,Krankenhaus Nordwest,OTHER,Uterine Fibroids,Germany,2020.0,Germany
NCT00879489,Cellular Immunotherapy Study With Autologous Dendritic Cells Loaded With Oncofetal Antigen/iLRP in Patients With Metastatic Breast Cancer,UNKNOWN,Phase 1,,24,"Quantum Immunologics, Inc.",OTHER,Breast Cancer,United States,,United States
NCT02102789,A Study of Systemic Chemotherapy With/Without HAI in Patients With Initially Unresectable Colorectal Liver Metastasis,UNKNOWN,Phase 3,,142,Yuhong Li,OTHER,Metastatic Colorectal Cancer,China,,China
NCT04411589,The Diagnostic Ability of White Light Endoscopy and Magnifying Endoscopy With Optical Enhancement System,UNKNOWN,Unknown,2020-05-01,300,Shandong University,OTHER,Early Gastric Cancer,China,2020.0,China
NCT06536868,Tislelizumab Combined With Chemotherapy and Thoracic Radiotherapy in ES-SCLC,Recruiting,Phase 2,2024-08-01,40,Second Hospital of Shanxi Medical University,OTHER,Extensive-stage Small-cell Lung Cancer,China,2024.0,China
NCT00425191,Taxotere Combinations as First Line Therapy for Locally Advanced Unresectable or Metastatic Non-small Cell Lung Cancer.,Completed,Phase 2,,165,Sanofi,INDUSTRY,Non-small Cell Lung Cancer,Italy,,Italy
NCT05622591,ELU001 in Pediatric Subjects Who Have Relapsed and/or Refractory CBFA2T3-GLIS2-positive AML,Withdrawn,Phase 1,2024-06-07,0,Elucida Oncology,INDUSTRY,"Acute Myeloid Leukemia; AML, Childhood; Relapsed Pediatric AML",Unknown,2024.0,Unknown
NCT04059874,Treatment of Non-small Cell Lung Cancer With PD-1 Monoclonal Antibody Combined With Donafenib Toluene Sulfonate,UNKNOWN,Phase 1,2019-07-31,20,First Affiliated Hospital of Zhejiang University,OTHER,Non-small Cell Lung Cancer,China,2019.0,China
NCT01563874,Proteomic-Based Profiling of Lymphomas: Chromatin Proteomics; Composition and Modification of Histone and Non-Histone Chromosomal Proteins,Completed,Unknown,2009-06-02,130,National Cancer Institute (NCI),NIH,Lymphoma; Lymphoid Hyperplasia,United States,2009.0,United States
NCT03812874,A Study of PTX-9908 Injection for Non-resectable HCC with TACE,Recruiting,Phase 1,2020-10-06,50,TCM Biotech International Corp.,INDUSTRY,"Carcinoma, Hepatocellular",Taiwan,2020.0,Taiwan
NCT03147287,Palbociclib After CDK and Endocrine Therapy (PACE),"Active, Not Recruiting",Phase 2,2017-09-05,220,Dana-Farber Cancer Institute,OTHER,Metastatic Breast Cancer,United States,2017.0,United States
NCT04275687,Thoracic Re-irradiation For Locoregionally Recurrent Non-small Cell Lung Cancer,UNKNOWN,Phase 2,2020-03-01,35,Sun Yat-sen University,OTHER,Loco-regionally Recurrent NSCLC After Thoracic Radiotherapy,China,2020.0,China
NCT01015521,Efficacy Study of Aminoflavone Prodrug to Treat Breast Cancer,Withdrawn,Phase 2,,50,Tigris Pharmaceuticals,INDUSTRY,Breast Neoplasm,Unknown,,Unknown
NCT07249021,This is a Multicentre International Study Evaluating CT-based IGABT With / Without Either TRUS During BT/Pre BT MR as Per IBS-GECESTRO-ABS Recommendations for Target contouring-as an Alternative to MRIGABT for Cervical Cancer From Implementation Perspectives Under EMBRACE-III:TRIPLET IMPACT Study.,Not Yet Recruiting,Unknown,,1200,Homi Bhabha Cancer Hospital & Research Centre,OTHER,Locally Advanced Cervical Cancer; Brachytherapy; CT,India,,India
NCT04268121,Efficacy of Neoadjuvant Chemotherapy in Terms of DFS in Patients With Localized Digestive Neuroendocrine Carcinomas,Recruiting,Phase 2,2021-01-05,78,GERCOR - Multidisciplinary Oncology Cooperative Group,OTHER,Neuroendocrine Carcinoma; Digestive Cancer,France,2021.0,France
NCT06235814,Molecular Analysis for Precision Surgery in Thyroid Cancer Trial,Completed,Unknown,2024-02-19,2,"University of California, Los Angeles",OTHER,Papillary Thyroid Cancer,United States,2024.0,United States
NCT02598414,The Role of Indocyanine Green (ICG) Fluorescence Imaging on Anastomotic Leak in Robotic Colorectal Surgery,UNKNOWN,Phase 2,,102,Acibadem University,OTHER,Colon Neoplasms; Rectal Neoplasms; Inflammatory Bowel Disease,Turkey (Türkiye),,Turkey (Türkiye)
NCT00216814,Antiangiogenic Effects of BCG on Urinary Concentration of Angiogenic Factors,Terminated,Unknown,,220,London Health Sciences Centre Research Institute OR Lawson Research Institute of St. Joseph's,OTHER,Bladder Cancer,Canada,,Canada
NCT01915316,Measurements Of Zinc Concentration On Specimens Taken During Trans-Perineal Prostate Biopsy,Completed,Unknown,,30,ProSight,INDUSTRY,Prostate Cancer,Israel,,Israel
NCT03986606,A Study of PSB205 in Subjects With Advanced Solid Tumors,UNKNOWN,Phase 1,2019-07-05,64,Qilu Puget Sound Biotherapeutics (dba Sound Biologics),INDUSTRY,Neoplasm Malignant,United States,2019.0,United States
NCT01553916,Neuroprotective Effects of Lithium in Patients With Small Cell Lung Cancer Undergoing Radiation Therapy to the Brain,Completed,Phase 1,2012-04-26,19,Washington University School of Medicine,OTHER,Small Cell Lung Carcinoma,United States,2012.0,United States
NCT06877884,A Prospective Registry to Enable Collection of Standardized Routine Care Oncology Patient Data,Recruiting,Unknown,2022-08-01,20000,N-Power Medicine,INDUSTRY,Cancer,United States,2022.0,United States
NCT06184152,CEUS vs. AMRI for HCC Detection in Patients With Indeterminate Liver Nodules,Recruiting,Unknown,2023-11-28,600,University of Texas Southwestern Medical Center,OTHER,HCC; Hepatocellular Carcinoma,United States,2023.0,United States
NCT02343952,Consolidation Pembrolizumab Following Chemoradiation in Patients With Inoperable/Unresectable Stage III NSCLC,Completed,Phase 2,2015-03-09,93,"Nasser Hanna, M.D.",OTHER,"Carcinoma, Non-Small-Cell Lung",United States,2015.0,United States
NCT05921552,Senior Adult Hepatobiliary Prehab Study,"Active, Not Recruiting",Unknown,2023-06-26,25,H. Lee Moffitt Cancer Center and Research Institute,OTHER,Hepatobiliary Cancer; Cholangiocarcinoma; Liver Metastases,United States,2023.0,United States
NCT06349252,Survival Validation and Gene Mutations of N Descriptors in the Ninth Edition of the TNM Classification for Lung Cancer,UNKNOWN,Unknown,2021-01-01,1263,Fudan University,OTHER,Non-small Cell Lung Cancer,China,2021.0,China
NCT03198052,GPC3/Mesothelin/Claudin18.2/GUCY2C/B7-H3/PSCA/PSMA/MUC1/TGFβ/HER2/Lewis-Y/AXL/EGFR-CAR-T Cells Against Cancers,Recruiting,Phase 1,2017-07-01,30,Second Affiliated Hospital of Guangzhou Medical University,OTHER,Lung Cancer; Cancer; Immunotherapy,China,2017.0,China
NCT00357149,Neoadjuvant Docetaxel Plus Cisplatin and 5-fluorouracil (TPF) Followed by Concomitant Chemoradiotherapy and Chemoradiotherapy Alone in Locally Advanced Squamous Cell Carcinoma of the Head and Neck Patients (SCCHNS),Completed,Phase 2,,101,Sanofi,INDUSTRY,Head and Neck Neoplasms,Italy,,Italy
NCT04242849,IDH1/2 Mutational Analysis in AML Patients: Diagnosis and Follow-up,Completed,Unknown,2016-05-23,354,Josep Carreras Leukaemia Research Institute,OTHER,Acute Myeloid Leukemia,Unknown,2016.0,Unknown
NCT06629038,"Estimating Jaw, Neck, and Shoulder Range of Motion Using an AI Model",Recruiting,Unknown,2024-12-05,40,National Taiwan University Hospital,OTHER,Oral Cancer,Taiwan,2024.0,Taiwan
NCT06014658,"Safety, PK, and Preliminary Efficacy of MBRC-101 in Advanced Refractory Solid Tumors",Recruiting,Phase 1,2023-11-07,130,MBrace Therapeutics,INDUSTRY,Cancer,United States,2023.0,United States
NCT00003958,Combination Chemotherapy in Treating Patients With Previously Untreated Rhabdomyosarcoma,Completed,Phase 3,,702,Children's Oncology Group,NETWORK,Adult Malignant Mesenchymoma; Adult Rhabdomyosarcoma; Alveolar Childhood Rhabdomyosarcoma,United States,,United States
NCT00500058,"A Phase I, Dose-Escalation Study to Assess the Safety and Biological Activity of Recombinant Human Interleukin-18",Completed,Phase 1,2007-07-31,24,GlaxoSmithKline,INDUSTRY,"Lymphoma, Non-Hodgkin",United States,2007.0,United States
NCT02445248,Study of Efficacy and Safety of CTL019 in Adult DLBCL Patients,Completed,Phase 2,2015-07-29,115,Novartis Pharmaceuticals,INDUSTRY,Diffuse Large B-cell Lymphoma (DLBCL),France; Japan; Netherlands; Canada; United States; Norway; Germany; Australia; Austria; Italy,2015.0,France
NCT02564848,Safety and Efficacy of Omission of Sentinel Node Biopsy in Patients With Estrogen-Positive Breast Cancer Over Age 65,"Active, Not Recruiting",Unknown,2016-01-22,200,Cedars-Sinai Medical Center,OTHER,Breast Cancer,United States,2016.0,United States
NCT04477655,Prone Positioning in Non-intubated Patients With COVID-19 Associated Acute Respiratory Failure,Completed,Unknown,2020-05-03,430,Hospital Civil de Guadalajara,OTHER,Covid19,Mexico,2020.0,Mexico
NCT00207155,An Exploratory Pharmacogenomic Study of Monotherapy Erbitux in Subjects With Metastic Colorectal Cancer,Completed,Phase 1,,110,Eli Lilly and Company,INDUSTRY,Metastatic Colorectal Cancer,United States; Canada; Spain,,United States
NCT05008055,Study of Capivasertib in Relapsed or Refractory B-cell Non-Hodgkin Lymphoma,Completed,Phase 2,2021-11-03,30,AstraZeneca,INDUSTRY,Relapsed or Refractory B-cell Non-Hodgkin Lymphoma,France; Denmark; Canada; United States; United Kingdom; South Korea; Spain,2021.0,France
NCT07143955,Dietary Intervention and Gut Microbiota in Hepatocellular Carcinoma (HCC),Completed,Unknown,2022-05-01,100,The First Hospital of Hebei Medical University,OTHER,Hepatocellular Carcinoma (HCC),China,2022.0,China
NCT02323126,Study of Efficacy and Safety of Nivolumab in Combination With EGF816 and of Nivolumab in Combination With INC280 in Patients With Previously Treated Non-small Cell Lung Cancer,Terminated,Phase 2,2015-02-09,64,Novartis Pharmaceuticals,INDUSTRY,Non Small Cell Lung Cancer,France; United States; Singapore; Germany; Switzerland; Australia; Italy; Spain,2015.0,France
NCT02495155,Initial Assessment of an Internet-based Symptom Management Intervention in Early Stage Breast Cancer,Completed,Unknown,,45,University of Michigan,OTHER,Breast Cancer; Fatigue; Insomnia,United States,,United States
NCT05231655,Ex VIvo DEtermiNed Cancer Therapy,Recruiting,Unknown,2021-07-07,600,Sheffield Teaching Hospitals NHS Foundation Trust,OTHER,Bladder Cancer; Kidney Cancer; Melanoma,United Kingdom,2021.0,United Kingdom
NCT02019355,Actinic Keratosis Study,Completed,Phase 1 (Early),,132,Washington University School of Medicine,OTHER,Actinic Keratosis,United States,,United States
NCT06200155,Psilocybin-Assisted Psychotherapy in Patients With Advanced Cancer on Maintenance Therapy,Recruiting,Phase 2,2024-04-16,30,M.D. Anderson Cancer Center,OTHER,"Depression, Anxiety; Psilocybin-Assisted Psychotherapy; Advanced Cancer",United States,2024.0,United States
NCT04614155,Project Self in Improving Cervical Cancer Screening Rates in Hispanic and African American Women,Completed,Unknown,2019-08-27,40,M.D. Anderson Cancer Center,OTHER,Healthy Subject,United States,2019.0,United States
NCT03703778,Real-life Evaluation of the Effect of ADT in Prostate Cancer Patients in Asia (READT Asia Study),"Active, Not Recruiting",Unknown,2016-05-22,300,Chinese University of Hong Kong,OTHER,Prostate Cancer,Hong Kong,2016.0,Hong Kong
NCT05644743,Clinical Transformation of Organoid Model to Predict the Efficacy of GC in the Treatment of Intrahepatic Cholangiocarcinoma,Not Yet Recruiting,Unknown,,40,"Chengjun Sui,MD",OTHER,Organoids; Intrahepatic Cholangiocarcinoma,Unknown,,Unknown
NCT00997243,Azacitidine and Lintuzumab in Treating Patients With Previously Untreated Myelodysplastic Syndromes,Terminated,Phase 2,,7,Alison Walker,OTHER,Leukemia; Myelodysplastic Syndromes,United States,,United States
NCT00899743,S9333A Study of Blood and Bone Marrow Samples From Patients With Previously Untreated Primary Acute Myeloid Leukemia,Completed,Unknown,,132,SWOG Cancer Research Network,NETWORK,Leukemia,Unknown,,Unknown
NCT02942615,The Safety Management of Cardiac Toxicity in Breast Cancer Patients Under Multidiscipline Therapy.,UNKNOWN,Unknown,2017-06-27,220,Ruijin Hospital,OTHER,Breast Neoplasms; Cardiotoxicity,China,2017.0,China
NCT04025515,Molecular Profiling Project,Recruiting,Unknown,2019-01-11,500,"National Cancer Centre, Singapore",OTHER,Lung Cancer; Non-Small Cell Lung Cancer,Thailand; Singapore; Brunei; Malaysia; Hong Kong; India,2019.0,Thailand
NCT05487235,"A Study to Evaluate the Safety, Pharmacokinetics, and Activity of GDC-1971 in Combination With Atezolizumab in Participants With Locally Advanced or Metastatic Solid Tumors",Completed,Phase 1,2022-08-17,57,"Genentech, Inc.",INDUSTRY,Advanced Solid Tumors; Metastatic Solid Tumors,New Zealand; Brazil; Canada; Argentina; South Korea; Australia,2022.0,New Zealand
NCT03701308,Daunorubicin and Cytarabine With or Without Uproleselan in Treating Older Adult Patients With Acute Myeloid Leukemia Receiving Intensive Induction Chemotherapy,"Active, Not Recruiting",Phase 2,2019-03-28,267,National Cancer Institute (NCI),NIH,Acute Myeloid Leukemia,United States,2019.0,United States
NCT00498225,Phase III of Gemcitabine Vs TS-1 Vs Gemcitabine Plus TS-1 in Pancreatic Cancer,Completed,Phase 3,,834,"Taiho Pharmaceutical Co., Ltd.",INDUSTRY,Pancreatic Cancer,Japan; Taiwan,,Japan
NCT05842525,Fruquintinib Plus FOLFIRI in RAS-mutated Metastatic Colorectal Cancer,UNKNOWN,Phase 2,2023-10-01,42,Hunan Cancer Hospital,OTHER,Colorectal Cancer,China,2023.0,China
NCT01326325,Efficacy of Low Analgesic Doses of Ketamine Associated With Opioids in Refractory Cancer Pain Treatment,Completed,Phase 3,,24,Assistance Publique - Hôpitaux de Paris,OTHER,Pain,France,,France
NCT05607225,Deep Learning-based Classification and Prediction of Radiation Dermatitis in Head and Neck Patients,UNKNOWN,Unknown,2022-07-01,300,"Cancer Institute and Hospital, Chinese Academy of Medical Sciences",OTHER,Radiation Dermatitis; Head and Neck Cancer,China,2022.0,China
NCT00742625,"Bortezomib, Daunorubicin, and Cytarabine in Treating Older Patients With Previously Untreated Acute Myeloid Leukemia",Completed,Phase 1,,95,National Cancer Institute (NCI),NIH,Acute Myeloid Leukemia; Adult Acute Megakaryoblastic Leukemia (M7); Adult Acute Minimally Differentiated Myeloid Leukemia (M0),United States,,United States
NCT04941417,Neoadjuvant Immunotherapy With Chemotherapy for Stage I-IIIB Non-Small Cell Lung Cancer Patients,UNKNOWN,Phase 2,2020-11-24,60,Peking Union Medical College,OTHER,Non-small Cell Lung Cancer,China,2020.0,China
NCT00820417,Pharmocokinetic/Pharmacodynamic (PK/PD) Study of the Combination Cetuximab/Gefitinib,Completed,Phase 1,,63,Harrison Clinical Research,INDUSTRY,Colorectal Cancer; Head and Neck Cancer; Non Small Cell Lung Cancer (NSCLC),Belgium; Spain,,Belgium
NCT03806140,Development and Evaluation of THRIVE,Completed,Unknown,2014-07-01,62,Children's Hospital of Philadelphia,OTHER,Oncology,Unknown,2014.0,Unknown
NCT00571389,"A Biospecimen Collection Study of Leukapheresis-Derived Circulating Tumor Cells, Immune Cells, and Progenitor Cells.",Recruiting,Unknown,,1500,"BioCytics, Inc.",INDUSTRY,"Solid Tumor, Adult; Healthy Donors; COVID-19 Donors",United States,,United States
NCT05068440,Treatment of CD79B Mutant Relapsed/Refractory Diffuse Large B-Cell Lymphoma With Bruton Tyrosine Kinase Inhibitor Zanubrutinib,Completed,Phase 2,2021-08-11,65,BeiGene,INDUSTRY,Relapsed Diffuse Large B-cell Lymphoma; Refractory Diffuse Large B-cell Lymphoma,China,2021.0,China
NCT03336489,Evaluation of the Organization of Continuity of Care for Home Hospice Patients by Four Parisian Health Networks,Completed,Unknown,2017-03-29,200,Fondation Ophtalmologique Adolphe de Rothschild,NETWORK,Neoplasms; Neurodegenerative Diseases; Terminal Illness,France,2017.0,France
NCT01439568,A Study of LY2510924 in Participants With Extensive-Stage Small Cell Lung Carcinoma,Completed,Phase 2,,90,Eli Lilly and Company,INDUSTRY,Extensive Stage Small Cell Lung Carcinoma,United States,,United States
NCT03849040,The Use of Artificial Intelligence to Predict Cancerous Lymph Nodes for Lung Cancer Staging During Ultrasound Imaging,Completed,Unknown,2019-04-08,52,St. Joseph's Healthcare Hamilton,OTHER,Lung Diseases; Lung Neoplasm,Canada,2019.0,Canada
NCT00833040,"A Study for the Evaluation of the Safety, Tolerability, and Efficacy of ARX-F02 (Sufentanil NanoTab) Compared to Placebo in the Treatment of Cancer Breakthrough Pain",Completed,Phase 2,,34,"Talphera, Inc",INDUSTRY,Cancer; Pain,United States,,United States
NCT07556640,"LM-302 and S-1 Plus Intraperitoneal Paclitaxel With or Without Cadonilimab for Claudin 18.2-positive Gastric or Gastroesophageal Junction Adenocarcinoma With Peritoneal Metastasis: a Prospective, Exploratory Study",Recruiting,Phase 2,2026-04-17,74,Ruijin Hospital,OTHER,Gastric Cancer Stage IV; Peritoneal Metastases From Gastric Cancer; Gastric or Esophagogastric Junction Adenocarcinoma,China,,China
NCT04202640,Mechanical Stimulation on Pain Level and Functional Discomfort After Breast Cancer Surgery,Terminated,Unknown,2020-05-27,80,Centre Oscar Lambret,OTHER,Breast Cancer,France,2020.0,France
NCT01456689,A Study of Oral LGH447 in Patients With Relapsed and/or Refractory Multiple Myeloma,Completed,Phase 1,2012-04-25,79,Novartis Pharmaceuticals,INDUSTRY,Multiple Myeloma,United States; Spain; Singapore; Germany,2012.0,United States
NCT04464889,HA-1H TCR T Cell for Relapsed/Persistent Hematologic Malignancies After Allogeneic Stem Cell Transplantation,Withdrawn,Phase 1,2020-07-02,0,Medigene AG,INDUSTRY,Acute Myeloid Leukemia; Acute Lymphoid Leukemia; Myelodysplastic Syndromes,Netherlands,2020.0,Netherlands
NCT02037568,Improved Outcome in Allogeneic Hematopoietic Stem Cell Transplant (HSCT) Patients by Reducing Caregiver Distress,Completed,Unknown,,159,"University of Colorado, Denver",OTHER,Hematopoietic/Lymphoid Cancer,United States,,United States
NCT05970250,Effect Of Whole Body Vibration Versus Weight Bearing Exercises On Osteoporosis In Breast Cancer Patients After Chemotherapy,Completed,Unknown,2022-01-20,45,Cairo University,OTHER,Osteoporosis; Breast Cancer,Egypt,2022.0,Egypt
NCT07059650,DZD8586 Combination Therapy in Patients With Diffuse Large B-cell Lymphoma (TAI-SHAN12),Recruiting,Phase 1,2025-08-19,150,Dizal Pharmaceuticals,INDUSTRY,Diffuse Large B-Cell Lymphoma,China,2025.0,China
NCT03573791,Biomarkers for Predicting Neoadjuvant Chemoradio-resistance for Middle-low Advanced Rectal Cancer,Recruiting,Unknown,2018-05-21,152,"Union Hospital, Tongji Medical College, Huazhong University of Science and Technology",OTHER,Rectal Cancer; Cancer of Rectum; Cancer of the Rectum,China,2018.0,China
NCT06873763,Nelmastobart in Combination With Trifluridine/ Tipiracil and Bevacizumab in Metastatic/ Recurrent Colorectal Cancer,Recruiting,Phase 1,2025-06-09,52,"STCube, Inc.",INDUSTRY,Metastatic Colorectal Cancer (CRC); Recurrent Colorectal Cancer,South Korea,2025.0,South Korea
NCT05503563,A Proposed Tetra-modal Treatment Protocol for Muscle Invasive Urothelial Carcinoma of the Urinary Bladder,UNKNOWN,Unknown,2022-07-15,50,Assiut University,OTHER,Bladder Cancer,Egypt,2022.0,Egypt
NCT05594498,A Study of StrataXRT in the Prevention of Radiation Dermatitis in Breast Cancer Patients,"Active, Not Recruiting",Unknown,2022-10-13,45,Sunnybrook Health Sciences Centre,OTHER,Breast Cancer; Radiation Dermatitis,Canada,2022.0,Canada
NCT03476798,Bevacizumab and Rucaparib in Recurrent Carcinoma of the Cervix or Endometrium,Completed,Phase 2,2018-06-29,49,University of Oklahoma,OTHER,Cervical Cancer; Endometrial Cancer,United States,2018.0,United States
NCT06071598,The Role of Lipid Transporter MFSD2A in the Resolution of Colorectal Cancer-associated Inflammation,UNKNOWN,Unknown,2023-03-15,15,IRCCS San Raffaele,OTHER,Colorectal Cancer,Italy,2023.0,Italy
NCT01291498,High Intensity Focused Ultrasound (HIFU) for Parathyroid Adenoma,Terminated,Unknown,,1,Oxford University Hospitals NHS Trust,OTHER,Parathyroid Adenomas,United Kingdom,,United Kingdom
NCT06257498,Upright Open MRI for Brain Imaging in Children - a Pilot Study,Completed,Unknown,2022-01-25,9,Nottingham University Hospitals NHS Trust,OTHER,Brain Tumor,United Kingdom,2022.0,United Kingdom
NCT00004014,Liposomal Doxorubicin in Treating Patients With Prostate Cancer,Completed,Phase 2,,10,Case Comprehensive Cancer Center,OTHER,Prostate Cancer,United States,,United States
NCT02736916,HS-WBRT for Prophylactic Cranial Irradiation in Limited Stage Small Cell Lung Cancer,UNKNOWN,Unknown,,3,General Hospital of Ningxia Medical University,OTHER,"Carcinoma, Small Cell Lung",China,,China
NCT00036816,Vaccine Therapy in Treating Patients With Melanoma of the Eye,Terminated,Phase 3,,13,European Organisation for Research and Treatment of Cancer - EORTC,NETWORK,Intraocular Melanoma,Denmark; Belgium,,Denmark
NCT00186316,Vaccine Therapy for Multiple Myeloma Utilizing Idiotype-Pulsed Allogeneic Dendritic Cells,Completed,Phase 1,,30,Stanford University,OTHER,Multiple Myeloma,United States,,United States
NCT07398716,Intraoperative Assessment of Distal Resection Margins Using Frozen Section in Mid and Low Rectal Cancer Surgery,Completed,Unknown,2022-01-01,99,Bakirkoy Dr. Sadi Konuk Research and Training Hospital,OTHER_GOV,Rectal Cancer,Turkey (Türkiye),2022.0,Turkey (Türkiye)
NCT04970316,Late Organ Specific Adverse Effects hiPec or pElvic eXenteration,UNKNOWN,Unknown,2021-01-25,225,University of Aarhus,OTHER,Colorectal Cancer,Denmark; Sweden,2021.0,Denmark
NCT05375084,SHP2 Inhibitor BBP-398 in Combination With Nivolumab in Patients With Advanced Non-Small Cell Lung Cancer With a KRAS Mutation,Terminated,Phase 1,2022-10-20,21,"Navire Pharma Inc., a BridgeBio company",INDUSTRY,Non Small Cell Lung Cancer; Solid Tumor,United States,2022.0,United States
NCT06439784,Contribution of the VERITON-CT Camera in Prostate Bone Radiostereotaxy,Not Yet Recruiting,Unknown,2024-06-15,30,Centre Henri Becquerel,OTHER,Prostatic Cancer,France,2024.0,France
NCT02573584,Vascular Fingerprint Validation Study,Completed,Unknown,2015-10-01,101,University Medical Center Groningen,OTHER,Testicular Cancer,Portugal; Netherlands; Switzerland,2015.0,Portugal
NCT01636284,A Phase 2a Study of Modified Vaccinia Virus to Treat Sorafenib-naïve Advanced Liver Cancer,Completed,Phase 2,,16,Jennerex Biotherapeutics,INDUSTRY,Hepatocellular Carinoma,United States; Spain; South Korea,,United States
NCT00057733,Stress Management Training in Patients Undergoing Radiation Therapy for Cancer,Completed,Unknown,,61,University of South Florida,OTHER,"Anxiety Disorder; Depression; Unspecified Adult Solid Tumor, Protocol Specific",United States,,United States
NCT06605833,CARDiac Toxicity Following ImmunOtherapy Treatment for Melanoma,ENROLLING_BY_INVITATION,Unknown,2025-09-26,60,Royal Marsden NHS Foundation Trust,OTHER,Melanoma Stage III or IV,United Kingdom,2025.0,United Kingdom
NCT00642733,A Study of First Line Treatment With Tarceva (Erlotinib) in Combination With Gemcitabine in Patients With Locally Advanced Unresectable or Metastatic Pancreatic Cancer,Terminated,Phase 4,,6,Hoffmann-La Roche,INDUSTRY,Pancreatic Cancer,Mexico,,Mexico
NCT03560752,CMV-MVA Triplex Vaccination of Stem Cell Donors in Preventing CMV Viremia in Participants With Allogeneic Transplant,"Active, Not Recruiting",Phase 1,2018-08-20,34,City of Hope Medical Center,OTHER,"Accelerated Phase CML, BCR-ABL1 Positive; Acute Lymphoblastic Leukemia in Remission; Acute Myeloid Leukemia in Remission",United States,2018.0,United States
NCT01534052,A Study to Assess the Safety of Continued Administration of MDV3100 in Subjects With Prostate Cancer Who Showed Benefit From Prior Exposure to MDV3100,Completed,Phase 2,2011-10-21,52,Astellas Pharma Inc,INDUSTRY,Castration-Resistant Prostate Cancer (CRPC),United States; Moldova; South Africa,2011.0,United States
NCT00068952,Study of IV Edotecarin Vs Temozolomide or Carmustine (BCNU) or Lomustine (CCNU) in Patients With Glioblastoma Multiforme,Completed,Phase 3,,118,Pfizer,INDUSTRY,Glioblastoma,France; Croatia; Canada; Russia; United States; Germany; Czechia; South Africa; Australia; Austria; Italy; India; Spain,,France
NCT00035152,Study Comparing Weekly Taxol and Carboplatin vs Standard Taxol and Carboplatin Regimen for Stage IIIB or IV Non-Small-Cell Lung Cancer,Completed,Phase 3,,444,Bristol-Myers Squibb,INDUSTRY,"Carcinoma, Non-Small-Cell Lung",United States,,United States
NCT05497947,Evaluation of the French Translation of Swallowing (SOAL-VF) Patient Reported Outcomes (PRO) After Total PharyngoLaryngectomy,Completed,Unknown,2021-07-03,225,Centre Hospitalier de Valence,OTHER,Pharyngeal Cancer; Swallowing Disorder; Larynx Cancer,France,2021.0,France
NCT00084747,Adjuvant Bortezomib Maintenance Therapy After Autologous Peripheral Stem Cell Transplantation in Treating Patients With Intermediate or Advanced Multiple Myeloma,Completed,Phase 1,,30,Jonsson Comprehensive Cancer Center,OTHER,Multiple Myeloma and Plasma Cell Neoplasm,United States,,United States
NCT01499147,Fludarabine Based Conditioning for Allogeneic Transplantation for Advanced Hematologic Malignancies,Completed,Unknown,,100,University of Illinois at Chicago,OTHER,Acute Myeloid Leukemia; Acute Leukemia; Chronic Myelogenous Leukemia,United States,,United States
NCT05133349,"A Prospective Phase II Efficacy and Safety Study of Anlotinib in Metastatic or Locally Advanced Pheochromocytoma/ Paraganglioma : Open-label Single-arm, Exploratory Trial",UNKNOWN,Phase 2,2021-09-14,20,"Nanjing First Hospital, Nanjing Medical University",OTHER,Advanced or Metastatic Paraganglioma/ Pheochromocytoma,China,2021.0,China
NCT02677038,Olaparib in Treating Patients With Stage IV Pancreatic Cancer,Completed,Phase 2,2016-11-11,24,M.D. Anderson Cancer Center,OTHER,Metastatic Pancreatic Adenocarcinoma; Pancreatic Ductal Adenocarcinoma; Stage IV Pancreatic Cancer AJCC v6 and v7,United States,2016.0,United States
NCT05381038,Optimizing and Personalising Azacitidine Combination Therapy for Treating Solid Tumours QPOP and CURATE.AI,Recruiting,Phase 1,2023-02-13,10,"National University Hospital, Singapore",OTHER,Solid Tumor; Gastrointestinal Cancer; Breast Cancer,Singapore,2023.0,Singapore
NCT00319748,"Study of Immune Response Modifier in the Treatment of Breast, Ovarian, Endometrial and Cervical Cancers",Completed,Phase 2,,15,"Masonic Cancer Center, University of Minnesota",OTHER,Breast Cancer; Ovarian Cancer; Endometrial Cancer,United States,,United States
NCT00387348,Escitalopram in Treating Depression in Patients With Advanced Lung or Gastrointestinal Cancer,Terminated,Phase 3,,24,Massachusetts General Hospital,OTHER,Colorectal Cancer; Depression; Esophageal Cancer,United States,,United States
NCT04391348,Combination PET With 18F-fluorodeoxyglucose (18F-FDG) and 18 F-choline in Patient With HCC,Completed,Unknown,2020-07-17,230,Assistance Publique - Hôpitaux de Paris,OTHER,Hepatocellular Carcinoma,France,2020.0,France
NCT05504148,Protection of Cardiovascular Function With Crocin in BrEast Cancer Patients Undergoing Radiotherapy and Chemotherapy,UNKNOWN,Unknown,2021-03-29,120,Qilu Hospital of Shandong University,OTHER,Breast Cancer,China,2021.0,China
NCT03906448,FORWARD Optune and Adjuvant TMZ in Grade II/III Astrocytoma,Terminated,Phase 2,2019-05-20,1,University of Florida,OTHER,"Astrocytoma, Grade II; Astrocytoma, Grade III",United States,2019.0,United States
NCT00341055,"A Study to Evaluate the Hematologic Response Rate (the Rate at Which the Hemoglobin Level Rises) of PROCRIT (Epoetin Alfa) Given at a Dose of 80,000 Units Once Weekly to Cancer Patients With Anemia Who Are Receiving Chemotherapy.",Completed,Phase 3,,69,"Johnson & Johnson Pharmaceutical Research & Development, L.L.C.",INDUSTRY,Anemia; Cancer; Chemotherapy,Unknown,,Unknown
NCT00047255,Docetaxel and Trastuzumab With or Without Carboplatin in Treating Women With HER2-Positive Breast Cancer,Completed,Phase 3,,263,Jonsson Comprehensive Cancer Center,OTHER,Breast Cancer,United States,,United States
NCT06817226,BREAST Choice Decision Tool R21 - AIM2,Recruiting,Unknown,2024-10-10,50,UNC Lineberger Comprehensive Cancer Center,OTHER,Breast Cancer,United States,2024.0,United States
NCT02255578,Endobarrier Treatment in Women With PCOS,UNKNOWN,Phase 3,,50,Sheba Medical Center,OTHER_GOV,Polycystic Ovary Syndrome,Israel,,Israel
NCT01964378,CORAL - Cebranopadol Versus Morphine Prolonged-release in Patients With Chronic Moderate to Severe Pain Related to Cancer,Terminated,Phase 3,2013-10-29,200,"Tris Pharma, Inc.",INDUSTRY,Pain; Neoplasms; Chronic Pain,Denmark; Chile; Croatia; Bulgaria; Slovakia; Serbia; Poland; Germany; United Kingdom; Belgium; Romania; Austria; Hungary; Spain,2013.0,Denmark
NCT06731478,"Study of TDXd, Chemotherapy, Pembrolizumab, and Trastuzumab in First-Line Metastatic HER2-Positive Gastric or Gastroesophageal Junction Cancer",Recruiting,Phase 3,2025-02-27,726,Daiichi Sankyo,INDUSTRY,Gastric Cancer; Gastroesophageal Junction Cancer,Canada; China; Belgium; Italy; Spain; Chile; Turkey (Türkiye); United Kingdom; Romania; South Korea; Australia; Austria; Netherlands; Japan; Argentina; Germany; France; Brazil; Thailand; United States; Norway; Poland; Vietnam; Czechia; Taiwan; Portugal,2025.0,Canada
NCT03881085,Stress Reactivity Among African American Breast Cancer Survivors,Completed,Unknown,2018-10-19,110,Medical University of South Carolina,OTHER,Breast Cancer Female; Stress Reaction,United States,2018.0,United States
NCT04985643,A Study of Real Life Treatment for Multiple Myeloma (MM),"Active, Not Recruiting",Unknown,2022-02-18,357,Takeda,INDUSTRY,Multiple Myeloma,Russia,2022.0,Russia
NCT02107443,Improving Communication in Older Cancer Patients and Their Caregivers,Completed,Unknown,2014-10-27,546,Supriya Mohile,OTHER,Adult Solid Neoplasm; Lymphoma,United States,2014.0,United States
NCT05649943,Multimodal Approach in Patients With mHSPC. Randomized Trial of APA+ADT vs APA-ADT and Local Treatment,Recruiting,Unknown,2023-03-01,566,"Fondazione IRCCS Istituto Nazionale dei Tumori, Milano",OTHER,Metastatic Hormone-Sensitive Prostate Cancer (mHSPC),Italy,2023.0,Italy
NCT05913115,A Study Evaluating Safety and Pharmacokinetics of FPA144 in Japanese Patients With Advanced Gastric or Gastroesophageal Cancer,Completed,Phase 1,2017-06-12,6,Amgen,INDUSTRY,Gastric or Gastroesophageal Cancer,Japan,2017.0,Japan
NCT03170115,Induction Chemotherapy Plus Chemoradiotherapy With or Without Aspirin in High Risk Rectal Cancer,Terminated,Phase 2,2017-11-30,25,"Instituto Nacional de Cancer, Brazil",OTHER_GOV,"Rectal Cancer, Adenocarcinoma; Locally Advanced Malignant Neoplasm; Chemoradiation",Brazil,2017.0,Brazil
NCT04151615,"VMP Regimen - Safety, Efficacy, and Optimal Dose Finding Study for Patients With Multiple Myeloma",Completed,Unknown,2018-11-15,203,"Boryung Pharmaceutical Co., Ltd",INDUSTRY,Multiple Myeloma,South Korea,2018.0,South Korea
NCT04089215,CD19-targeted CAR T Cells for Relapsed and Refractory (R/R) Non-Hodgkins Lymphoma,UNKNOWN,Phase 2,2019-06-11,82,"Shanghai Ming Ju Biotechnology Co., Ltd.",INDUSTRY,"Lymphoma, Non-Hodgkin; Diffuse Large B Cell Lymphoma; Follicular Lymphoma",China,2019.0,China
NCT03810976,A Study of Eribulin With Gemcitabine in Patients With Advanced Liposarcoma or Leiomyosarcoma,Completed,Phase 2,2018-03-27,37,Yonsei University,OTHER,Sarcoma,South Korea,2018.0,South Korea
NCT07319676,Antigen Targeted T Cell Therapy for Relapsed/Refractory B Cell Lymphomas,Recruiting,Phase 1,2026-03-02,30,"National University Hospital, Singapore",OTHER,B-cell Lymphoma Refractory,Singapore,,Singapore
NCT04893876,The OPERa Study: Evaluating QoL After Rectal Cancer Surgery,Not Yet Recruiting,Unknown,2023-01-01,1200,Jewish General Hospital,OTHER,Rectal Cancer; Quality of Life; Bowel Dysfunction,Unknown,2023.0,Unknown
NCT00961376,Vaccination of Melanoma Patients With Total or CD25-depleted Peripheral Blood Mononuclear Cell (PBMC),Terminated,Phase 2,,5,Providence Health & Services,OTHER,Melanoma,United States,,United States
NCT03176576,Patient Navigation in the Adolescent and Young Adult (AYA) Cancer Population,Completed,Unknown,2017-06-13,28,H. Lee Moffitt Cancer Center and Research Institute,OTHER,Cancer,United States,2017.0,United States
NCT00039676,"Clinical, Laboratory and Epidemiologic Characterization of Individuals and Families at High Risk of Hematologic Cancer","Active, Not Recruiting",Unknown,2002-07-08,1836,National Cancer Institute (NCI),NIH,Waldenstrom Macroglobulinemia; Chronic Lymphocytic Leukemia; Hodgkin Disease,United States,2002.0,United States
NCT00003376,Two-Drug Combination Chemotherapy Compared With Four-Drug Combination Chemotherapy in Treating Patients With Advanced Cancer of the Urothelium,Completed,Phase 3,1998-12-03,330,Eastern Cooperative Oncology Group,NETWORK,Bladder Cancer; Transitional Cell Cancer of the Renal Pelvis and Ureter; Urethral Cancer,United States,1998.0,United States
NCT04043676,Consolidation Treatment With Ponatinib 15 mg on Treatment Free-Remission Rate in Patients With Chronic Myeloid Leukemia,UNKNOWN,Phase 2,2019-04-30,40,"Fundación Teófilo Hernando, Spain",OTHER,Chronic Myeloid Leukemia,Spain,2019.0,Spain
NCT04541017,"Testing the Addition of an Anti-cancer Drug, Hu5F9-G4 (Magrolimab), to the Usual Chemotherapy Treatment (Mogamulizumab) in T-Cell (a Type of Immune Cell) Lymphoma That Has Returned After Treatment or Does Not Respond to Treatment",Terminated,Phase 1,2021-04-06,8,National Cancer Institute (NCI),NIH,Mycosis Fungoides; Recurrent Mycosis Fungoides; Recurrent Mycosis Fungoides and Sezary Syndrome,United States,2021.0,United States
NCT03503240,"Patient Satisfaction With Appearance, Scar Outcome and Quality of Life After Skin Cancer Surgery",ENROLLING_BY_INVITATION,Unknown,2018-04-06,3000,Memorial Sloan Kettering Cancer Center,OTHER,Skin Cancer,United States,2018.0,United States
NCT01046240,Pharmacokinetic Evaluation of Subcutaneous Versus Intravenous Palonosetron in Cancer Treated With Chemotherapy,Completed,Phase 1,,29,"Clinica Universidad de Navarra, Universidad de Navarra",OTHER,Emesis,Spain,,Spain
NCT07501689,Using Middle School Science Teachers to Address Cancer Health Disparities,Recruiting,Unknown,2026-01-29,1812,Weill Medical College of Cornell University,OTHER,Cancer Risk Factors; Cancer Prevention,United States,,United States
NCT01814150,The Association Between Alpha 1 Acid Glycoprotein Level and Outcome Metastatic Cancer Treated With Docetaxel,UNKNOWN,Unknown,,200,Gottfried Maya,OTHER,Metastatic Lung Cancer; Metastatic Breast Cancer; Metastatic Gastric Cancer,Israel,,Israel
NCT06984250,Hypofractionated Radiotherapy With Concomitant Tumor Bed Boost for Breast Cancer,Recruiting,Unknown,2025-02-06,315,National Taiwan University Hospital,OTHER,Early Breast Cancer; Ductal Breast Carcinoma In Situ,Taiwan,2025.0,Taiwan
NCT01438450,Oral Chemotherapy Versus Supportive Therapy In The Treatment Of Unresectable Hepatocellular Carcinoma,UNKNOWN,Phase 2,,74,All India Institute of Medical Sciences,OTHER,Hepatocellular Carcinoma,India,,India
NCT02059850,NY-ESO-1 Specific T Cells After Cyclophosphamide in Treating Patients With Advanced Synovial Sarcoma or Myxoid/Round Cell Liposarcoma,Withdrawn,Phase 1,,0,Fred Hutchinson Cancer Center,OTHER,Adult Synovial Sarcoma; Myxoid/Round Cell Liposarcoma; Recurrent Adult Soft Tissue Sarcoma,United States,,United States
NCT01092091,Study of Pegylated Human Recombinant Arginase for Liver Cancer (BCT-100-002),Completed,Phase 1,,20,Bio-Cancer Treatment International Limited,INDUSTRY,Neoplasm; Hepatocellular Carcinoma,Hong Kong,,Hong Kong
NCT01262716,A Novel Therapy for the Treatment of Chest Wall Progression of Breast Cancer,Completed,Unknown,,3,Rogers Sciences Inc.,INDUSTRY,Breast Cancer,United States,,United States
NCT00883116,"A Study of Ixabepilone as Second-line Therapy for Locally Advanced, Recurrent, or Metastatic Endometrial Cancer",Terminated,Phase 3,,551,R-Pharm,INDUSTRY,Endometrial Cancer,Denmark; Canada; Belgium; Greece; Italy; Spain; United Kingdom; Australia; Mexico; Russia; Argentina; Peru; Sweden; Hungary; France; Brazil; United States; Norway; Czechia,,Denmark
NCT02820506,Sentinel Node Mapping in Women With Endometrial and Cervical Cancer,UNKNOWN,Unknown,2017-02-27,300,University of Southern Denmark,OTHER,Uterine Cervical Neoplasms; Uterine Neoplasms,Denmark,2017.0,Denmark
NCT04264806,A Study of Cusatuzumab in Combination With Azacitidine Compared With Azacitidine Alone in Patients With Higher-risk Myelodysplastic Syndrome (MDS) or Chronic Myelomonocytic Leukemia (CMML) and Who Are Not Candidates for Hematopoietic Stem Cell Transplantation (HSCT),Withdrawn,Phase 2,2021-05-06,0,"Janssen Research & Development, LLC",INDUSTRY,"Myelodysplastic Syndromes; Leukemia, Myelomonocytic, Chronic",France; Brazil; Turkey (Türkiye); Germany; United Kingdom; Spain; Switzerland; Australia; Russia; Italy; Saudi Arabia,2021.0,France
NCT03147404,"Phase II Study of Avelumab in Metastatic Gastronetro-pancreatic （GEP） Neuroendocrine Carcinoma （NEC, WHO Grade 3） as Second-line Treatment After Failing to Etoposide+Cisplatin: Integration of Genomic Analysis to Identify Predictive Molecular Subtypes",Completed,Phase 2,2017-12-28,14,Samsung Medical Center,OTHER,"Neuroendocrine Carcinoma, Grade 3",South Korea,2017.0,South Korea
NCT03789604,A Study of CS1001 in Subjects With Stage IV Non-Small Cell Lung Cancer,"Active, Not Recruiting",Phase 3,2018-12-13,479,CStone Pharmaceuticals,INDUSTRY,Non Small Cell Lung Cancer,China,2018.0,China
NCT02718833,"A Study of Elotuzumab With Pomalidomide, Bortezomib, and Dexamethasone in Relapsed Multiple Myeloma","Active, Not Recruiting",Phase 2,2016-06-21,52,Massachusetts General Hospital,OTHER,Multiple Myeloma,United States,2016.0,United States
NCT01827852,AVAdeno Study: An Observational Study of First-Line Avastin (Bevacizumab) in Patients With Adenocarcinoma of the Lung,Completed,Unknown,2013-03-14,1107,Hoffmann-La Roche,INDUSTRY,Non-Squamous Non-Small Cell Lung Cancer,Germany,2013.0,Germany
NCT00006252,Fludarabine and Cyclophosphamide Followed by Peripheral Stem Cell Transplant in Treating Patients With Leukemia or Lymphoma,Completed,Phase 2,,47,Cancer and Leukemia Group B,NETWORK,Leukemia; Lymphoma,United States,,United States
NCT02394652,The Potential for Metformin to Improve Tumor Oxygenation in Locally Advanced Cervix Cancer: A Phase II Randomized Trial,Completed,Phase 2,2015-05-21,16,"University Health Network, Toronto",OTHER,Uterine Cervical Neoplasms; Squamous Cell Carcinoma; Adenocarcinoma,Canada,2015.0,Canada
NCT00380952,Intraoperative Use of the BP Device for Detecting Positive Margins During Lumpectomy Procedure,Completed,Unknown,,300,Dune Medical Devices,INDUSTRY,Breast Cancer,Israel,,Israel
NCT07226752,A Sub-study Trial of Epcoritamab vs Investigator's Choice Chemotherapy in Relapsed/Refractory Diffuse Large B-cell Lymphoma (R/R DLBCL) in China,"Active, Not Recruiting",Phase 3,2022-10-08,72,Genmab,INDUSTRY,Diffuse Large B-Cell Lymphoma,China,2022.0,China
NCT07298252,Diagnostic Accuracy of Carebot AI MMG in Mammography Screening: Multicenter MRMC Study,Completed,Unknown,2025-01-01,222,Carebot s.r.o.,INDUSTRY,Breast Neoplasms; Breast Cancer Detection; Breast Cancer - Female,Czechia; Slovakia,2025.0,Czechia
NCT06779747,Evaluation of Different Diagnostic Therapeutic Strategies in Patients with Thyroid Pathology,Recruiting,Unknown,2021-12-30,5850,IRCCS Azienda Ospedaliero-Universitaria di Bologna,OTHER,Hypothyroidism; Hyperthyroidism/Thyrotoxicosis; Thyroid Nodule (Benign),Italy,2021.0,Italy
NCT04688749,Use of Electrical Impedance Spectroscopy (EIS) for Early Diagnosis of Skin Damage,Terminated,Unknown,2019-07-17,50,Aristotle University Of Thessaloniki,OTHER,Melanoma (Skin); Basal Cell Carcinoma; Squamous Cell Carcinoma,Greece,2019.0,Greece
NCT02260349,Interest of Indocyanine Green in Neoplastic Prostatic Tissue,Withdrawn,Phase 3,,0,Centre Hospitalier Universitaire de Saint Etienne,OTHER,Prostatic Neoplasms,Unknown,,Unknown
NCT06283238,Biobanking Upper Gastrointestinal Tumors to Evaluate Response (BURGER With BACON),Withdrawn,Unknown,2025-04-16,0,Duke University,OTHER,GastroEsophageal Cancer,United States,2025.0,United States
NCT06608238,Phase 2 Study Evaluating the Safety and Efficacy of Microneedle-mediated Delivery of Doxorubicin (D-MNA) in Patients With Nodular Basal Cell Carcinoma.,Completed,Phase 2,2024-09-03,90,"SkinJect, Inc.",INDUSTRY,Nodular Basal Cell Carcinoma,United States; United Kingdom,2024.0,United States
NCT01018758,Study With Palonosetron Alone in Preventing Chemotherapy-induced Nausea and Vomiting in Untreated Patients With Aggressive Non Hodgkin's Lymphomas Who Underwent Moderately Emetogenic Chemotherapy,Completed,Phase 2,,86,Gruppo Italiano Studio Linfomi,OTHER,Chemotherapy-Induced Nausea and Vomiting; Non Hodgkin's Lymphoma,Italy,,Italy
NCT00721058,Pre-operative Contrast Enhanced CT to Improve Delineation of the Tumorbed in Radiotherapy for Breast Cancer.,Completed,Unknown,,60,Maastricht Radiation Oncology,OTHER,Breast Cancer,Netherlands,,Netherlands
NCT07470658,Optimal Surveillance Strategy After Positive FIT and Negative Colonoscopy,ENROLLING_BY_INVITATION,Unknown,2026-03-10,1274,National Taiwan University Hospital,OTHER,Advanced Colorectal Cancer; Colo-rectal Cancer; Fecal Immunochemical Test,Taiwan,,Taiwan
NCT04315155,Evaluating Safety & Efficacy Belinostat Combo w Nivo Alone & w Ipi in Patients w Treated Metastatic/Advanced Carcinomas w ARID1A Lof Mutation,Withdrawn,Phase 1,,0,University of Utah,OTHER,Metastatic Adenocarcinoma,Unknown,,Unknown
NCT05708326,A Case Crossover Study of Intermittent Fasting in CLL/SLL,Completed,Unknown,2023-06-12,6,British Columbia Cancer Agency,OTHER,Chronic Lymphocytic Leukemia (CLL); Small Lymphocytic Lymphoma (SLL),Canada,2023.0,Canada
NCT06734585,Using Gilteritinib to Keep People With Acute Myeloid Leukemia Cancer-free After a Stem Cell Transplant,Completed,Unknown,2025-01-09,114,Astellas Pharma Singapore Pte. Ltd.,INDUSTRY,Acute Myeloid Leukemia,Brazil; Hong Kong; China; Taiwan; South Korea; Australia,2025.0,Brazil
NCT00401778,Trial of RAD001 in Patients With Operable Non-Small Cell Lung Cancer (NSCLC),Completed,Phase 1,,33,Emory University,OTHER,Lung Cancer,United States,,United States
NCT01774643,A Study of Pancreatic Cancer in Xenografts From Liver Metastases,Completed,Unknown,,31,"University Health Network, Toronto",OTHER,Pancreatic Cancer; Liver Metastases; Tumor Tissue Biopsy,Canada,,Canada
NCT01365143,Prospective Randomized Trial Comparing Robotic Versus Open Radical Prostatectomy,Terminated,Phase 4,,10,Mayo Clinic,OTHER,Prostatic Neoplasms; Adenocarcinoma,United States,,United States
NCT03714243,Blood Brain Barrier Disruption (BBBD) Using MRgFUS in the Treatment of Her2-positive Breast Cancer Brain Metastases,Completed,Unknown,2019-09-18,8,InSightec,INDUSTRY,Breast Cancer; Brain Metastases,Canada,2019.0,Canada
NCT07338643,The Auxiliary Effect of Artificial Intelligence in the Detection of Precancerous Lesions in Proximal Colon Cancer,Not Yet Recruiting,Unknown,2026-02-26,1200,Limian Er,OTHER,Abdominal Pain; Black Stools; Constipation,China,,China
NCT04824443,Exercise Therapy in Cancer Patients Who Are Recovering From COVID-19,Completed,Phase 1,2021-03-29,3,Memorial Sloan Kettering Cancer Center,OTHER,Covid19; Coronavirus; Cancer,United States,2021.0,United States
NCT00134043,Suberoylanilide Hydroxamic Acid in Treating Patients With Metastatic and/or Locally Advanced or Locally Recurrent Thyroid Cancer,Completed,Phase 2,,19,National Cancer Institute (NCI),NIH,Insular Thyroid Cancer; Recurrent Thyroid Cancer; Stage II Follicular Thyroid Cancer,United States,,United States
NCT03255343,Treatment of Non-responding to Conventional Therapy Inoperable Liver Cancers by in Situ Introduction of ImDendrim,UNKNOWN,Unknown,2017-03-13,10,French Association for the Advancement Medical Research,OTHER,Efficacy and Safety,China,2017.0,China
NCT04057443,Nutritional and Physical Exercise Intervention in Older Patients With Malignant Hemopathies,UNKNOWN,Unknown,2019-04-11,80,"Maite Antonio, MD, Phd",OTHER,Hematologic Malignancy; Old Age; Debility,Spain,2019.0,Spain
NCT00412243,Clofarabine and Cyclophosphamide Combination in Acute Lymphoblastic Leukemia Patients,Completed,Phase 1,,51,M.D. Anderson Cancer Center,OTHER,Burkitt's Lymphoma; Lymphoblastic Lymphoma; Acute Lymphoblastic Leukemia,United States,,United States
NCT02392143,Promoting CRC Screening in an Urban Minority Population,Completed,Unknown,,564,"Teachers College, Columbia University",OTHER,Colorectal Cancer,Unknown,,Unknown
NCT07495215,"A Clinical Study on the Safety, Tolerability and Efficacy of Neoantigen-based Personalized mRNA Therapy iNeo-Vac-R01 Plus PD-1 Inhibitor in Adjuvant Treatment of Liver Cancer Post Radical Resection",Recruiting,Phase 1,2025-09-11,20,Yinghua Xu,OTHER,Hepatocellular Carcinoma (HCC),China,2025.0,China
NCT03899415,TCR-Redirected T Cells Therapy in Patient With HBV Related HCC,UNKNOWN,Phase 1,2019-04-20,10,Beijing 302 Hospital,OTHER,Hepatocellular Carcinoma,China,2019.0,China
NCT06582615,Food for Thought - A Nutrition Intervention for Women Undergoing Active Treatment for Triple Negative Breast Cancer,Recruiting,Unknown,2024-10-28,60,Ohio State University Comprehensive Cancer Center,OTHER,Anatomic Stage II Breast Cancer AJCC v8; Anatomic Stage III Breast Cancer AJCC v8; Triple-Negative Breast Carcinoma,United States,2024.0,United States
NCT01968915,Safety and Tolerability of Oral LCL161 in Japanese Adult Patients With Advanced Solid Tumors,Completed,Phase 1,,9,Novartis Pharmaceuticals,INDUSTRY,Neoplasms,Japan,,Japan
NCT02481635,A Study of Gemcitabine/Nab-paclitaxel and Radiation Therapy Followed by Surgery in Patients With Advanced Pancreatic Cancer,"Active, Not Recruiting",Phase 1,,30,"University Health Network, Toronto",OTHER,Pancreatic Cancer,Canada,,Canada
NCT00343408,AZD2171 and Standard Combination Chemotherapy in Advanced Non-Small Cell Lung Cancer or Colorectal Cancer,Completed,Phase 1,2005-11-29,31,NCIC Clinical Trials Group,NETWORK,Colorectal Cancer; Lung Cancer,Canada,2005.0,Canada
NCT06054308,Mesothelin-targeted CAR-T Cells as a Neo-adjuvant Treatment in Patients With Resectable Pancreatic Cancers: a Feasibility Study,Withdrawn,Unknown,2024-02-02,0,Chinese University of Hong Kong,OTHER,Pancreatic Cancer,Hong Kong,2024.0,Hong Kong
NCT03643276,Treatment Protocol for Children and Adolescents With Acute Lymphoblastic Leukemia - AIEOP-BFM ALL 2017,Recruiting,Phase 3,2018-07-15,5000,Martin Schrappe,OTHER,"Acute Lymphoblastic Leukemia, Pediatric",Slovakia; Germany; Czechia; Switzerland; Australia; Austria; Italy; Israel,2018.0,Slovakia
NCT01754376,Combined BRAF-Targeted Therapy & Immunotherapy for Melanoma,Terminated,Phase 2,,6,Massachusetts General Hospital,OTHER,Melanoma,United States,,United States
NCT01806376,A Phase I Study of Subutinib Maleate Capsules on Toleration and Pharmacokinetics,UNKNOWN,Phase 1,,20,"Chia Tai Tianqing Pharmaceutical Group Co., Ltd.",INDUSTRY,Solid Tumor,China,,China
NCT04754425,Erdafitinib for the Treatment of Patients With Castration-Resistant Prostate Cancer,Terminated,Phase 2,2021-07-15,11,M.D. Anderson Cancer Center,OTHER,Castration-Resistant Prostate Carcinoma; Castration-Resistant Prostate Carcinoma Refractory to Second-Generation Androgen Receptor Axis-Targeted Agents; Metastatic Malignant Neoplasm in the Bone,United States,2021.0,United States
NCT01212276,A Safety and MORAb-028 Dose Determination Study in Subjects With Metastatic Melanoma,Terminated,Phase 1,,18,Morphotek,INDUSTRY,Metastatic Melanoma; Malignant Metastatic Melanoma; Advanced Melanoma,United States,,United States
NCT06405217,Recombinant Human Thyroid Stimulating Hormone for Radioiodine 131I Treatment,Recruiting,Unknown,2024-04-20,30,"Nanjing First Hospital, Nanjing Medical University",OTHER,"DTC - Differentiated Thyroid Cancer; Thyroid Stimulating; Hormone, C; Radiotherapy; Complications",China,2024.0,China
NCT04118140,Somatic Acupressure for Symptom Cluster Management in Breast Cancer Patients,Completed,Unknown,2021-03-15,51,Charles Darwin University,OTHER,Cancer,China,2021.0,China
NCT00879840,Assessment of Screening Modalities for Gynecologic Cancers,Completed,Unknown,2009-04-09,118,National Cancer Institute (NCI),NIH,Ovarian Cancer; Endometrial Cancer; Controls Without Endometrial Cancer,United States,2009.0,United States
NCT00002489,Combination Chemotherapy in Treating Children With Non-testicular Malignant Germ Cell Tumors,Completed,Phase 2,,61,Memorial Sloan Kettering Cancer Center,OTHER,Extragonadal Germ Cell Tumor; Ovarian Cancer,United States,,United States
NCT05656989,"GCF PLAP-1, Sclerostin and TNF-α Levels in Periodontitis",Completed,Unknown,2020-09-20,71,Aydin Adnan Menderes University,OTHER,Periodontitis,Turkey (Türkiye),2020.0,Turkey (Türkiye)
NCT02826889,Assessing the Diagnostic Accuracy of Corrected Flow Time (FTc) and Pleth Variability Index (PVI) as Predictors of Fluid Responsiveness in Patients in the Prone Position Using the Jackson Table,Completed,Unknown,2016-05-24,58,Yonsei University,OTHER,Elective Posterior Lumbar Spinal Fusion for Spinal Stenosis; Spondylolisthesis; Spinal Fractures,South Korea,2016.0,South Korea
NCT02452268,A Phase I/Ib Study of NIZ985 in Combination With PDR001 in Adults With Metastatic Cancers,Terminated,Phase 1,2017-05-08,83,Novartis Pharmaceuticals,INDUSTRY,Metastatic and Advanced Solid Tumors,United States,2017.0,United States
NCT04434989,SBRT Versus Ablation for Perivascular Hepatocellular Carcinoma,UNKNOWN,Unknown,2020-06-01,170,Sun Yat-sen University,OTHER,Hepatocellular Carcinoma,China,2020.0,China
NCT03918668,Study for the Knowledge of Risk Factors Associated With Breast Cancer in Women,Completed,Unknown,2018-07-01,66,Instituto de Investigación Hospital Universitario La Paz,OTHER,"Breast Neoplasm Female; Nutrition Related Cancer; Habits, Diet",Spain,2018.0,Spain
NCT04145193,Novel Oncology Therapies in Combination With Adjuvant Chemo in High-risk MSS-CRC,Withdrawn,Phase 2,2020-10-01,0,MedImmune LLC,INDUSTRY,Microsatellite-stable Colorectal Cancer,Unknown,2020.0,Unknown
NCT06503393,SENOVIE France - Therapeutic Mobility and Breast Cancer,Completed,Unknown,2024-03-25,470,Institut de Recherche pour le Developpement,OTHER_GOV,Breast Cancer Female,France,2024.0,France
NCT03146663,NUC-1031 in Patients With Platinum-Resistant Ovarian Cancer,Terminated,Phase 2,2017-09-28,53,NuCana plc,OTHER,Ovarian Cancer,United States; United Kingdom,2017.0,United States
NCT06756087,Evaluate the Efficacy of Radiofrequency Ablation/Vertebroplasty with or Without SBRT for Treating Painful Spinal Vertebral Metastases,Not Yet Recruiting,Unknown,2025-01-01,120,"Shanghai General Hospital, Shanghai Jiao Tong University School of Medicine",OTHER,Spinal Metastases; Local Control; Pain Cancer,China,2025.0,China
NCT05130021,A Clincal Study of Max-40279-01 in Patients With Advanced Colorectal Cancer,UNKNOWN,Phase 2,2022-01-31,130,"Maxinovel Pty., Ltd.",INDUSTRY,Metastatic Colorectal Cancer,China,2022.0,China
NCT02702921,Powered Vascular Stapler in Video-Assisted Thoracoscopic (VAT) Lobectomies,Completed,Unknown,2016-02-01,201,Ethicon Endo-Surgery,INDUSTRY,Non Small Cell Lung Cancer,United States,2016.0,United States
NCT04605614,64Cu-DOTA-pembrolizumab PET for the Study of PD1 Expression,Withdrawn,Phase 1,2022-08-15,0,City of Hope Medical Center,OTHER,Hematopoietic and Lymphoid Cell Neoplasm; Malignant Solid Neoplasm,Unknown,2022.0,Unknown
NCT03360214,PEMF and PEC Blocks in Mastectomy Reconstruction Patients,Completed,Phase 4,2017-07-05,60,Columbia University,OTHER,Breast Cancer Female,United States,2017.0,United States
NCT02808416,Personalized Cellular Vaccine for Brain Metastases (PERCELLVAC3),Completed,Phase 1,2016-03-01,10,Guangdong 999 Brain Hospital,OTHER,Brain Cancer; Neoplasm Metastases,China,2016.0,China
NCT02109016,"A Study to Assess the Efficacy and Safety of the VEGFR-FGFR Inhibitor, Lucitanib, Given to Patients With Advanced/Metastatic Lung Cancer and FGF, VEGF, or PDGF Related Genetic Alterations",Terminated,Phase 2,,18,"Clovis Oncology, Inc.",INDUSTRY,Non-Small Cell Lung Cancer; Squamous Non-Small Cell Lung Cancer; NSCLC,France; United States; Germany; Italy; Spain,,France
NCT00602316,Multifunctional Magnetic Resonance Imaging in Predicting Breast Lesions in Women Undergoing Mastectomy for Breast Cancer,UNKNOWN,Unknown,,20,Royal Marsden NHS Foundation Trust,OTHER,Breast Cancer,United Kingdom,,United Kingdom
NCT03331406,Physical Activity In Gastrointestinal Cancer,Completed,Unknown,2017-12-01,20,Dana-Farber Cancer Institute,OTHER,Metastatic Gastrointestinal Cancer; Physical Activity,United States,2017.0,United States
NCT03400306,A Study Evaluating the Bioavailability and Food Effect of Veliparib Tablets Followed by an Extension in Subjects With Ovarian Cancer,Withdrawn,Phase 1,2021-11-15,0,AbbVie,INDUSTRY,Cancer - Ovarian,Unknown,2021.0,Unknown
NCT02110706,BeatMG: Phase II Trial of Rituximab In Myasthenia Gravis,Completed,Phase 2,,52,Yale University,OTHER,Myasthenia Gravis,United States,,United States
NCT06161506,Surface Electrical Stimulation for Urinary Incontinence in Men Treated for Prostate Cancer,Recruiting,Phase 2,2024-02-15,41,National Cancer Institute (NCI),NIH,Urinary Urge Incontinence; Stress Urinary Incontinence; Prostatic Hyperplasia,United States,2024.0,United States
NCT02416206,High Dose Chemotherapy Using BeEAM for Autologous Transplant in Multiple Myeloma,Completed,Phase 2,2015-04-27,65,"Northside Hospital, Inc.",OTHER,Multiple Myeloma,United States,2015.0,United States
NCT03969784,Microparticles in Peritoneal Carcinomatosis of Colorectal Origin,Completed,Unknown,2019-09-01,41,Assistance Publique Hopitaux De Marseille,OTHER,Colorectal Carcinoma,France,2019.0,France
NCT00914784,The Incidence of TRALI in Patients Undergoing Orthopedic-Oncology Surgery,UNKNOWN,Unknown,,550,Tel-Aviv Sourasky Medical Center,OTHER_GOV,Dyspnea; Pulmonary Edema,Israel,,Israel
NCT03825484,Expanded Access Program (EAP) for Participants With Advanced Cancers and Fibroblast Growth Factor Receptor (FGFR) Genetic Alterations Who Have Exhausted All Treatment Options,APPROVED_FOR_MARKETING,Unknown,,61,"Janssen Scientific Affairs, LLC",INDUSTRY,Advanced Cancers and FGFR Genetic Alterations,Unknown,,Unknown
NCT01997684,Colonic Stenting With Elective Surgery Versus Emergency Surgery in the Management of Acute Malignant Colonic Obstruction,UNKNOWN,Unknown,,200,"Nanfang Hospital, Southern Medical University",OTHER,Acute Malignant Colonic Obstruction; Colorectal Cancer; Colonic Obstruction,China,,China
NCT00651833,Phase 2 Study of S-1 in Combination With Cisplatin as 1st Line Therapy in Advanced Non-Small Cell Lung Cancer,Completed,Phase 2,,60,"Taiho Oncology, Inc.",INDUSTRY,Advanced Non-Small Cell Lung Cancer,Unknown,,Unknown
NCT07228533,CesiKids Trial: Enhancing Psychological Resilience in Adolescents With Cancer,Not Yet Recruiting,Unknown,,36,Eskisehir Osmangazi University,OTHER,"Resilience, Psychological; Adolescent Cancer; Mobile Application",Turkey (Türkiye),,Turkey (Türkiye)
NCT02946333,"A Study to Assess Disease Burden, in Terms of Health-related Quality of Life and Direct Healthcare Costs, in Patients With Newly Diagnosed Multiple Myeloma Who Are Not Candidates for Autologous Stem Cell Transplant (ASCT) in Spain",Completed,Unknown,2016-12-25,355,Celgene,INDUSTRY,Multiple Myeloma,Spain,2016.0,Spain
NCT02823652,Pre-Test Genetic Education and Remote Genetic Counseling in Communicating Tumor Profiling Results to Patients With Advanced Cancer,Completed,Unknown,2016-10-25,601,ECOG-ACRIN Cancer Research Group,NETWORK,Advanced Malignant Neoplasm; Locally Advanced Malignant Neoplasm,United States,2016.0,United States
NCT04421547,Efficacy of Letrozole in Recurrent Ovarian Cancer,Terminated,Phase 3,2020-06-22,86,Fondazione Policlinico Universitario Agostino Gemelli IRCCS,OTHER,Epithelial Ovarian Cancer,Italy,2020.0,Italy
NCT07048847,The Effect of Aerobic Exercise on Selective Biomarkers of Patients With Cancer,Completed,Unknown,2022-09-15,32,Izmir Bakircay University,OTHER,Breast Cancer; Colon Cancer; Chemotherapy Effect,Turkey (Türkiye),2022.0,Turkey (Türkiye)
NCT00905047,Xeloda or UFT (Tegafur-uracil) With Folinic Acid in Advanced or Metastatic Colorectal Cancer,Completed,Phase 3,2005-11-14,89,Centre Oscar Lambret,OTHER,Colorectal Cancer,France,2005.0,France
NCT02265549,Radiomics for Prediction of Long Term Survival and Local Failure After Stereotactic Radiotherapy for Brain Metastases,Completed,Unknown,,155,Maastricht Radiation Oncology,OTHER,"Metastases, Neoplasm",Netherlands,,Netherlands
NCT01160549,Study of Pregnancy Hormone Concentrations in Urban and Nomadic Mongolian Women,Completed,Unknown,2010-08-01,412,National Cancer Institute (NCI),NIH,Pregnancy,Mongolia,2010.0,Mongolia
NCT04539938,A Study of Tucatinib Plus Trastuzumab Deruxtecan in HER2+ Breast Cancer,Completed,Phase 2,2020-12-01,70,"Seagen, a wholly owned subsidiary of Pfizer",INDUSTRY,HER2 Positive Breast Cancer,United States,2020.0,United States
NCT06085638,Phase I/II Study of SY-1425 (Tamibarotene) in Combination With Azacitidine and Venetoclax for Patients With Chronic Myelomonocytic Leukemia,Withdrawn,Phase 1,2023-09-14,0,M.D. Anderson Cancer Center,OTHER,Chronic Myelomonocytic Leukemia,Unknown,2023.0,Unknown
NCT00006155,SU5416 and Carboplatin to Treat Ovarian Cancer,Completed,Phase 1,,33,National Cancer Institute (NCI),NIH,Fallopian Tube Neoplasm; Ovarian Cancer; Peritoneal Neoplasm,United States,,United States
NCT00410748,Safety and Tolerability of Long-Term Administration of Hydromorphone HCI CR (Controlled Release),Completed,Phase 3,,388,"Alza Corporation, DE, USA",INDUSTRY,"Pain; Analgesics, Opioid",Unknown,,Unknown
NCT02277548,A Pilot Study at a Single-Institution of Pregabalin in the Management of Mucositis Pain in Patients Undergoing Chemoradiation Therapy to the Head and Neck.,Completed,Unknown,,20,Abramson Cancer Center at Penn Medicine,OTHER,Oropharyngeal Cancer; Squamous Cell Carcinoma to the Head and Neck,United States,,United States
NCT06416748,Minimally Invasive Simple Hysterectomy in Low Risk Cervical Cancer,Recruiting,Unknown,2024-10-27,974,Fondazione Policlinico Universitario Agostino Gemelli IRCCS,OTHER,Cervical Cancer; Cervix Cancer,Italy,2024.0,Italy
NCT05489458,Predictive Factors for Resection and Survival in Type A Borderline Resectable Pancreatic Ductal Adenocarcinoma Patients After Neoadjuvant Therapy,UNKNOWN,Unknown,,100,"BUSQUETS, JULI",OTHER,"Carcinoma, Pancreatic Ductal",Unknown,,Unknown
NCT03699358,Physical Impairments Related to Myeloid and Lymphoid Malignancies,Completed,Unknown,,57,Gazi University,OTHER,Stem Cell Transplantation,Turkey (Türkiye),,Turkey (Türkiye)
NCT05338658,Study of PAT in Patients With Solid Tumor Cancers,Recruiting,Phase 1,2023-05-19,21,"Masonic Cancer Center, University of Minnesota",OTHER,Metastasis; Solid Tumor,United States,2023.0,United States
NCT05728658,The Study of ICP-248 in Patients With Mature B-cell Malignancies,Recruiting,Phase 1,2023-03-09,191,"Beijing InnoCare Pharma Tech Co., Ltd.",INDUSTRY,Hematological Malignancies,China,2023.0,China
NCT00354926,Safety and Efficacy Study of an Anti-CD20 Monoclonal Antibody (AME-133v) to Treat Non-Hodgkin's Lymphoma,Completed,Phase 1,,67,Applied Molecular Evolution,INDUSTRY,Non-Hodgkin's Lymphoma,United States,,United States
NCT02813278,Simo Decoction and Acupuncture on POI in Colorectal Cancer,Completed,Phase 3,,600,Guangxi Medical University,OTHER,Colorectal Cancer,China,,China
NCT00536978,Natural Killer (NK) Cell Adback After Allogeneic Stem Cell Transplant With Campath-IH Plus Chemorx for Patients With Lymphoid Malignancies,Completed,Phase 2,,22,M.D. Anderson Cancer Center,OTHER,Lymphoma; Leukemia,United States,,United States
NCT05454878,Atrial Fibrillation Monitoring on Patients With Lymphoma After Chemotherapy,UNKNOWN,Unknown,2022-07-15,100,Chinese PLA General Hospital,OTHER,Atrial Fibrillation,China,2022.0,China
NCT05802485,PANCREATIC CANCER: DYNAMIC ASSESSMENT AT ALL STAGES OF TREATMENT,Not Yet Recruiting,Unknown,2023-04-30,300,Institut Paoli-Calmettes,OTHER,Pancreatic Cancer Non-resectable,Unknown,2023.0,Unknown
NCT01347385,Barbed Suture Versus Traditional Suture Material for Laparoscopic Myomectomy,UNKNOWN,Unknown,,80,Sunnybrook Health Sciences Centre,OTHER,Fibroids,Canada,,Canada
NCT07075185,A Study to Evaluate a Novel Gene Therapy in Patients With Relapsed and Refractory Multiple Myeloma,Recruiting,Phase 1,2025-07-16,70,"Kelonia Therapeutics, Inc.",INDUSTRY,Multiple Myeloma in Relapse; Myeloma Multiple; Multiple Myeloma Progression,United States; Australia,2025.0,United States
NCT02376985,Evaluation of Oral Care to Prevent Oral Mucositis in ER Positive MBC Patients Treated With Everolimus: Phase 3 RCT,Completed,Phase 3,2015-03-26,174,Comprehensive Support Project for Oncology Research,OTHER,Breast Cancer,Japan,2015.0,Japan
NCT04233385,Myofascial Massage for Pain and Immobility Following Breast Cancer Surgery,Completed,Unknown,2020-02-04,132,MetroHealth Medical Center,OTHER,"Breast Cancer; Mastectomy; Lymphedema; Pain, Shoulder",United States,2020.0,United States
NCT00004243,Docetaxel and Oxaliplatin in Treating Patients With Metastatic or Recurrent Solid Tumor,Completed,Phase 1,,61,City of Hope Medical Center,OTHER,"Unspecified Adult Solid Tumor, Protocol Specific",United States,,United States
NCT00926315,Gene Expression Profile of Breast Cancer Samples After Vitamin D Supplementation,UNKNOWN,Unknown,,60,University of Sao Paulo General Hospital,OTHER,Breast Neoplasms; Postmenopausal Disorder,Brazil,,Brazil
NCT03495115,Comparing Restriction Spectrum Imaging (RSI) to Conventional and Abbreviated Breast MRI for Breast Cancer Screening,Completed,Unknown,2018-04-18,460,Beth Israel Deaconess Medical Center,OTHER,Breast Cancer,United States,2018.0,United States
NCT00003935,Combination Chemotherapy Plus Radiation Therapy in Treating Children With Newly Diagnosed Brain Stem Glioma,Completed,Phase 1,,31,Children's Oncology Group,NETWORK,Brain Tumors; Central Nervous System Tumors,Canada; United States; Puerto Rico; Switzerland; Australia; Netherlands,,Canada
NCT01062035,Study of a Screening Blood Test to Determine Patients' Potential Risk of Adenomatous or Advanced Colon Polyps (ACPs),Completed,Unknown,,72,Mayo Clinic,OTHER,Colonic Polyp,United States,,United States
NCT05810025,FHIR-Enhanced RealRisks to Improve Accuracy of Breast Cancer Risk Assessments,Completed,Unknown,2023-05-01,70,Columbia University,OTHER,Breast Cancer,United States,2023.0,United States
NCT01843725,Phase 1 Study Testing the Combination of Aflibercept and Capecitabine in Metastatic Digestive and Breast Cancers,Completed,Phase 1,,37,Jules Bordet Institute,OTHER,Metastatic Colorectal Cancers; Metastatic Gastric Cancers; Metastatic Oesophageal Cancers,Belgium,,Belgium
NCT06212908,Assessment of Periodontal Therapy and Biofilm Management in Breast Cancer,Completed,Unknown,2012-09-18,40,University of Sao Paulo,OTHER,Breast Cancer; Gingivitis; Periodontal,Unknown,2012.0,Unknown
NCT01790425,Randomized Controlled Trial Comparing Water vs. Air Method for Performing Colonoscopy in Adult Female Subjects,Completed,Unknown,,200,"University of California, Davis",OTHER,Screening for Colon Cancer,United States,,United States
NCT05010525,"A Study to Assess the Safety, Pharmacokinetics, and Preliminary Efficacy of ATG 016 Monotherapy in Patients With Advanced Solid Tumors",Terminated,Phase 1,2021-09-01,8,Shanghai Antengene Corporation Limited,INDUSTRY,Advanced Solid Tumors,China,2021.0,China
NCT01204125,Two Regimens of SAR240550/Weekly Paclitaxel and Paclitaxel Alone as Neoadjuvant Therapy in Triple Negative Breast Cancer Patients,Completed,Phase 2,,141,Sanofi,INDUSTRY,Breast Cancer Female,France; Spain; Germany,,France
NCT06630325,"A Precision Medicine Approach (SMMART-ACT) for the Treatment of Patients With Advanced Sarcoma, Prostate, Breast, Ovarian or Pancreatic Cancer",Terminated,Phase 2,2025-06-24,6,OHSU Knight Cancer Institute,OTHER,Advanced Breast Carcinoma; Advanced Malignant Solid Neoplasm; Advanced Ovarian Carcinoma,United States,2025.0,United States
NCT01767415,Intra-operative Use of Indigo Carmine Dye for the Delineation of Ill Defined Tumor Borders Using Stereotactic Injection,Completed,Phase 1,,10,Weill Medical College of Cornell University,OTHER,Brain Tumors With Ill-defined Margins,United States,,United States
NCT04676815,Narrow Band Imaging (NBI) Under Electronic Bronchoscope in Lung Cancer,UNKNOWN,Unknown,,200,"Shanghai Pulmonary Hospital, Shanghai, China",OTHER,Lung Cancer; Malignant Airway Obstruction,China,,China
NCT00610415,Biopsy of Human Tumors for Cancer Stem Cell Characterization: a Feasibility Study,Completed,Unknown,,40,Stanford University,OTHER,Head and Neck Cancer; Head and Neck Cancers,United States,,United States
NCT07448935,"One Gene, Two Diseases: the Pathologic Role of IGLV1-44 in AL Amyloidosis and POEMS",Recruiting,Unknown,2025-11-28,100,Fondazione IRCCS Policlinico San Matteo di Pavia,OTHER,AL Amyloidosis; POEMS Syndrome; Multiple Myeloma,Italy,2025.0,Italy
NCT00185835,Cisplatin and ZD1839 + Re-Irradiation in Recurrent Squamous Cell Cancer of the Head and Neck,Completed,Phase 1,,10,Stanford University,OTHER,"Head and Neck Cancer; Carcinoma, Squamous Cell",United States,,United States
NCT01088035,Carboplatin as a Radiosensitizer in Treating Childhood Ependymoma,Terminated,Phase 2,,75,Ann & Robert H Lurie Children's Hospital of Chicago,OTHER,Ependymoma,United States,,United States
NCT06523608,Prediction of Decompensation and HCC Development in Advanced Chronic Liver Disease,Recruiting,Unknown,2024-09-01,600,University Hospital Muenster,OTHER,Liver Diseases; Hepatocellular Carcinoma; Hepatocarcinoma,Germany,2024.0,Germany
NCT00820508,Safety and Tolerability of CHR-2845 to Treat Haematological Diseases or Lymphoid Malignancies,Completed,Phase 1,,18,Chroma Therapeutics,INDUSTRY,Hematological Disease; Lymphoid Malignancies,France; Netherlands; Belgium,,France
NCT00052208,Gefitinib and Radiation Therapy in Treating Patients With Glioblastoma Multiforme,Completed,Phase 1,,158,National Cancer Institute (NCI),NIH,Adult Giant Cell Glioblastoma; Adult Glioblastoma; Adult Gliosarcoma,United States,,United States
NCT04883125,Value of Using Pioglitazone in Chronic Myeloid Leukemia Treatment,Completed,Phase 2,2018-01-01,90,Mansoura University,OTHER,"Chronic Myelogenous Leukemia, BCR-ABL Positive; CML, Chronic Phase",Egypt,2018.0,Egypt
NCT02064725,Virexxa (Sodium Cridanimod) w/Progestin Therapy in Pts w/Progesterone Receptor Neg Recurrent/Persistent Endometrial CA,UNKNOWN,Phase 2,,8,Kevelt AS,INDUSTRY,Recurrent or Persistent Endometrial Carcinoma,United States; Slovakia; Czechia; Ukraine; Belarus,,United States
NCT00772876,A Multicenter Phase I Clinical Study of a New Compound P1446A-05 in Patients With Advanced Refractory Malignancies,Completed,Phase 1,,39,Piramal Enterprises Limited,INDUSTRY,Cancer,Canada,,Canada
NCT03885076,Gamma Delta T Cells in AML,UNKNOWN,Unknown,2018-08-23,20,Royal Marsden NHS Foundation Trust,OTHER,Acute Myeloid Leukemia,United Kingdom,2018.0,United Kingdom
NCT02474576,Percutaneous Aponeurotomy in the Treatment of Dupuytren's Disease,Completed,Unknown,,130,Groupe Hospitalier Diaconesses Croix Saint-Simon,OTHER,Dupuytren Disease,France,,France
NCT04851717,Investigation of Remimazolam in Children Undergoing Sedation for Medical Procedures,"Active, Not Recruiting",Phase 2,2021-11-15,100,Acacia Pharma Ltd,INDUSTRY,Pediatric ALL,United States; Denmark,2021.0,United States
NCT02654717,Eight Week Study of Treatment With DFD-07 for Actinic Keratosis of the Face and Scalp,Completed,Phase 2,,111,"Promius Pharma, LLC",INDUSTRY,Actinic Keratosis,Germany,,Germany
NCT01545687,CD2 Lozenges in Preventing Acute Oral Mucositis in Patients With Head and Neck Cancer Receiving Radiotherapy and Chemotherapy,Withdrawn,Phase 3,,0,Alliance for Clinical Trials in Oncology,OTHER,Head and Neck Cancer; Oral Complications of Radiation Therapy; Pain,Unknown,,Unknown
NCT06954987,Venetoclax or Placebo in Combination With Reduced-Intensity Conditioning Hematopoietic Cell (Bone Marrow/Blood Stem Cell) Transplant and as Maintenance Therapy After Transplant in Patients With Acute Myeloid Leukemia (A MyeloMATCH Treatment Trial),Not Yet Recruiting,Phase 2,2026-07-17,244,National Cancer Institute (NCI),NIH,Acute Myeloid Leukemia,Unknown,,Unknown
NCT00770393,Laryngeal Preservation in Pyriform Sinus Carcinoma,Completed,Phase 2,,71,Centre Hospitalier Universitaire de Saint Etienne,OTHER,Squamous Cell Carcinoma,France,,France
NCT03033693,Study of the Depth of Anesthesia on Postoperative Clinical Outcome in Patients With Supratentorial Tumor,Completed,Unknown,2017-02-01,1461,Beijing Tiantan Hospital,OTHER,"Anesthesia, Brain Tumor, Supratentorial,Outcome",China,2017.0,China
NCT01241721,Pre-Surgery Positron Emission Mammography in Patients With Newly Diagnosed Breast Cancer,Completed,Unknown,,34,Swedish Medical Center,OTHER,Breast Cancer; Breast Cancer Surgery,United States,,United States
NCT00006221,BMS-247550 in Treating Patients With Advanced Cancers,Completed,Phase 1,,54,National Cancer Institute (NCI),NIH,"Lymphoma; Small Intestine Cancer; Unspecified Adult Solid Tumor, Protocol Specific",United States,,United States
NCT06258421,Burden of Disease and Living Situation in Desmoid Patients,Completed,Unknown,2023-10-01,100,Technische Universität Dresden,OTHER,Desmoid Tumor; Quality of Life,Germany,2023.0,Germany
NCT03267121,A Study of Apatinib and Tegafur Gimeracil Oteracil in Locally Advanced Squamous Cell Carcinoma of the Head and Neck,Completed,Phase 2,2017-10-01,38,Shanghai Ninth People's Hospital Affiliated to Shanghai Jiao Tong University,OTHER,Head and Neck Squamous Cell Carcinoma,China,2017.0,China
NCT01859221,Radiotherapy for Oligometastatic Prostate Cancer,Completed,Unknown,,39,University of Florida,OTHER,Oligometastatic Prostate Cancer,United States,,United States
NCT01508221,Evaluation of the Use of Trental and Vitamin E For Prophylaxis of Radiation Necrosis,Completed,Phase 2,,31,University of Cincinnati,OTHER,Brain Metastasis,United States,,United States
NCT01496521,Chemoprevention of Esophageal Squamous Cell Carcinoma (ESCC) With Aspirin and Tea Polyphenols,UNKNOWN,Phase 3,,600,Beijing Friendship Hospital,OTHER,"Carcinoma, Squamous Cell",China,,China
NCT06461416,A Trial for a Preliminary Estimate of the Effectiveness of a Novel Theoretical Framework,Completed,Unknown,2024-06-10,30,University of Arkansas,OTHER,Prostate Cancer; Breast Cancer,United States,2024.0,United States
NCT03563716,A Study of Tiragolumab in Combination With Atezolizumab in Chemotherapy-Naïve Patients With Locally Advanced or Metastatic Non-Small Cell Lung Cancer,Completed,Phase 2,2018-08-10,135,"Genentech, Inc.",INDUSTRY,Non-small Cell Lung Cancer,France; United States; Serbia; Taiwan; South Korea; Spain,2018.0,France
NCT05188716,Mechanisms and Biomarkers for Tumor Immunogenicity Modulation in Cervical Cancer,Completed,Unknown,2020-12-10,30,Chuangzhen Chen,OTHER,Cervical Cancer; Benign Tumor of Uterus,China,2020.0,China
NCT06700616,A Study in Patients With Myasthenia Gravis in China,"Active, Not Recruiting",Unknown,2024-09-26,1199,AstraZeneca,INDUSTRY,Myasthenia Gravis,China,2024.0,China
NCT00111384,Study of Disease Severity in Adults With Neurofibromatosis Type 1 (NF1),Completed,Unknown,2005-07-27,313,National Cancer Institute (NCI),NIH,Neurofibromatosis Type 1; Legius Syndrome,United States,2005.0,United States
NCT06876584,The CT-based Deep Learning Model Predicts Complications in Partial Nephrectomy,Completed,Unknown,2024-06-01,1474,Du Lingzhi,OTHER,Renal Cell Carcinoma (RCC); Renal Cyst,China,2024.0,China
NCT03589833,Effectiveness and Safety of Yisaipu Combined With Tripterygium Wilfordii for Active RA,Completed,Phase 4,2019-05-14,504,Peking Union Medical College Hospital,OTHER,"Arthritis, Rheumatoid",China,2019.0,China
NCT03700333,Clinical Research of S-1 Versus Pemetrexed in the Maintenance Treatment of Advanced NSNSCLC,UNKNOWN,Phase 3,2018-10-20,120,The First Affiliated Hospital with Nanjing Medical University,OTHER,"Carcinoma, Non-Small-Cell Lung",Unknown,2018.0,Unknown
NCT00582933,"Phase II Trial of a Chemotherapy Alone Regimen of IV Busulfan (Busulfex), Melphalan and Fludarabine as Myeloablative Regimen Followed by an Allogeneic T-Cell Depleted Hematopoietic Stem Cell Transplant From an HLA-Identical, or HLA-Non Identical Related or Unrelated Donor",Completed,Phase 2,,96,Memorial Sloan Kettering Cancer Center,OTHER,Leukemia; Myelodysplastic Syndrome; Non-Hodgkin's Lymphoma,United States,,United States
NCT00585533,"A Phase 2 Study of Tarceva for Untreated, Good Prognosis Patients With Advanced Non-Small Cell Lung Cancer",Completed,Phase 2,,40,University of Utah,OTHER,Lung Cancer,United States,,United States
NCT00685633,Bicalutamide With or Without Enzastaurin in Treating Patients With Prostate Cancer,Withdrawn,Phase 2,,0,Eastern Cooperative Oncology Group,NETWORK,Prostate Cancer,Unknown,,Unknown
NCT02867033,National Clinical-biological Prospective Cohort of Incident Cases of Aggressive Fibromatosis (ALTITUDES),"Active, Not Recruiting",Unknown,2016-03-22,628,Centre Oscar Lambret,OTHER,Aggressive Fibromatosis,France,2016.0,France
NCT03052933,Copanlisib and Gemcitabine in Relapsed/Refractory PTCL,Completed,Phase 1,2018-02-01,28,Chonnam National University Hospital,OTHER,Mature T-Cell and NK-Cell Neoplasm,South Korea,2018.0,South Korea
NCT00591747,Strength Training for Older Breast Cancer Survivors,Completed,Unknown,,106,OHSU Knight Cancer Institute,OTHER,"Breast Neoplasm; Osteoporosis, Postmenopausal",United States,,United States
NCT06889649,SABR Combined with Axitinib and Toripalimab in Recurrent or Metastatic RCC,Recruiting,Phase 2,2019-01-01,30,Peking University First Hospital,OTHER,Radiation Therapy; Targeted Therapy; Immunotherapy,China,2019.0,China
NCT06767449,"Zolbetuximab Claudin18.2 Positive, HER2 Negative, Advanced Gastric Cancer",Recruiting,Unknown,2024-12-01,80,Yonsei University,OTHER,Advanced Gastric Cancer,South Korea,2024.0,South Korea
NCT02378558,A Trial of a New Magnetic Breast Marking Clip,Terminated,Unknown,,3,Antonios Likourezos,OTHER,Breast Neoplasms,United States,,United States
NCT02389855,Laser Ablation in Stereotactic Neurosurgery (LAISE): NeuroBlate® Retrospective Registry,Completed,Unknown,,144,Monteris Medical,INDUSTRY,Primary Brain Tumor,United States,,United States
NCT05290155,Anti-CD7 CAR-T Cell Therapy for Relapse and Refractory CD7 Positive T Cell Malignancies,Completed,Phase 1,2022-05-04,14,"Shanghai General Hospital, Shanghai Jiao Tong University School of Medicine",OTHER,T Lymphoblastic Leukemia/Lymphoma; T-cell Acute Lymphoblastic Leukemia; Peripheral T Cell Lymphoma,China,2022.0,China
NCT04501055,Anesthesia in PROstate Biopsy Pain Obstruction Study,Completed,Unknown,2020-08-13,192,Shanghai East Hospital,OTHER,Prostate Cancer,China,2020.0,China
NCT00462826,VEGF Trap in Treating Patients With Recurrent or Persistent Endometrial Cancer,Completed,Phase 2,,49,National Cancer Institute (NCI),NIH,Recurrent Endometrial Carcinoma,United States,,United States
NCT00007878,"Bortezomib, Fluorouracil, and Leucovorin Calcium in Treating Patients With Solid Tumors That Are Metastatic or Cannot Be Removed By Surgery",Completed,Phase 1,,30,National Cancer Institute (NCI),NIH,"Unspecified Adult Solid Tumor, Protocol Specific",United States,,United States
NCT06327178,Systemic Anti-tumor Activity and Safety of the Combination of SBRT and Concurrent PD-1 Blockade in Metastatic RCC.,Recruiting,Unknown,2023-10-01,20,"Nanfang Hospital, Southern Medical University",OTHER,Systemic Anti-tumor Activity and Safety of the Combination of SBRT and Concurrent PD-1 Blockade in Metastatic RCC,China,2023.0,China
NCT06414278,Evaluation of Early Identification of Cognitive Side Effects of Immunotherapy,Recruiting,Unknown,2024-02-08,38,"Masonic Cancer Center, University of Minnesota",OTHER,Hematopoietic and Lymphatic System Neoplasm; Malignant Solid Neoplasm,United States,2024.0,United States
NCT04837885,Intra-arterial Hepatic (IAH) Infusion of Radiolabelled Somatostatin Analogs in GEP-NET Patients With Dominant Liver Metastases,Recruiting,Phase 2,2021-09-24,23,"University Hospital, Bordeaux",OTHER,Neuroendocrine Tumor; Liver Metastases; Neuroendocrine Gastroenteropancreatic Tumour,France,2021.0,France
NCT02987543,Study of Olaparib (Lynparza™) Versus Enzalutamide or Abiraterone Acetate in Men With Metastatic Castration-Resistant Prostate Cancer (PROfound Study),Completed,Phase 3,2017-02-06,387,AstraZeneca,INDUSTRY,Metastatic Castration-resistant Prostate Cancer,Denmark; Canada; Italy; Spain; Turkey (Türkiye); United Kingdom; South Korea; Australia; Austria; Netherlands; Japan; Argentina; Germany; Sweden; Israel; France; Brazil; United States; Norway; Taiwan,2017.0,Denmark
NCT00005985,Filgrastim and Chemotherapy Followed by Peripheral Stem Cell Transplant in Treating Patients With Hodgkin's Lymphoma or Non-Hodgkin's Lymphoma,Completed,Phase 2,,213,"Masonic Cancer Center, University of Minnesota",OTHER,Lymphoma,United States,,United States
NCT01478685,A Phase 1 Study of CC-486 as a Single Agent and in Combination With Carboplatin or ABI-007 in Subjects With Relapsed or Refractory Solid Tumors,Completed,Phase 1,2011-11-29,169,Celgene,INDUSTRY,"Urinary Bladder Neoplasms; Carcinoma, Transitional Cell; Ovarian Neoplasms",United States; Netherlands; France; Spain,2011.0,United States
NCT02715843,Extended Treatment Access Study of MT-3724 for Subjects With Relapsed Non-Hodgkin's B-Cell Lymphoma,NO_LONGER_AVAILABLE,Unknown,,61,"Molecular Templates, Inc.",INDUSTRY,Non-Hodgkin's B-cell Lymphoma,United States,,United States
NCT07105215,A I/II Phase Clinical Study to Evaluate the Safety and Efficacy of RC278 in the Treatment of Solid Tumors,Recruiting,Phase 1,2025-08-11,312,"RemeGen Co., Ltd.",INDUSTRY,Solid Tumors,China,2025.0,China
NCT02581215,Phase II Randomized Trial of mFOLFIRINOX +/- Ramucirumab in Advanced Pancreatic Cancer,Completed,Phase 2,2016-09-11,84,"Walid Shaib, MD",OTHER,Pancreatic Cancer,United States,2016.0,United States
NCT01162135,Digoxin for Recurrent Prostate Cancer,Completed,Phase 2,,16,Sidney Kimmel Comprehensive Cancer Center at Thomas Jefferson University,OTHER,Prostate Cancer,United States,,United States
NCT06379035,Blastocystis and Cryptosporidium Infection in Colorectal Cancer Patients,UNKNOWN,Unknown,2024-11-01,54,Assiut University,OTHER,Blastocystis Infection; Cryptosporidium Infection; Colorectal Cancer,Unknown,2024.0,Unknown
NCT03507608,Assessing Induction of Double Strand Breaks With Androgen Receptor Partial Agonist in Patients on Androgen Suppression,Completed,Phase 1 (Early),2019-05-10,25,Sidney Kimmel Comprehensive Cancer Center at Johns Hopkins,OTHER,Prostate Cancer,United States,2019.0,United States
NCT02324608,Cetuximab Before Surgery in Treating Patients With Aggressive Locally Advanced Skin Cancer,Completed,Unknown,2015-01-30,15,"Rutgers, The State University of New Jersey",OTHER,Recurrent Skin Cancer; Squamous Cell Carcinoma of the Skin,United States,2015.0,United States
NCT03003325,The Benefit/Risk Profile of AOP2014 in Low-risk Patients With PV,Completed,Phase 2,2017-02-02,127,FROM- Fondazione per la Ricerca Ospedale di Bergamo- ETS,OTHER,Polycythemia Vera,Italy,2017.0,Italy
NCT04473625,Stool Collection Sub-Study of Exact Sciences Protocol 2018-01,Completed,Unknown,2020-07-21,291,Exact Sciences Corporation,INDUSTRY,Colorectal Cancer; Colo-rectal Cancer; Cancer,United States,2020.0,United States
NCT01013025,Vantas Implant Retrieval Study,Completed,Unknown,,12,Endo Pharmaceuticals,INDUSTRY,Prostate Cancer,Unknown,,Unknown
NCT06665776,HLA-A*02:01 Allele Frequency and the NY-ESO-1 Expression Status in Cancer Patients in Taiwan,Recruiting,Unknown,2023-03-14,1200,PharmaEssentia,INDUSTRY,Solid Tumor Malignancy,Taiwan,2023.0,Taiwan
NCT03229876,Safety and Efficacy Evaluation of CD19-UCART,SUSPENDED,Unknown,2019-06-01,20,Bioray Laboratories,INDUSTRY,Acute Lymphoblastic Leukemia (ALL); Non Hodgkin Lymphoma (NHL),China,2019.0,China
NCT04206787,The Study Observes Afatinib as First-line Treatment in Patients With Epidermal Growth Factor Receptor (EGFR) Mutation-positive Advanced Non-small Cell Lung Cancer,Completed,Unknown,2020-05-20,72,Boehringer Ingelheim,INDUSTRY,"Non-squamous, Non-Small Cell Lung Cancer",China,2020.0,China
NCT06046963,Sintilimab in Combination With S-1/Oxaliplatin With Nab-paclitaxel Intraperitoneal Infusion for Untreated Advanced Gastric Cancer With Malignant Ascites,UNKNOWN,Phase 2,2023-03-01,35,Zhejiang Cancer Hospital,OTHER,"Gastric Cancer; Peritoneal Metastases; Ascites, Malignant",China,2023.0,China
NCT02963363,Adapted Physical Activity for Breast Cancer HER2 Positive Patient,Terminated,Unknown,2018-04-27,36,Centre Jean Perrin,OTHER,HER2 Positive Breast Cancer,France,2018.0,France
NCT06453993,Temporal Variation in Exhaled Volatile Organic Compounds in Esophageal Cancer Patients,Completed,Unknown,2019-12-01,46,Benaroya Research Institute,OTHER,Esophageal Cancer,United States; United Kingdom,2019.0,United States
NCT03318393,Study Comparing Bivalirudin Versus Heparin in Neonatal and Pediatric ECMO,Completed,Phase 4,2018-03-25,30,University of Texas Southwestern Medical Center,OTHER,Extracorporeal Membrane Oxygenation Complication; Pediatric ALL; Anticoagulants,United States,2018.0,United States
NCT05231993,Clinical Triage and Treatment of Atypical Glandular Cells (AGC) Detected in Screening,ENROLLING_BY_INVITATION,Unknown,2022-01-27,280,Karolinska Institutet,OTHER,Uterine Cervical Cancer,Sweden,2022.0,Sweden
NCT06998121,"The Effect of Intrarectal Ice Application on Pain, Anxiety, Cortisol Level, Complication Development in Transrectal Ultrasonography Guided Prostate Biopsy",Recruiting,Unknown,2025-06-01,84,Mersin University,OTHER,Prostate Cancer,Turkey (Türkiye),2025.0,Turkey (Türkiye)
NCT00700414,International Pediatric Adrenocortical Tumor Registry,Recruiting,Unknown,2001-10-01,9999,St. Jude Children's Research Hospital,OTHER,Adrenocortical Tumor,United States,2001.0,United States
NCT00427414,Liposomal Daunorubicin in Treating Patients With HIV-Related Kaposi's Sarcoma,Terminated,Phase 1,,14,AIDS Malignancy Consortium,NETWORK,Sarcoma,United States; Brazil,,United States
NCT04452214,A Study of the Safety and Tolerance of CAN04 and Pembrolizumab in Combination With and Without Carboplatin and Pemetrexed in Subjects With Solid Tumors,Completed,Phase 1,2020-09-24,19,Cantargia AB,INDUSTRY,"Carcinoma, Non-Small-Cell Lung; Urothelial Carcinoma; Malignant Melanoma",United States,2020.0,United States
NCT01472016,Study of ABT-700 in Subjects With Advanced Solid Tumors,Completed,Phase 1,2011-10-06,74,"AbbVie (prior sponsor, Abbott)",INDUSTRY,Advanced Solid Tumors,Unknown,2011.0,Unknown
NCT06690216,Evaluation of [18F]AlF-NOTA-PCP2 PET/CT for PD-L1 Detection in Malignant Tumors,ENROLLING_BY_INVITATION,Phase 1,2024-03-30,100,Man Hu,OTHER,Glioblastoma (GBM); Head and Neck Squamous Cell Carcinoma; Non-Small Cell Lung Cancer,China,2024.0,China
NCT04092816,Fathers and Mothers Invested in Lives of Their Youth (FAMILY) Study: A Pilot Intervention,Terminated,Unknown,2019-10-30,15,UNC Lineberger Comprehensive Cancer Center,OTHER,Metastatic Breast Cancer; Parenting,United States,2019.0,United States
NCT01083316,Bortezomib and Dexamethasone Followed by High-Dose Melphalan and Stem Cell Transplantation for Primary (AL) Amyloidosis,Completed,Phase 2,,35,Boston Medical Center,OTHER,Amyloidosis,United States,,United States
NCT00355316,A Study to Determine the Clinical Significance of Molecular Detection of Breast Cancer in the Blood of Stage IV Breast Cancer Patients,Completed,Unknown,,224,Washington University School of Medicine,OTHER,Breast Neoplasms,United States,,United States
NCT04741984,Monocyte Antigen Carrier Cells for Newly Diagnosed GBM,Withdrawn,Phase 1,,0,Michael Gunn,OTHER,"Glioblastoma; Glioma, Malignant",Unknown,,Unknown
NCT00528684,Safety and Efficacy Study of REOLYSIN® in the Treatment of Recurrent Malignant Gliomas,Completed,Phase 1,,18,Oncolytics Biotech,INDUSTRY,Malignant Glioma,United States,,United States
NCT01918852,S-1 Versus Capecitabine in the First Line Treatment of MCC Patients.,Completed,Phase 3,,161,Dutch Colorectal Cancer Group,OTHER,Colorectal Cancer; Metastases,Netherlands,,Netherlands
NCT05790447,Thymalfasin-based PRaG Mode for Advanced Refractory Solid Tumors,UNKNOWN,Phase 2,2023-04-01,60,Second Affiliated Hospital of Soochow University,OTHER,Advanced Solid Tumor; Refractory Tumor,China,2023.0,China
NCT05997147,A Preoperative Model to Predict the Lymphovascular Invasion in Pancreatic Ductal Adenocarcinoma,UNKNOWN,Unknown,2023-05-01,1009,Tianjin Medical University Cancer Institute and Hospital,OTHER,Predictive Cancer Model; Pancreas Cancer,China,2023.0,China
NCT00336947,S-1 or Tegafur-Uracil in Treating Patients With Previously Treated Stage III or Stage IV Head and Neck Cancer,UNKNOWN,Phase 3,,500,Yokohama City University,OTHER,Head and Neck Cancer,Japan,,Japan
NCT03944447,Outcomes Mandate National Integration With Cannabis as Medicine,UNKNOWN,Phase 2,2018-12-01,200000,"OMNI Medical Services, LLC",NETWORK,Chronic Pain; Chronic Pain Syndrome; Chronic Pain Due to Injury,United States,2018.0,United States
NCT00127049,"Trial of Gemcitabine, Cisplatin, and Ifosfamide in Patients With Relapsed Non-Seminomatous Germ-Cell Tumors",UNKNOWN,Phase 2,,37,"Gustave Roussy, Cancer Campus, Grand Paris",OTHER,Germ Cell Tumor,France,,France
NCT01968538,Metabolomic Study for Localized Prostate Cancer,UNKNOWN,Unknown,,400,Georgetown University,OTHER,Prostate Cancer,United States,,United States
NCT01668238,Detection of Benign and Malignant Thyroid and Breast Tumors by Fourier Transform Infrared Spectrometry,UNKNOWN,Unknown,,600,XU Zhi,OTHER,Thyroid Tumor; Breast Tumor,China,,China
NCT04913038,Validation of the ANI in Perpubescent Patients in Pediatric Intensive Care Unit.,Completed,Unknown,2021-06-29,50,"University Hospital, Lille",OTHER,Pain; Pediatric ALL,France,2021.0,France
NCT04168138,D-CTAG in the Treatment of Newly Diagnosed Acute Myeloid Leukemia in Elderly Patients,UNKNOWN,Unknown,2019-11-01,20,Huihan Wang,OTHER,Acute Myeloid Leukemia,China,2019.0,China
NCT01140958,A Retrospective Pharmacoeconomic Study of Lung Cancer,UNKNOWN,Unknown,,91,Taipei Medical University WanFang Hospital,OTHER,Lung Cancer,Unknown,,Unknown
NCT00001748,HLA-Mismatched Peripheral Blood Mobilized Hematopoietic Precursor Cell Transplantation for Hematological Malignancies,Completed,Phase 1,,35,"National Heart, Lung, and Blood Institute (NHLBI)",NIH,Graft vs Host Disease; Hematologic Neoplasms; Lymphoma,United States,,United States
NCT00833248,Neoadjuvant Study Investigating Degarelix in Patients Suffering From Prostate Cancer,Completed,Phase 3,,246,Ferring Pharmaceuticals,INDUSTRY,Prostate Cancer,France; United States; Germany; United Kingdom; Greece; Netherlands; Spain,,France
NCT06435455,GH21 Combined With D-1553 in KRAS G12C Mutant Advanced Solid Tumors,Not Yet Recruiting,Phase 1,2024-07-01,126,"Suzhou Genhouse Bio Co., Ltd.",OTHER,Locally Advanced or Metastatic Solid Tumors Harboring KRAS G12C Mutation,Unknown,2024.0,Unknown
NCT05715255,Adaptive Symptom Self-Management Immunotherapy Study,Recruiting,Unknown,2023-05-08,400,University of Arizona,OTHER,Breast Cancer; Colon Cancer; Lung Cancer,United States,2023.0,United States
NCT06037655,Chemotherapy Combined With Adebrelimab and Mecapegfilgrastim in Neoadjuvant Treatment of Potentially Resectable BTC,Not Yet Recruiting,Phase 2,2023-09-25,30,The First Affiliated Hospital with Nanjing Medical University,OTHER,Biliary Tract Neoplasms,Unknown,2023.0,Unknown
NCT06130826,Immune Response Activation for the Treatment of Unresectable Metastatic Colorectal Cancer or CEA Positive Metastatic Breast Cancer,Recruiting,Phase 1,2025-05-27,24,City of Hope Medical Center,OTHER,Breast Carcinoma; Colorectal Carcinoma,United States,2025.0,United States
NCT05813626,Neoadjuvant Chemotherapy Plus Toripalimab in Patients With Locoregionally Advanced Nasopharyngeal Carcinoma,Recruiting,Phase 2,2023-04-03,89,Zhejiang Cancer Hospital,OTHER,Nasopharyngeal Carcinoma,China,2023.0,China
NCT02858778,Timing of Acute Palliative Care Consultation in Critically Ill Patients,UNKNOWN,Unknown,,120,Wayne State University,OTHER,Multiple Organ Failure; End Stage Cardiac Failure; End Stage Chronic Obstructive Airways Disease,United States,,United States
NCT05545943,"Effects of Calorie Restriction and Cold Stimuli on Health-related Indicators, Cognitive and Motor Functions",Completed,Unknown,2021-02-08,80,Lithuanian Sports University,OTHER,Calorie Deficiency; Fasting; Cold Exposure,Lithuania,2021.0,Lithuania
NCT06730685,Sarcopenia and Cachexia in Patients With Lung Cancer,ENROLLING_BY_INVITATION,Unknown,2024-12-12,160,Zealand University Hospital,OTHER,Non-small Cell Lung Cancer (NSCLC); Small Cell Lung Cancer (SCLC),Denmark,2024.0,Denmark
NCT07038343,AVENTINE-1: Study of AVZO-1418 as a Single Agent and in Combination Therapy in Patients With Locally Advanced or Metastatic Solid Tumors (AVZO-1418-1001),Recruiting,Phase 1,2025-06-04,430,"Avenzo Therapeutics, Inc.",INDUSTRY,Solid Tumor Cancer; Locally Advanced; Metastatic Solid Tumors,United States,2025.0,United States
NCT01084785,Biobank Carcinoma: Storing Blood and Protein of Patients With Cancer,Recruiting,Unknown,2003-01-01,10000,Maastricht Radiation Oncology,OTHER,Cancer,Netherlands,2003.0,Netherlands
NCT04501315,S100B in Intensive Care Patients With and Without Traumatic Brain Injury,Completed,Unknown,2007-07-01,600,University of Erlangen-Nürnberg Medical School,OTHER,Tumor; Brain Injuries; Trauma Injury,Unknown,2007.0,Unknown
NCT02669615,Pharmacokinetic Study of Propylene Glycol-Free Melphalan HCl for Myeloablative Conditioning in Multiple Myeloma Patients Undergoing Autologous Transplantation,Completed,Phase 2,2016-11-01,24,Medical College of Wisconsin,OTHER,Multiple Myeloma,United States,2016.0,United States
NCT04133415,Palliative Lattice Stereotactic Body Radiotherapy (SBRT),Completed,Unknown,2019-10-31,20,Washington University School of Medicine,OTHER,Cancer; Palliative Radiotherapy,United States,2019.0,United States
NCT00001335,"New Therapeutic Strategies for Patients With Ewing's Sarcoma Family of Tumors, High Risk Rhabdomyosarcoma, and Neuroblastoma",Completed,Phase 2,,90,National Cancer Institute (NCI),NIH,Ewing's Sarcoma; Neuroblastoma; Rhabdomyosarcoma,United States,,United States
NCT02404935,Treatment After Irinotecan-based Frontline Therapy: Maintenance With Erbitux (in Patients wtRAS mCRC),Completed,Phase 2,2013-11-22,139,UNICANCER,OTHER,Metastatic Colorectal Cancer,France,2013.0,France
NCT01513408,Relevance of T Lymphocytes Tumor Infiltrates CD8 and Foxp3 as Immune Prognostic Biomarker in Breast Cancer Treated by Neo Adjuvant Chemotherapy,UNKNOWN,Unknown,,500,Centre Georges Francois Leclerc,OTHER,Breast Cancer,France,,France
NCT05083208,PI3Kδ Inhibitor Parsaclisib Combined With Chidamide for the Treatment of Relapsed/Refractory Peripheral T-cell Lymphoma,Terminated,Phase 1,2022-02-20,12,Henan Cancer Hospital,OTHER_GOV,Peripheral T-Cell Lymphoma,China,2022.0,China
NCT04333108,Masitinib in Severe Indolent or Smoldering Systemic Mastocytosis Unresponsive to Optimal Symptomatic Treatment,UNKNOWN,Phase 3,2020-07-01,140,AB Science,INDUSTRY,Indolent Systemic Mastocytosis,France; Poland; Germany; United Kingdom; Romania; Ukraine; Russia; Netherlands,2020.0,France
NCT00909025,Safety and Tolerability Study of Claudiximab in Patients With Advanced Gastroesophageal Cancer,Completed,Phase 1,2009-05-31,15,Ganymed Pharmaceuticals GmbH,INDUSTRY,Solid Tumors,Latvia; Germany,2009.0,Latvia
NCT01079676,A Non-inferiority Study Comparing Two Filgrastim Preparations in Breast Cancer,Completed,Phase 3,,220,Eurofarma Laboratorios S.A.,INDUSTRY,Neutropenia in Breast Cancer,Brazil,,Brazil
NCT07501676,Transmucosal Uterosacral Electrical Stimulation for Pelvic Pain Relief,Not Yet Recruiting,Unknown,2026-04-01,60,Weill Medical College of Cornell University,OTHER,Postoperative Pain After Uterine Fibroid Embolization; Uterine Fibroids (UF); Uterine Fibroids,United States,,United States
NCT04462276,Thoracic RadiothErapy With Atezolizumab in Small Cell lUng canceR Extensive Disease,Completed,Phase 2,2020-07-28,68,Institut für Klinische Krebsforschung IKF GmbH at Krankenhaus Nordwest,OTHER,Small Cell Lung Cancer Extensive Stage; Thoracic Radiotherapy,Austria; Germany,2020.0,Austria
NCT01665417,Icotinib as First-line and Maintenance Treatment in EGFR Mutated Patients With Lung Adenocarcinoma,UNKNOWN,Phase 4,,100,"Betta Pharmaceuticals Co., Ltd.",INDUSTRY,EGFR Positive Non-small Cell Lung Cancer; Adenocarcinoma,China,,China
NCT01293617,Blackberry Intake and Biomarkers of Cancer Risk,Completed,Unknown,,52,United States Department of Agriculture (USDA),FED,Healthy Volunteers,United States,,United States
NCT04951817,68Ga-PSMA PET/CT for Ra223 Assessment,Recruiting,Unknown,2022-03-02,52,Chang Gung Memorial Hospital,OTHER,Metastatic Prostate Cancer,Taiwan,2022.0,Taiwan
NCT01323517,Addition of Ipilimumab (MDX-010) To Isolated Limb Infusion (ILI) With Standard Melphalan and Dactinomycin In The Treatment of Advanced Unresectable Melanoma of The Extremity,Completed,Phase 2,,26,Memorial Sloan Kettering Cancer Center,OTHER,Melanoma,United States,,United States
NCT04240717,Shared Decision Making on Immunotherapy in Oncology,Completed,Unknown,2020-02-07,126,University Hospital Heidelberg,OTHER,Patient Decision Aid; Treatment As Usual,Germany,2020.0,Germany
NCT00897117,Collecting and Analyzing Tissue Samples From Patients Undergoing Surgery for Non-Small Cell Lung Cancer,Recruiting,Unknown,,4000,Vanderbilt-Ingram Cancer Center,OTHER,Lung Cancer,United States,,United States
NCT01251640,Combination With Gemcitabine in Advanced Pancreatic Cancer,Completed,Phase 1,2011-01-01,90,Bayer,INDUSTRY,Pancreatic Neoplasms,France; United States; Norway; Poland; Germany; Czechia; United Kingdom; Belgium; Italy,2011.0,France
NCT05900089,Efficacy and Safety of SHR0302 in Patients With Relapsed/Refractory Peripheral T/NK Cell Lymphoma,Not Yet Recruiting,Phase 1,2023-05-30,30,Henan Cancer Hospital,OTHER_GOV,Peripheral T Cell Lymphoma,China,2023.0,China
NCT05768893,Evaluation of Combined Treatment With Er:YAG & Nd:YAG Lasers for the Treatment of Recalcitrant Warts,Completed,Unknown,2022-05-01,24,Rambam Health Care Campus,OTHER,Viral Wart,Israel,2022.0,Israel
NCT06210698,Angioedema Biomarker Research Study,UNKNOWN,Unknown,2024-01-15,600,Foundation For Rare Disease Research,OTHER,"Angioedema; Angioedemas, Hereditary; Urticaria",Unknown,2024.0,Unknown
NCT02984163,Alberta Cancer Exercise Hybrid Effectiveness-Implementation Study,"Active, Not Recruiting",Unknown,2017-01-09,2570,University of Alberta,OTHER,Neoplasms,Canada,2017.0,Canada
NCT00531687,"Trial of Paclitaxel, Gemcitabine and Cisplatin in Patients With Relapsing Germ Cell Cancer",Terminated,Phase 2,,8,"Rigshospitalet, Denmark",OTHER,Testicular Cancer,Denmark,,Denmark
NCT00272987,"ErbB2 Over-expressing Metastatic Breast Cancer Study Using Paclitaxel, Trastuzumab, and Lapatinib",Terminated,Phase 3,2005-12-13,63,Novartis Pharmaceuticals,INDUSTRY,"Neoplasms, Breast",United States; Belgium,2005.0,United States
NCT00849121,Two-Arm Study of a DNA Vaccine Encoding Prostatic Acid Phosphatase (PAP) in Patients With Non-Metastatic Castrate-Resistant Prostate Cancer,Completed,Phase 2,2009-03-16,17,"University of Wisconsin, Madison",OTHER,Prostate Cancer,United States,2009.0,United States
NCT07396714,the Efficacy of Ivermectin Alone or With Microneedling in Treatment of Cutaneous Warts.,Not Yet Recruiting,Phase 1 (Early),2026-02-01,88,Assiut University,OTHER,Warts,Unknown,,Unknown
NCT06607614,A Predictive Model Based on Quantitative Fecal Immunochemical Test Can Stratify the Risk of CRC in an Organized Screening Program,Not Yet Recruiting,Unknown,2024-11-01,10000,Catholic University of the Sacred Heart,OTHER,Colorectal Cancer Screening,Unknown,2024.0,Unknown
NCT02038114,The Impact of a Patient Education Intervention for Ambulatory Oncology Patients,Completed,Unknown,,96,Sunnybrook Health Sciences Centre,OTHER,Gastro-intestinal Cancer; Lung Cancer; Head and Neck Cancer,Canada,,Canada
NCT02156414,Lymph Node Involvement Using Extended Pelvic Lymphadenectomy in Clinically Localized Prostate Cancer,Completed,Unknown,,135,Javeriana University,OTHER,Secondary Malignant Neoplasm of Lymph Node; Prostatic Neoplasms,Colombia,,Colombia
NCT06598306,Subcutaneous Tarlatamab in Participants With Extensive Stage Small Cell Lung Cancer (DeLLphi-308),Recruiting,Phase 1,2024-10-07,220,Amgen,INDUSTRY,Extensive Stage Small Cell Lung Cancer,Japan; United States; Poland; Turkey (Türkiye); Germany; China; Belgium; Switzerland; Australia; Spain,2024.0,Japan
NCT04047706,"Nivolumab, BMS-986205, and Radiation Therapy With or Without Temozolomide in Treating Patients With Newly Diagnosed Glioblastoma","Active, Not Recruiting",Phase 1,2019-08-13,18,Northwestern University,OTHER,Glioblastoma,United States,2019.0,United States
NCT03610906,Prospective Pilot Study Identifying Clinically Relevant Biological Targets for Medical Therapy,ENROLLING_BY_INVITATION,Unknown,2019-03-12,250,"University of Colorado, Denver",OTHER,"Craniopharyngioma, Child",United States,2019.0,United States
NCT03924804,Effect of Different Infusion Volume on Perioperative Bladder and Blood Volume in Patients Undergoing Daytime Surgery.,Completed,Unknown,2019-06-19,90,"China Medical University, China",OTHER,Cholecystolithiasis and Thyroid Nodule,China,2019.0,China
NCT01821404,Atorvastatin Before Prostatectomy and Prostate Cancer,Completed,Phase 2,,160,Tampere University Hospital,OTHER,Prostatic Neoplasms,Finland,,Finland
NCT00480584,A Phase I Trial of Capecitabine in Combination With Gemcitabine and Erlotinib for Advanced Pancreatic Cancer,Completed,Phase 1,,20,H. Lee Moffitt Cancer Center and Research Institute,OTHER,Metastatic Pancreatic Carcinoma,United States,,United States
NCT03979833,Drivers of Hypoxia-induced Angiogenesis in Tumor Development,UNKNOWN,Unknown,2019-06-14,10,University of Copenhagen,OTHER,Von Hippel-Lindau Disease,Denmark,2019.0,Denmark
NCT02834052,Pembrolizumab + Poly-ICLC in MRP Colon Cancer,Completed,Phase 1,2018-01-10,42,Asha Nayak,OTHER,Metastatic Colon Cancer; Solid Tumor,United States,2018.0,United States
NCT02287233,A Study Evaluating Venetoclax in Combination With Low-Dose Cytarabine in Treatment-Naïve Participants With Acute Myelogenous Leukemia,Completed,Phase 1,2014-12-31,94,AbbVie,INDUSTRY,Acute Myelogenous Leukemia; AML,United States; Australia; Italy; Germany,2014.0,United States
NCT02706249,Study Of Weight-Based Versus Standard Dose Enoxaparin Thromboprophylaxis In High-Risk Hospitalized Cancer Patients,Completed,Phase 2,,50,Dana-Farber Cancer Institute,OTHER,Venous Thormboembolism,United States,,United States
NCT06266949,Perimetry Based on Eye-movements in Patients With (Supra)Sellar Tumors,Not Yet Recruiting,Unknown,2025-08-01,30,University Medical Center Groningen,OTHER,Pituitary Tumor; Visual Fields Hemianopsia,Netherlands,2025.0,Netherlands
NCT07376538,Response-Based Local Therapy for Regionally Advanced Breast Cancer,Recruiting,Phase 2,,157,"Cancer Institute and Hospital, Chinese Academy of Medical Sciences",OTHER,Breast Cancer,China,,China
NCT03852238,Risk Factors of Hepatocellular Carcinomas Developed on Non-fibrotic Liver: Case-control Study (NoFlic Study),Completed,Unknown,2010-08-18,283,"University Hospital, Bordeaux",OTHER,Hepatocellular Carcinoma,France,2010.0,France
NCT03662958,Comparison of a Novel Leuprolide With Market Leuprolide,UNKNOWN,Unknown,2018-08-01,48,Lee's Pharmaceutical Limited,INDUSTRY,Prostate Cancer,China,2018.0,China
NCT05487248,A Study of On-treatment ctDNA Changes in Chemo-refractory Colorectal Cancer Patients,"Active, Not Recruiting",Unknown,2023-10-12,103,Jules Bordet Institute,OTHER,Unresectable Locally Advanced Colorectal Cancer; Metastatic Colorectal Cancer; Candidate for Third-line or Subsequent Lines of Therapy,France; Belgium,2023.0,France
NCT06561048,"Soquelitinib vs Standard of Care in Participants With Relapsed/Refractory Peripheral T-cell Lymphoma Not Otherwise Specified, Follicular Helper T-cell Lymphomas, or Systemic Anaplastic Large-cell Lymphoma",Recruiting,Phase 3,2024-10-02,150,"Corvus Pharmaceuticals, Inc.",INDUSTRY,"Peripheral T-Cell Lymphoma, Not Otherwise Specified; Angioimmunoblastic T-cell Lymphoma; Follicular T-Cell Lymphoma",United States; Australia; Canada,2024.0,United States
NCT04322955,CYTO Reductive Surgery in Kidney Cancer Plus Immunotherapy and Targeted Kinase Inhibition,Recruiting,Phase 2,2020-06-22,48,Mark Stein,OTHER,Kidney Cancer; Renal Cell Carcinoma,United States,2020.0,United States
NCT03779555,Lenalidomide Adherence in Older Adults,Terminated,Unknown,2019-12-13,17,Washington University School of Medicine,OTHER,Multiple Myeloma,United States,2019.0,United States
NCT02040155,Real Time In-Vivo Dosimetry For Gynecologic Brachytherapy,Completed,Unknown,,16,Duke University,OTHER,"Cancer of the Cervix, Cancer of the Endometrium",United States,,United States
NCT03929926,Proactive Outreach and Shared Decision Making in Improving Lung Cancer Screening Rates in Primary Care Patients,Completed,Unknown,2019-06-19,2355,Thomas Jefferson University,OTHER,Lung Cancer,United States,2019.0,United States
NCT01210378,Nitroglycerin in Non-small Cell Lung Cancer,Terminated,Phase 2,,47,Maastricht Radiation Oncology,OTHER,Non Small Cell Lung Cancer (NSCLC),Netherlands,,Netherlands
NCT05950685,Prediction of Long-term Arm Morbidity Following Breast Cancer Surgeries and Treatments,Completed,Unknown,2023-01-01,1602,Ifat Klein,OTHER,Breast Cancer,Israel,2023.0,Israel
NCT02862743,Molecular Characterization of Advanced Stage Melanoma by Blood Sampling,Completed,Unknown,2016-01-14,50,CHU de Reims,OTHER,Metastatic Melanoma,France,2016.0,France
NCT05445843,Study of Efficacy and Safety of JDQ443 Single-agent as First-line Treatment for Patients With Locally Advanced or Metastatic KRAS G12C- Mutated Non-small Cell Lung Cancer With a PD-L1 Expression < 1% or a PD-L1 Expression ≥ 1% and an STK11 Co-mutation.,"Active, Not Recruiting",Phase 2,2022-10-31,95,Novartis Pharmaceuticals,INDUSTRY,Locally Advanced or Metastatic KRAS G12C-mutated NSCLC With a PD-L1 Expression <1% or a PD-L1 Expression ≥ 1% and an STK11 Co-mutation,China; Belgium; Greece; Italy; Spain; Turkey (Türkiye); United Kingdom; Malaysia; Austria; Netherlands; Argentina; Germany; Hungary; France; Brazil; Thailand; United States; Portugal; India,2022.0,China
NCT05318443,A Study Exploring Efficacy of SIBP04 in Subjects With Non-squamous Non-small Cell Lung Cancer,Completed,Phase 3,2020-04-17,512,Shanghai Institute Of Biological Products,INDUSTRY,Non-squamous Non-small-cell Lung Cancer,China,2020.0,China
NCT00603915,A Study of Gemcitabine and Cisplatin/Carboplatin Plus Erlotinib in Patients With Nasopharyngeal Cancer,Completed,Phase 2,,20,"University Health Network, Toronto",OTHER,Nasopharyngeal Cancer,Canada,,Canada
NCT00304135,"Fluorouracil, Cisplatin, and Radiation Therapy or Gemcitabine and Oxaliplatin in Treating Patients With Nonmetastatic Biliary Tract Cancer That Cannot Be Removed By Surgery",Completed,Phase 2,,34,Federation Francophone de Cancerologie Digestive,OTHER,Extrahepatic Bile Duct Cancer; Gallbladder Cancer; Liver Cancer,France,,France
NCT02550535,A Phase I/II Study of Gene-modified WT1 TCR Therapy in MDS & AML Patients,Completed,Phase 1,,3,Cell Medica Ltd,INDUSTRY,Myelodysplastic Syndromes (MDS); Acute Myeloid Leukaemia (AML),United Kingdom; Belgium; Germany,,United Kingdom
NCT03281135,Optimizing Cervical Cancer Screening Modalities,UNKNOWN,Unknown,,1760,Addis Ababa University,OTHER,Cervical Cancer,Unknown,,Unknown
NCT00300508,3 Years of Anastrozole vs. no Treatment as Extended Adjuvant Therapy for Postmenopausal Women With Breast Cancer,Completed,Phase 3,,856,AstraZeneca,INDUSTRY,Breast Neoplasms,Austria,,Austria
NCT06482008,"HAIC Combined With Adebrelimab Plus Apatinib as the First-line Treatment for HCC in BCLC Stage C: An Open-label, Single-arm, Phase II Study",Not Yet Recruiting,Phase 2,2024-06-19,33,Sun Yat-sen University,OTHER,Hepatocellular Carcinoma,Unknown,2024.0,Unknown
NCT01031225,"A Study of the HSP90 Inhibitor, STA-9090 in Subjects With Stage IIIB or IV Non-Small Cell Lung Cancer (NSCLC)",Completed,Phase 2,,113,Synta Pharmaceuticals Corp.,INDUSTRY,Non Small Cell Lung Cancer,United States,,United States
NCT00577876,Assessment of the Functional Significance of Accessory Pudendal Arteries,Completed,Unknown,,38,Memorial Sloan Kettering Cancer Center,OTHER,Prostate Cancer,United States,,United States
NCT06979076,A Phase Ib Study of the Selective PKC-β Inhibitor MS-553 in Patients With Refractory or Relapsed CLL/SLL,Not Yet Recruiting,Phase 1,,12,"MingSight Pharmaceuticals, Inc",INDUSTRY,CLL (Chronic Lymphocytic Leukemia); SLL (Small Lymphocytic Lymphoma),Unknown,,Unknown
NCT03657576,Trial of C134 in Patients With Recurrent GBM,"Active, Not Recruiting",Phase 1,2019-09-23,19,University of Alabama at Birmingham,OTHER,Glioblastoma Multiforme of Brain; Anaplastic Astrocytoma of Brain; Gliosarcoma of Brain,United States,2019.0,United States
NCT01551576,Photoacoustic Imaging (PAI) of the Prostate: A Clinical Feasibility Study,Completed,Unknown,,20,Stanford University,OTHER,Prostate Cancer,United States,,United States
NCT01782976,Ph II Cilengitide Plus Bevacizumab for Recurrent Glioblastoma (GBM),Withdrawn,Phase 2,,0,M.D. Anderson Cancer Center,OTHER,Glioblastoma,Unknown,,Unknown
NCT04611776,"A Study Evaluating the Efficacy and Safety of Adjuvant Platinum-Doublet Chemotherapy, With or Without Atezolizumab, in Patients Who Are ctDNA Positive After Complete Surgical Resection of Stage IB to Select IIIB Non-Small Cell Lung Cancer",Withdrawn,Phase 2,2021-07-01,0,Hoffmann-La Roche,INDUSTRY,"Carcinoma, Non-Small Cell Lung",Unknown,2021.0,Unknown
NCT02409576,"Pilot Study of Expanded , Activated Haploidentical Natural Killer Cell Infusions for Sarcomas",UNKNOWN,Phase 1,,20,"National University Hospital, Singapore",OTHER,Ewing Sarcoma; Rhabdomyosarcoma,Singapore,,Singapore
NCT02631876,"A Study of Mirvetuximab Soravtansine vs. Investigator's Choice of Chemotherapy in Women With Folate Receptor (FR) Alpha Positive Advanced Epithelial Ovarian Cancer (EOC), Primary Peritoneal or Fallopian Tube Cancer",Completed,Phase 3,2016-03-02,366,"ImmunoGen, Inc.",INDUSTRY,Epithelial Ovarian Cancer; Primary Peritoneal Carcinoma; Fallopian Tube Cancer,France; Italy; Canada; United States; Serbia; Czechia; United Kingdom; Belgium; Bosnia and Herzegovina; Switzerland; Russia; Ireland; Spain,2016.0,France
NCT03458676,Radiologic Pathologic Correlation of Advanced MR Imaging to Guide the Biopsy of Cerebral Malignancies,Recruiting,Unknown,2012-09-06,62,M.D. Anderson Cancer Center,OTHER,Brain Lesion,United States,2012.0,United States
NCT07441993,Exploratory Study of Orelabrutinib in the Treatment of Early-stage Untreated MZL,Recruiting,Phase 2,2026-01-05,30,"Institute of Hematology & Blood Diseases Hospital, China",OTHER,Marginal Zone Lymphoma,China,,China
NCT03675893,"RESOLVE: Abemaciclib + Letrozole +/- Metformin, Zotatifin, or Gedatolisib in Endometrial or Low-Grade Serous Ovarian Cancer",Recruiting,Phase 2,2018-12-24,180,Dana-Farber Cancer Institute,OTHER,Endometrial Cancer; Ovarian Cancer,United States,2018.0,United States
NCT03304093,Immunotherapy by Nivolumab for HIV+ Patients,Completed,Phase 2,2017-10-19,30,Intergroupe Francophone de Cancerologie Thoracique,OTHER,Non Small Cell Lung Cancer Metastatic; Non Small Cell Lung Cancer Stage IIIB; HIV/AIDS,France,2017.0,France
NCT05353387,The Effect of the Motivational Interviewing Technique on Breast and Cervical Cancer Screenings,UNKNOWN,Unknown,2022-04-30,120,Istanbul Saglik Bilimleri University,OTHER,Menopause; Cervix Cancer; Breast Cancer,Unknown,2022.0,Unknown
NCT04979663,GEMOX Combined With Donafenib and Tislelizumab in Biliary Tract Cancer,UNKNOWN,Phase 1,2020-12-01,10,Fudan University,OTHER,Biliary Tract Carcinoma,China,2020.0,China
NCT01194193,Preliminary Anti-tumour Activity of mTor Kinase Inhibitor in Advanced Tumours,Withdrawn,Phase 1,,63,AstraZeneca,INDUSTRY,Cancer; Advanced Solid Tumours; Lymphomas,Unknown,,Unknown
NCT05831293,Mindfulness-Based Reduction Stress Program,Completed,Unknown,2023-01-15,104,Ataturk University,OTHER,Cancer; Caregiver Stress; Quality of Life,Turkey (Türkiye),2023.0,Turkey (Türkiye)
NCT05502263,Interest of CPET to Predict Mortality and Complications of Lung Resection Candidates,UNKNOWN,Unknown,2022-05-01,100,Université Libre de Bruxelles,OTHER,Exercise Test; Thoracic Cancer,Belgium,2022.0,Belgium
NCT02829021,Dynamic Infrared Thermography in Breast Cancer Diagnostics,Completed,Unknown,,168,University Hospital of North Norway,OTHER,Breast Cancer,Norway,,Norway
NCT05546021,Nociception Level Monitor (NOL) During Guided Analgesic Delivery in Breast Surgeries,Completed,Unknown,2023-09-01,60,University of Southern Denmark,OTHER,Anesthesia; Adverse Effect; Breast Cancer,Denmark,2023.0,Denmark
NCT06875414,Breast Cancer and Resilience in Couple,Recruiting,Unknown,2022-11-14,40,Regina Elena Cancer Institute,OTHER,Breast Neoplasms; Quality of Life,Italy,2022.0,Italy
NCT04842916,"InteGRAtive Analysis of TuMor, Microenvironment, ImmunitY and Patient Expectation for Personalized Response Prediction in Gastric Cancer",Recruiting,Unknown,2020-09-22,250,Istituto Romagnolo per lo Studio dei Tumori Dino Amadori IRST S.r.l. IRCCS,OTHER,Gastric Cancer,France; Italy; Greece,2020.0,France
NCT00282516,Asthma In-Home Monitoring (AIM) Trial,Completed,Unknown,,120,Tripler Army Medical Center,FED,"Mild, Moderate and Severe Persistent Asthma as Defined by NHLBI-2 Guidelines",United States,,United States
NCT07321106,"A Study to Investigate the Safety, Tolerability, Pharmacokinetics, and Anti-tumor Activity of CBI-1214 T Cell Engager in Participants With Advanced or Metastatic MSS/MSI-L Colorectal Cancer",Recruiting,Phase 1,2026-01-15,80,Cartography Biosciences,INDUSTRY,Colorectal Cancer; Colorectal Cancer (CRC); Colorectal (Colon or Rectal) Cancer,United States,,United States
NCT04497116,"Study of RP-3500, Camonsertib, in Advanced Solid Tumors",Completed,Phase 1,2020-07-22,276,Repare Therapeutics,INDUSTRY,Advanced Solid Tumor,United States; Denmark; United Kingdom; Canada,2020.0,United States
NCT06849284,To Perform a Post-market Study of the Performance of the Idylla ThyroidPrint Assay Using Clinical Samples in Predicting the Nature of Indeterminate Thyroid Nodules (ITNs) Across Multiple Centers.,Recruiting,Unknown,2024-12-16,100,Royal Cornwall Hospitals Trust,OTHER,Thyroid Cancer,United Kingdom,2024.0,United Kingdom
NCT00048984,Diagnostic Study of Tumor Characteristics in Patients With Ewing's Sarcoma,Completed,Unknown,,637,Children's Oncology Group,NETWORK,Localized Ewing Sarcoma/Peripheral Primitive Neuroectodermal Tumor; Metastatic Ewing Sarcoma/Peripheral Primitive Neuroectodermal Tumor; Recurrent Ewing Sarcoma/Peripheral Primitive Neuroectodermal Tumor,United States,,United States
NCT05252884,Calcium+Calcitriol Versus PTH for the Prevention of Hypocalcemia in Thyroidectomy. Randomized Clinical Trial,Completed,Unknown,2022-06-30,258,Centro de Excelencia en Enfermedades de Cabeza y Cuello,OTHER,Thyroid Cancer; Goiter; Thyroiditis,Colombia,2022.0,Colombia
NCT04004884,Liver Safety Assessment During Ulipristal Acetate Treatment for Uterine Fibroids (LISA),Terminated,Unknown,2019-05-23,30,Fundació Institut de Recerca de l'Hospital de la Santa Creu i Sant Pau,OTHER,"Leiomyoma, Uterine; Liver Injury; Treatment Side Effects",Spain,2019.0,Spain
NCT03305133,Evaluation of PD-L1 (Programmed Death-Ligand 1) Tumor Expression in Patients With Large-cell Neuroendocrine Carcinoma (NEC),Completed,Unknown,2017-09-26,86,Groupe Francais De Pneumo-Cancerologie,OTHER,Large Cell Lung Cancer; Neuroendocrine Carcinoma of Lung (Diagnosis),France,2017.0,France
NCT02441933,Carboplatin in EARLY Triple Negative Breast Cancer Trial (PEARLY Trial),"Active, Not Recruiting",Phase 3,2015-09-01,878,Yonsei University,OTHER,Breast Cancer,South Korea,2015.0,South Korea
NCT05883852,EC-THP Versus TCbHP in HER2-positive Lymph Node Positive Early Breast Cancer,Recruiting,Phase 3,2023-06-07,1406,Fudan University,OTHER,HER2 Positive Early Breast Cancer,China,2023.0,China
NCT07160647,"The Efficacy and Safety of Neoadjuvant Therapy With Iparomlimab and Tuvonralimab in Locally Advanced MSI-H/dMMR Colorectal Cancer: An Prospective, Single-Arm Study (Neo-IT)","Active, Not Recruiting",Phase 2,2025-08-20,29,Sir Run Run Shaw Hospital,OTHER,dMMR/MSI-H-type Rectal Adenocarcinoma,China,2025.0,China
NCT01764347,Magnetic Resonance Imaging-Transrectal Ultrasound Fusion Image-Guided Prostate Biopsy Following Radical Prostatectomy in Patients With Prostate Cancer,Completed,Unknown,,24,University of Southern California,OTHER,Prostate Cancer,United States,,United States
NCT02787447,Radiotherapy Combined With Thymosin for Metastatic NSCLC Patients Who Showed Stable Disease After First Line TKI Therapy,UNKNOWN,Phase 2,,46,First People's Hospital of Hangzhou,OTHER,Lung Adenocarcinoma,China,,China
NCT03733249,Long Term Follow-up Study for Patients Enrolled on the BP-004 Clinical Study,Terminated,Phase 1,,187,Bellicum Pharmaceuticals,INDUSTRY,"Acute Lymphoblastic Leukemia; Leukemia, Acute Myeloid (AML), Child; Lymphoma, Non-Hodgkin",Italy,,Italy
NCT04012749,UC Health Care Planning Study,Completed,Unknown,2019-10-25,8707,"University of California, Los Angeles",OTHER,Advance Care Planning; Advance Directives; Advanced Cancer,United States,2019.0,United States
NCT02257138,Ruxolitinib Phosphate and Decitabine in Treating Patients With Relapsed or Refractory or Post Myeloproliferative Acute Myeloid Leukemia,Completed,Phase 1,2015-02-12,30,M.D. Anderson Cancer Center,OTHER,Blasts More Than 20 Percent of Bone Marrow Nucleated Cells; Blasts More Than 20 Percent of Peripheral Blood White Cells; Myelodysplastic/Myeloproliferative Neoplasm,United States,2015.0,United States
NCT06047158,Effects of Omega-3 Fish Oil Fat Emulsion on Rehabilitation and Immune Function After Radical Surgery Combined With Intraperitoneal Hyperthermic Infusion Chemotherapy in Patients With Locally Advanced Gastric Cancer,UNKNOWN,Unknown,2022-12-01,200,The Affiliated Hospital of Qingdao University,OTHER,Fish Oils; Perfusion; Complications; Stomach Neoplasms,China,2022.0,China
NCT06143748,Combination of Cadonilimab and Chemoradiotherapy in Esophageal Cancer (EC-CRT-006),"Active, Not Recruiting",Phase 2,2024-03-02,46,Sun Yat-sen University,OTHER,Esophagus Cancer,China,2024.0,China
NCT06544655,A Study of BMS-986484 Alone and Combination Therapy in Participants With Advanced Solid Tumors,"Active, Not Recruiting",Phase 1,2024-10-10,213,Bristol-Myers Squibb,INDUSTRY,Advanced Solid Tumors,United States; Australia; Canada,2024.0,United States
NCT02863055,Nintedanib as Switch Maintenance Treatment of Pleural Malignant Mesothelioma,Terminated,Phase 2,2018-02-04,37,European Organisation for Research and Treatment of Cancer - EORTC,NETWORK,Malignant Pleural Mesothelioma,United Kingdom; Italy; Belgium,2018.0,United Kingdom
NCT00634426,Surgical Versus Nonoperative Treatment of Metastatic Epidural Spinal Cord Compression,Completed,Unknown,,163,AOSpine North America Research Network,NETWORK,Metastatic Epidural Spinal Cord Compression,United States; Canada,,United States
NCT05788926,A Clinical Trial of TG6050 in Patients With Metastatic Non-Small Cell Lung Cancer (Delivir),Terminated,Phase 1,2023-04-05,22,Transgene,INDUSTRY,Non-small Cell Lung Cancer,France,2023.0,France
NCT06411678,Application of 68GA-labeled CD73 Targeting Probe PET/CT Imaging in the Diagnosis of Breast Cancer,Recruiting,Phase 1 (Early),2024-05-10,50,Peking Union Medical College Hospital,OTHER,Breast Cancer,China,2024.0,China
NCT00502385,Phase I AZD2171 in Patients With Relapsed or Refractory AML and Elderly Patients With DeNovo or Secondary AML,Completed,Phase 1,,54,AstraZeneca,INDUSTRY,Leukaemia; Myelocytic; Acute,Unknown,,Unknown
NCT00057785,Radiation Therapy With or Without Chemotherapy in Reducing Mouth Dryness in Patients With Nasopharyngeal Cancer,Completed,Phase 2,,68,Radiation Therapy Oncology Group,NETWORK,Head and Neck Cancer; Oral Complications of Radiation Therapy; Radiation Toxicity,United States,,United States
NCT02674243,Efficacy of Iodopovidone Versus Talc in Palliative Malignant Pleural Effusion,Completed,Phase 3,,60,Chiang Mai University,OTHER,Malignant Pleural Effusion,Thailand,,Thailand
NCT07446543,Effect of Negative-Pressure Drainage Versus Pancreatic Duct Stenting for Preventing Pancreatitis After Endoscopic Papillectomy for Duodenal Papillary Tumors,Not Yet Recruiting,Unknown,2026-03-20,132,Cui Xiaobing,OTHER,Ampulla of Vater Neoplasms; Ampullary Adenoma; Ampullary Carcinoma,Unknown,,Unknown
NCT00946543,Intensity-Modulated Radiation Therapy in Treating Patients With Prostate Cancer,UNKNOWN,Phase 1,,198,Royal Marsden NHS Foundation Trust,OTHER,Prostate Cancer,United Kingdom,,United Kingdom
NCT04399343,Dexmedetomidine for Prevention of Postoperative Delirium After Intracranial Operation for Brain Tumor,UNKNOWN,Phase 4,2021-03-01,700,Capital Medical University,OTHER,Central Nervous System Diseases,China,2021.0,China
NCT05410535,To Evaluate Efficacy of Ursodeoxycholic Acid (UDCA) for the Prevention of Gallstone Formation After Gasterectomy,Completed,Phase 4,2021-09-15,431,Daewoong Pharmaceutical Co. LTD.,INDUSTRY,Gastric Cancer,South Korea,2021.0,South Korea
NCT05807035,Autologous Tumour Vaccine Trial,Recruiting,Phase 1,2023-02-10,30,Vaxine Pty Ltd,INDUSTRY,Solid Tumor,Australia,2023.0,Australia
NCT00854308,"A Study of MetMAb Administered to Patients With Advanced Non-Small Cell Lung Cancer, in Combination With Tarceva (Erlotinib)",Completed,Phase 2,,137,"Genentech, Inc.",INDUSTRY,Non-Small Cell Lung Cancer,Unknown,,Unknown
NCT02052908,Naproxen in Preventing DNA Mismatch Repair Deficient Colorectal Cancer in Patients With Lynch Syndrome,Completed,Phase 1,2014-01-27,81,National Cancer Institute (NCI),NIH,Lynch Syndrome,United States,2014.0,United States
NCT00897247,Biomarkers to Detect Mesothelioma Early in Patients Exposed to Asbestos or Vermiculite,Completed,Unknown,,494,Barbara Ann Karmanos Cancer Institute,OTHER,Malignant Mesothelioma; Pulmonary Complications,United States,,United States
NCT05380349,Personalized Cancer Stem Cell High-Throughput Drug Screening for Glioblastoma,Recruiting,Phase 1 (Early),2024-04-19,10,Swedish Medical Center,OTHER,Newly Diagnosed Glioblastoma,United States,2024.0,United States
NCT05644249,PIPAC and FOLFOX for Gastric Cancer Peritoneal Cancer,Completed,Unknown,2022-12-01,37,Vilnius University,OTHER,Gastric Cancer; Peritoneal Carcinomatosis,Lithuania,2022.0,Lithuania
NCT02220049,Dose Escalation of Velcade Daily Dose in Patients With Solid Tumors,Completed,Phase 1,,18,"Gustave Roussy, Cancer Campus, Grand Paris",OTHER,Advanced or Metastatic Solid Tumors,France,,France
NCT01174238,A Two Arm Trial of Axitinib and Carboplatin/Paclitaxel in Melanoma,Completed,Phase 2,,40,Adil Daud,OTHER,Melanoma,United States,,United States
NCT04164238,Neoadjuvant Anti-PD-1 Antibody (Toripalimab) or Combined With Chemotherapy in HNSCC Patients,UNKNOWN,Phase 2,2019-11-07,90,First Affiliated Hospital of Zhejiang University,OTHER,Head and Neck Squamous Cell Carcinoma,China,2019.0,China
NCT02041338,Study of Optimizing Neoadjuvant Regimens in Subtypes of Breast Cancer,UNKNOWN,Phase 2,,200,Chinese Academy of Medical Sciences,OTHER,Breast Cancer; Neoadjuvant Chemotherapy,China,,China
NCT05420948,A Study of Pembrolizumab in Combination With Chemotherapy for Head and Neck Cancer,SUSPENDED,Phase 2,2022-10-17,30,University of Chicago,OTHER,Head and Neck Cancer; Head and Neck Squamous Cell Carcinoma; Head and Neck Neoplasms,United States,2022.0,United States
NCT00142155,Correlation of FC Gamma RIIIA Receptor Response in Patients With Waldenstrom's Macroglobulinemia,Completed,Unknown,,300,Dana-Farber Cancer Institute,OTHER,Waldenstrom's Macroglobulinemia,United States,,United States
NCT03348826,Study of Sodium Bicarbonate in Restoring Blocked Catheters,Withdrawn,Phase 2,2020-06-01,0,"University Health Network, Toronto",OTHER,Cancer; Central Venous Catheterization,Canada,2020.0,Canada
NCT00162526,Tocopherol is a Novel Treatment for Cancer Related Mucositis,Withdrawn,Phase 2,,30,Hadassah Medical Organization,OTHER,Oral Mucositis,Israel,,Israel
NCT04511078,Phase II Panitumumab-IRDye800 in Head & Neck Cancer,Recruiting,Phase 2,2021-04-02,25,University of Alabama at Birmingham,OTHER,Head and Neck Cancer,United States,2021.0,United States
NCT06548178,T-DXd Versus THP for Medium-risk HER2-positive Early Breast Cancer,Not Yet Recruiting,Phase 2,,242,Fudan University,OTHER,HER2-positive Breast Cancer,China,,China
NCT00080678,Docetaxel With or Without Imatinib Mesylate in Treating Patients With Androgen-Independent Prostate Cancer and Bone Metastases,Completed,Phase 2,,116,M.D. Anderson Cancer Center,OTHER,Metastatic Cancer; Prostate Cancer,United States,,United States
NCT00006078,Lycopene In Preventing of Prostate Cancer,Completed,Phase 1,,61,University of Illinois at Chicago,OTHER,Prostate Cancer,United States,,United States
NCT02161978,Vascular Dysfunction and Antiangiogenic Therapy,Completed,Unknown,2012-02-09,93,"University Hospital, Angers",OTHER_GOV,Solid Tumor; Tumor Angiogenesis; Endothelial Dysfunction,France,2012.0,France
NCT04406285,Effects of Periodized and Autoregulated Resistance Training in Haematological Cancer Patients During the Treatent.,UNKNOWN,Unknown,,66,Federal University of Health Science of Porto Alegre,OTHER,Fatigue; Leukemia; Lymphoma,Brazil,,Brazil
NCT07423585,Tarlatamab for the Treatment of Extensive Stage Small-cell Lung Cancer,Recruiting,Phase 2,2026-04-01,39,Asrar Alahmadi,OTHER,Extensive Stage Lung Small Cell Carcinoma,United States,,United States
NCT07368543,Sequencing SG vs. T-DXd in HER2-Low/TROP2-High Metastatic Breast Cancer,Not Yet Recruiting,Phase 2,2026-01-16,216,Fudan University,OTHER,Metastatic Breast Cancer,Unknown,,Unknown
NCT04909515,Naxitamab and Granulocyte-Macrophage Colony Stimulating Factor (GMCSF) and Isotretinoin for Consolidation of Patients With High-Risk Neuroblastoma in First Remission.,Withdrawn,Phase 2,2021-12-02,0,Y-mAbs Therapeutics,INDUSTRY,Neuroblastoma,Hong Kong; Russia; Singapore; South Korea,2021.0,Hong Kong
NCT05415215,A Study to Evaluate Patient Preference for Home Administration of Fixed-Dose Combination of Pertuzumab and Trastuzumab for Subcutaneous Administration in Participants With Early or Locally Advanced/Inflammatory HER2-Positive Breast Cancer,Completed,Phase 3,2022-07-05,346,Hoffmann-La Roche,INDUSTRY,Early Breast Cancer; Locally Advanced Breast Cancer; Inflammatory Breast Cancer,Costa Rica; South Korea; Chile; Bulgaria; Brazil; Canada; Argentina; Croatia; Peru; Turkey (Türkiye); Kenya; Singapore; South Africa; Bosnia and Herzegovina; Mexico; India; Spain,2022.0,Costa Rica
NCT00327535,A Study of Mircera in Anemic Patients With Non-Small Cell Lung Cancer Receiving First Line Chemotherapy.,Completed,Phase 2,,153,Hoffmann-La Roche,INDUSTRY,Anemia,France; Estonia; Canada; Poland; Greece; Germany; Czechia; Hong Kong; Finland; Belgium; Australia; Austria; Italy; Hungary; Spain,,France
NCT00003508,Antineoplaston Therapy in Treating Patients With Advanced Mesothelioma,Terminated,Phase 2,1996-03-08,8,Burzynski Research Institute,OTHER,Malignant Mesothelioma,United States,1996.0,United States
NCT06935708,Intrathecal Morphine Versus Epidural Analgesia for Open Colon Surgery,Recruiting,Phase 4,2025-04-08,98,Meri Mirceta,OTHER,"Colorectal Carcinoma; Analgesia, Postoperative; Laparotomy",Croatia,2025.0,Croatia
NCT07154108,Endostatin Adenovirus With Checkpoint Inhibitor in Advanced Head and Neck or Esophageal Cancer,Not Yet Recruiting,Phase 1,2025-09-01,40,Sichuan University,OTHER,Esophageal Cancer; Head and Neck Cancer (H&Amp;Amp;Amp;N),China,2025.0,China
NCT06478225,Evaluate the Safety and Efficacy of BGT007H Cell Therapy in Patients With Relapsed/Refractory Pancreatic Cancer,Recruiting,Unknown,2024-05-07,12,RenJi Hospital,OTHER,Tumor Pancreas,China,2024.0,China
NCT05252676,Evaluation of Correlations Between Radiologic Features and Pathologic Subtypes of GGO LUAD Via WMS (ECTOP-1011),Completed,Unknown,2021-10-01,103,Fudan University,OTHER,Adenocarcinoma of Lung,China,2021.0,China
NCT05428176,A High Intensity Electronic Health Intervention for the Reduction of Learning Disparities in Childhood Cancer Survivors,"Active, Not Recruiting",Unknown,2023-02-16,342,City of Hope Medical Center,OTHER,Acute Leukemia; Acute Lymphoblastic Leukemia; Acute Myeloid Leukemia,United States,2023.0,United States
NCT05004376,Text-based Colorectal Cancer Prevention Pilot,Completed,Unknown,2022-01-03,118,University of Rochester,OTHER,Colorectal Cancer,United States,2022.0,United States
NCT01072240,An Observational Study on Infusion-related Adverse Events at Administration of MabThera (Rituximab) in Patients With Chronic Lymphocytic Leukemia,Completed,Unknown,,92,Hoffmann-La Roche,INDUSTRY,"Lymphocytic Leukemia, Chronic",Sweden,,Sweden
NCT05045040,Empathetic Communication Facilitation Program for Early Initiation of End-of-life Discussions,Completed,Unknown,2021-09-06,264,Yosuke Uchitomi,OTHER_GOV,End of Life Care; Advanced Cancer; Recurrent Cancer,Japan,2021.0,Japan
NCT00119340,"Fludarabine, Total-Body Irradiation, and Donor Stem Cell Transplant Followed By Cyclosporine and Mycophenolate Mofetil in Treating Patients With Chronic Myelogenous Leukemia",Completed,Phase 1,,75,Fred Hutchinson Cancer Center,OTHER,Leukemia,United States,,United States
NCT04865289,Pembrolizumab (MK-3475) Plus Lenvatinib (E7080/MK-7902) Versus Chemotherapy for Endometrial Carcinoma (ENGOT-en9 / MK-7902-001) - China Extension Study,Completed,Phase 3,2019-10-22,130,Merck Sharp & Dohme LLC,INDUSTRY,Endometrial Neoplasms,China,2019.0,China
NCT05220189,PENK Methylation Test for Detecting Bladder Cancer,UNKNOWN,Unknown,2022-02-03,1549,Asan Medical Center,OTHER,Bladder Cancer; Hematuria; Benign,South Korea,2022.0,South Korea
NCT04936750,"A One-arm, Prospective Study Comparing the Effects of Different Body Composition on the Survival of Patients Undergoing Radical Concurrent Chemoradiotherapy for Esophageal Cancer",UNKNOWN,Unknown,2021-06-17,120,Tianjin Medical University Cancer Institute and Hospital,OTHER,Brief Description of Focus of Study,China,2021.0,China
NCT05483374,The Head and Neck Registry of the European Reference Network on Rare Adult Solid Cancers,Recruiting,Unknown,2022-05-31,13600,"Fondazione IRCCS Istituto Nazionale dei Tumori, Milano",OTHER,Head and Neck Cancer; Nasopharynx Cancer; Nasal Cavity and Paranasal Sinus Cancer,Czechia; Italy; Germany,2022.0,Czechia
NCT06165874,[68Ga]Ga-NOTA-RW102 PET Imaging in the Diagnosis of PD-L1-expressing Lung Cancer,UNKNOWN,Unknown,2023-03-12,20,Huashan Hospital,OTHER,Non-small Cell Lung Cancer,China,2023.0,China
NCT05773274,"Comparing Retreatment of 177Lu-DOTATATE PRRT Versus the Usual Treatment in Patients With Metastatic Unresectable Gastroenteropancreatic Neuroendocrine Tumors, NET RETREAT Trial",Recruiting,Phase 2,2024-01-12,100,National Cancer Institute (NCI),NIH,Metastatic Digestive System Neuroendocrine Tumor G1; Metastatic Digestive System Neuroendocrine Tumor G2; Unresectable Digestive System Neuroendocrine Tumor G1,United States; Canada,2024.0,United States
NCT00278018,Peritumoral Injection of Immature Dendritic Cells to Irradiated Skin Metastases of Solid Tumors,Terminated,Phase 1,,20,Hadassah Medical Organization,OTHER,Cancer of Skin; Solid Tumors,Israel,,Israel
NCT00609518,A Study for Patients With Non-Squamous Non-Small Cell Lung Cancer,Completed,Phase 2,,111,Eli Lilly and Company,INDUSTRY,Non Small Cell Lung Cancer,Australia; Mexico; Italy; Spain,,Australia
NCT06644118,A Study of OL-101 Injection in Patients with Relapsed or Refractory Multiple Myeloma (RRMM),Recruiting,Phase 1,2024-10-23,58,Zhejiang University,OTHER,Multiple Myeloma,China,2024.0,China
NCT04393090,eHealth for the Elderly,Completed,Unknown,,30,Cankado GmbH,INDUSTRY,Multiple Myeloma,Germany,,Germany
NCT00003290,Radiation Therapy in Treating Patients With Prostate Cancer,Completed,Phase 3,,800,Medical Research Council,OTHER_GOV,Prostate Cancer,South Africa; United Kingdom,,South Africa
NCT00761397,Adherence to Swallowing Exercises in Head and Neck Cancer,UNKNOWN,Unknown,2008-08-29,485,M.D. Anderson Cancer Center,OTHER,Head and Neck Cancer,United States,2008.0,United States
NCT02963090,Pembrolizumab vs Topotecan in Patients With Small Cell Lung Cancer,Terminated,Phase 2,2017-05-20,9,"Alliance Foundation Trials, LLC.",OTHER,Small Cell Lung Cancer,United States,2017.0,United States
NCT04844697,Resilience and Coping in a Rare Skeletal Disease Population to Face Coronavirus (COVID-19) Outbreak Distress: a Longitudinal Study,Completed,Unknown,2021-05-12,15,Istituto Ortopedico Rizzoli,OTHER,Multiple Osteochondroma; Osteogenesis Imperfecta; Ollier Disease,Italy,2021.0,Italy
NCT00002510,Chemotherapy and Radiation Therapy Followed by Peripheral Stem Cell Transplantation in Treating Patients With Non-Hodgkin's Lymphoma,Completed,Phase 1,,61,Temple University,OTHER,Lymphoma,United States,,United States
NCT05289297,Karydakis Flap Versus Burow's Triangle Advancement Flap in the Surgery of Sacrococcygeal Pilonidal Sinus Disease,UNKNOWN,Unknown,2022-06-12,80,Istanbul Sultanbeyli State Hospital,OTHER_GOV,Pilonidal Sinus; Sacrococcygeal Pilonidal Disease,Turkey (Türkiye),2022.0,Turkey (Türkiye)
NCT06127797,Surveillance MRI Registry for Patients Who Had Breast Cancer With Dense Breast Tissue,Recruiting,Unknown,2024-01-11,1000,M.D. Anderson Cancer Center,OTHER,Breast Cancer,United States,2024.0,United States
NCT05928897,Efficacy and Safety of Disitamab Vedotin Combined With Sintilimab,UNKNOWN,Phase 2,2023-07-01,30,Xiangya Hospital of Central South University,OTHER,Gastric Cancer,Unknown,2023.0,Unknown
NCT01321697,A Non-Randomized Study to Evaluate Leg Lymphatic Drainage Associated With Surgical Intervention for Vulvar Cancer,Terminated,Unknown,,7,University of Arkansas,OTHER,Vulvar Cancer,United States,,United States
NCT05713110,A Study of Tazemetostat in Combination With HMPL-689 in Patients With Relapsed/Refractory Lymphoma,Completed,Phase 2,2023-02-13,61,Hutchmed,INDUSTRY,Relapsed/Refractory Lymphoma,China,2023.0,China
NCT03591510,"A Global Study of Midostaurin in Combination With Chemotherapy to Evaluate Safety, Efficacy and Pharmacokinetics in Newly Diagnosed Pediatric Patients With FLT3 Mutated AML","Active, Not Recruiting",Phase 2,2019-03-13,22,Novartis Pharmaceuticals,INDUSTRY,FLT3-mutated Acute Myeloid Leukemia,Japan; Poland; Turkey (Türkiye); Germany; Czechia; Jordan; Slovenia; South Korea; Russia; Italy,2019.0,Japan
NCT06530810,Study of HS-10382 Combination in Patients With Chronic Myeloid Leukemia (CML),Not Yet Recruiting,Phase 1,2024-07-31,100,"Jiangsu Hansoh Pharmaceutical Co., Ltd.",INDUSTRY,Chronic Myelogenous Leukemia; CML Chronic Phase; CML Accelerated Phase,Unknown,2024.0,Unknown
NCT01027910,PCI-24781 in Combination With Doxorubicin to Treat Sarcoma,Completed,Phase 1,,20,Massachusetts General Hospital,OTHER,Sarcoma,United States,,United States
NCT01103310,"Radiation Dosimetry, Metabolism, Pharmacokinetics, Safety and Tolerability and PET Imaging With BAY94-9392 in Healthy Volunteers and Patients With Cancer or Inflammation",Completed,Phase 1,,46,Life Molecular Imaging SA,INDUSTRY,Diagnostic Imaging; Neoplasms,United States; South Korea; Germany,,United States
NCT02538510,Pembrolizumab and Vorinostat in Treating Patients With Recurrent Squamous Cell Head and Neck Cancer or Salivary Gland Cancer That Is Metastatic and/or Cannot Be Removed by Surgery,Completed,Phase 1,2015-10-08,50,University of Washington,OTHER,Head and Neck Squamous Cell Carcinoma; Recurrent Nasal Cavity and Paranasal Sinus Squamous Cell Carcinoma; Recurrent Nasopharynx Carcinoma,United States,2015.0,United States
NCT05733910,Simultaneous Integrated Boost in Carbon Ion Radiotherapy for Head and Neck Adenoid Cystic Carcinoma,Recruiting,Unknown,2023-11-28,42,CNAO National Center of Oncological Hadrontherapy,OTHER,"Carcinoma, Adenoid Cystic; Head and Neck Cancer",Italy,2023.0,Italy
NCT06688110,Evaluation of Gixam's Efficacy Predicting Pre-cancerous Colorectal Polyps and Colorectal Cancer,Not Yet Recruiting,Unknown,,800,Jubaan Ltd.,INDUSTRY,Colorectal Cancer; Colorectal Adenomatous Polyp; Colorectal Neoplasms,Netherlands,,Netherlands
NCT07355010,"A Randomized, Open-label, Double-cohort Study of Fluzoparib Combined With Famitinib Malate or SHR-1701 for Neoadjuvant Therapy in Patients With Advanced Ovarian Cancer",Not Yet Recruiting,Phase 2,2025-12-30,104,Qinglei Gao,OTHER,Ovarian Cancer,Unknown,2025.0,Unknown
NCT00700258,"Registry For Temsirolimus, Sunitinib, And Axitinib Treated Patients With Metastatic Renal Cell Carcinoma (mRCC), Mantle Cell Lymphoma (MCL), And Gastro-Intestinal Stroma Tumor (GIST) [STAR-TOR]",Completed,Unknown,2008-02-13,1520,Pfizer,INDUSTRY,"Carcinoma, Renal Cell, Advanced; Lymphoma, Mantle-Cell; Gastrointestinal Stroma Tumors",Germany,2008.0,Germany
NCT01058148,A Comparison Study of Two Community Outreach-Based Approaches to Increase Participation of Women Living in the Mississippi Delta in Cervical Cancer Screening,Completed,Unknown,2009-12-22,400,National Cancer Institute (NCI),NIH,Cervical Intraepithelial Neoplasia; Human Papillomavirus,United States,2009.0,United States
NCT06221748,DV Combined With Cadonilimab in Subjects With HER2-expressing Gastric Cancer and Gastroesophageal Junction Adenocarcinoma After Progression on First-line Therapy,Recruiting,Phase 2,2024-02-22,90,"RemeGen Co., Ltd.",INDUSTRY,Gastric Cancer; Gastroesophageal Junction Adenocarcinoma,China,2024.0,China
NCT05721755,Combining Radiation Therapy With Immunotherapy for the Treatment of Metastatic Squamous Cell Carcinoma of the Head and Neck,"Active, Not Recruiting",Phase 3,2023-06-08,290,ECOG-ACRIN Cancer Research Group,NETWORK,Clinical Stage IV HPV-Mediated (p16-Positive) Oropharyngeal Carcinoma AJCC v8; Metastatic Head and Neck Squamous Cell Carcinoma; Metastatic Hypopharyngeal Squamous Cell Carcinoma,United States,2023.0,United States
NCT02653755,The PRECISION Trial (Profiling Early Breast Cancer for Radiotherapy Omission): A Phase II Study of Breast-Conserving Surgery Without Adjuvant Radiotherapy for Favorable-Risk Breast Cancer,"Active, Not Recruiting",Phase 2,,671,Dana-Farber Cancer Institute,OTHER,Breast Cancer Radiation,United States,,United States
NCT05790278,Purpose in Life Survey,UNKNOWN,Unknown,2022-08-01,300,Mary Radomski,OTHER,Breast Cancer; Traumatic Brain Injury,United States,2022.0,United States
NCT01544478,V501 Safety and Efficacy Study in Japanese Women Aged 16 to 26 Years (V501-110),Completed,Phase 4,2011-11-25,1030,Merck Sharp & Dohme LLC,INDUSTRY,Cervical Cancer; Cervical Intraepithelial Neoplasia; Adenocarcinoma in Situ,Unknown,2011.0,Unknown
NCT02955043,Biobehavioral Intervention to Enhance Hematopoietic Stem Cell Transplant Recovery,Completed,Unknown,2016-12-22,39,"University of Wisconsin, Madison",OTHER,Hodgkin Lymphoma; Non-Hodgkin Lymphoma; Plasma Cell Myeloma,United States,2016.0,United States
NCT05874115,Development of a Biomarker to Predict the Efficacy of Anti-angiogenic Therapy in Ovarian Cancer,UNKNOWN,Unknown,2019-10-17,75,Centro di Riferimento Oncologico - Aviano,OTHER,Epithelial Ovarian Cancer,Italy,2019.0,Italy
NCT01645215,Phase I Study of Fruquintinib(HMPL-013) in Patients With Advanced Solid Tumors,Completed,Phase 1,,40,Hutchison Medipharma Limited,INDUSTRY,Tumor,China,,China
NCT03625635,Effect of a Clinical Nutrition Intervention Program in Breast Cancer Patients During Antineoplastic Treatment,UNKNOWN,Unknown,2015-09-14,34,"Humberto Francisco Astiazaran Garcia, PhD",OTHER,Breast Neoplasm; Breast Cancer,Mexico,2015.0,Mexico
NCT05175235,Nivolumab and Pembrolizumab Dose Optimisation in Solid Tumours With CURATE.AI Platform and Sequential ctDNA Measurements,UNKNOWN,Phase 1,2021-08-19,10,"National University Hospital, Singapore",OTHER,Solid Tumor,Singapore,2021.0,Singapore
NCT03363776,An Investigational Immuno-Therapy Study of Experimental Medication BMS-986277 Given Alone and in Combination With Nivolumab in Epithelial Cancers,Terminated,Phase 1,2017-12-06,10,Bristol-Myers Squibb,INDUSTRY,Cancer,United States; Canada,2017.0,United States
NCT03322540,Pembrolizumab Plus Epacadostat vs Pembrolizumab Plus Placebo in Metastatic Non-Small Cell Lung Cancer (KEYNOTE-654-05/ECHO-305-05),Completed,Phase 2,2017-12-15,154,Incyte Corporation,INDUSTRY,Lung Cancer,Denmark; Estonia; Italy; Japan; Canada; United States; Poland; Turkey (Türkiye); United Kingdom; Malaysia; Spain; Switzerland; South Korea; Australia; Russia; Ireland; Ukraine; Israel,2017.0,Denmark
NCT03446040,An Investigational Immunotherapy Study of BMS-986258 Alone and in Combination With Nivolumab in Participants With Solid Cancers That Are Advanced or Have Spread,Terminated,Phase 1,2018-03-08,92,Bristol-Myers Squibb,INDUSTRY,Advanced Cancer,United States; Japan; Australia; Canada,2018.0,United States
NCT02789189,Nedaplatin Combined With Gemcitabine in the Treatment of Recurrent and/or Metastatic Nasopharyngeal Carcinoma : a Single Arm and Phase Ⅱ Clinical Trail,Terminated,Phase 2,,60,Sun Yat-sen University,OTHER,Recurrent and Metastatic Nasopharyngeal Carcinoma,Unknown,,Unknown
NCT04782089,Study of PD-1 Antibody and PARP Inhibitor in Extensive Stage Small Cell Lung Cancer,UNKNOWN,Unknown,2021-05-06,20,Qilu Hospital of Shandong University,OTHER,Small Cell Lung Cancer,Unknown,2021.0,Unknown
NCT00310089,AZD2171 and Combination Chemotherapy in Treating Women With Locally Advanced Breast Cancer,Completed,Unknown,,33,National Cancer Institute (NCI),NIH,Breast Cancer,United States,,United States
NCT04284189,Aftercare of Childhood Cancer Survivors in Switzerland,Recruiting,Unknown,2019-02-12,140,Kantonsspital Aarau,OTHER,Childhood Cancer; Survivorship; Transition,Switzerland,2019.0,Switzerland
NCT01206868,Prophylactic Fenestration of the Peritoneum in Kidney Transplantation,Completed,Unknown,,130,Oslo University Hospital,OTHER,"Incidence of Symptomatic Lymphocele After Kidney Transplantation; Prevalence of Perirenal Fluid Collections at One, Five and Ten Weeks",Norway,,Norway
NCT00003391,Monoclonal Antibody Therapy in Treating Patients With Prostate Cancer That Has Not Responded to Hormone Therapy,Completed,Phase 1,,30,Weill Medical College of Cornell University,OTHER,Prostate Cancer,United States,,United States
NCT00520091,"Irinotecan, Cisplatin, and Radiation Therapy With or Without Celecoxib in Treating Patients With Stage II, Stage III, or Stage IV Esophageal Cancer",Completed,Phase 2,,14,UNC Lineberger Comprehensive Cancer Center,OTHER,Esophageal Cancer,Unknown,,Unknown
NCT01159574,"Study of Decadron, Biaxin, and Pomalidomide in Relapsed/Refractory Myeloma",Completed,Phase 2,,121,Weill Medical College of Cornell University,OTHER,Multiple Myeloma,United States,,United States
NCT01992874,Relative Bioavailability of Pimasertib in Cancer Patients,Completed,Phase 1,2013-11-30,38,EMD Serono,INDUSTRY,Neoplasms,United States,2013.0,United States
NCT00002850,Antibiotic Therapy in Preventing Early Infection in Patients With Multiple Myeloma Who Are Receiving Chemotherapy,Completed,Phase 3,,212,Gary Morrow,OTHER,Infection; Multiple Myeloma,United States; South Africa; Peru,,United States
NCT02501174,Study of Elderly Patients With Cancer and Seen in Consultation of Geriatric Oncology in the Nord Pas-de-Calais (CONSOG).,Completed,Unknown,,2914,Centre Oscar Lambret,OTHER,Cancer,France,,France
NCT00005874,Nitrocamptothecin in Treating Patients With Soft Tissue Sarcomas,Completed,Phase 2,,61,"Astex Pharmaceuticals, Inc.",INDUSTRY,Gastrointestinal Stromal Tumor; Sarcoma; Small Intestine Cancer,United States,,United States
NCT01444118,A Randomized Trial to Study the Safety and Efficacy of EGF Cancer Vaccination in Late-stage (IIIB/IV) Non-small Cell Lung Cancer Patients,Terminated,Phase 3,,61,Bioven Europe,INDUSTRY,"Carcinoma, Non-Small-Cell Lung",United Kingdom,,United Kingdom
NCT03755518,"A Trial of Fedratinib in Subjects With DIPSS, Intermediate or High-Risk Primary Myelofibrosis, Post-Polycythemia Vera Myelofibrosis, or Post-Essential Thrombocythemia Myelofibrosis and Previously Treated With Ruxolitinib",Terminated,Phase 3,2019-03-27,38,Celgene,INDUSTRY,Primary Myelofibrosis; Post-Polycythemia Vera Myelofibrosis; Myelofibrosis,United States; Canada,2019.0,United States
NCT01243190,Ofatumumab for High-Risk Chronic Lymphocytic Leukemia (CLL)/Small Lymphocytic Lymphoma (SLL),Completed,Phase 2,,44,M.D. Anderson Cancer Center,OTHER,Chronic Lymphocytic Leukemia,United States,,United States
NCT02172690,Laparoscopic Staging for Locally Advanced Gastric Cancer in Chinese Patients,Completed,Unknown,2014-01-01,452,Peking University,OTHER,Gastric Cancer; Peritoneal Metastases,China,2014.0,China
NCT00818090,Paclitaxel and Cisplatin for Thymic Neoplasm,Terminated,Phase 2,,39,Korean Cancer Study Group,OTHER,Thymoma; Thymic Carcinoma,South Korea,,South Korea
NCT01359397,"Docetaxel, Oxaliplatin, Capecitabine, Bevacizumab and Trastuzumab in Patients With Locally Advanced or Metastatic Gastric Cancer",UNKNOWN,Phase 2,,61,The Netherlands Cancer Institute,OTHER,Metastatic Gastric Cancer; Adenocarcinoma of the Gastro-oesophageal Junction,Netherlands,,Netherlands
NCT03676010,Definition for the Assessment of Time-to-event Endpoints in CANcer Trials (DATECAN-1),"Active, Not Recruiting",Unknown,,265,Institut Bergonié,OTHER,Cancer,France,,France
NCT04727710,Testing the Effect of Mindfulness for Prostatectomy Outcomes,Terminated,Unknown,2020-08-26,1,University of Michigan Rogel Cancer Center,OTHER,Prostate Cancer,United States,2020.0,United States
NCT00652210,Use of Multiphoton Microscopy in the Diagnosis of Cancer,Completed,Phase 1,,344,Weill Medical College of Cornell University,OTHER,Bladder Cancer; Prostate Cancer,United States,,United States
NCT04517318,Treatment After Palbociclib-containing Regimens,Completed,Unknown,2017-08-15,200,Fudan University,OTHER,Breast Cancer,China,2017.0,China
NCT02125318,A Study of Anagrelide Controlled Release (GALE-401) in Patients With High Platelet Counts Due to Bone Marrow Disorders,Completed,Phase 2,,18,"Galena Biopharma, Inc.",INDUSTRY,Thrombocytosis; Myeloproliferative Neoplasms,United States,,United States
NCT01533090,Evaluation of Reduced-volume PEG Bowel Preparation Administered the Same Day of Colonoscopy,Completed,Unknown,,162,Catholic University of the Sacred Heart,OTHER,Colonic Polyps; Cancer Colon; Inflammatory Bowel Disease,Italy,,Italy
NCT03869190,Study Evaluating the Efficacy and Safety of Multiple Immunotherapy-Based Treatments and Combinations in Patients With Urothelial Carcinoma (MORPHEUS-UC),Completed,Phase 1,2019-06-01,272,Hoffmann-La Roche,INDUSTRY,Urothelial Carcinoma; Bladder Cancer,France; United States; United Kingdom; Taiwan; South Korea; Greece; Spain,2019.0,France
NCT03426397,"""Wait-and-see"" Policy for Complete Responders After Chemoradiotherapy for Rectal Cancer",Recruiting,Unknown,2017-05-10,220,The Netherlands Cancer Institute,OTHER,Rectal Neoplasms,Netherlands; Belgium,2017.0,Netherlands
NCT04740697,Study to Evaluate the Impact of the Use of Alternative and Complementary Therapies on Therapeutic Adherence in Patients Treated With taMoxifen for Early Stage Breast Cancer,Recruiting,Unknown,2021-02-12,200,Institut Claudius Regaud,OTHER,Breast Cancer,France,2021.0,France
NCT07059897,Effectiveness of a Video and Mobile App in Breast Cancer Screening Awareness,Completed,Unknown,2022-02-01,90,Özlem BEKDEMİR AK,OTHER,Breast Cancer Awareness,Turkey (Türkiye),2022.0,Turkey (Türkiye)
NCT05558397,Epidural Association of Morphine and Ropivacaine for Cancer Pain Treatment,Completed,Unknown,2018-04-01,32,Universidade Federal de Alfenas,OTHER,Cancer Pain; Opioid Use; Cost Analysis,Brazil,2018.0,Brazil
NCT04453397,Expanded Access for TNB-383B in a Subject With Relapsed/Refractory Multiple Myeloma,NO_LONGER_AVAILABLE,Unknown,,61,TeneoOne Inc.,INDUSTRY,Multiple Myeloma,United States,,United States
NCT00460447,Gemtuzumab Ozogamicin Before Allogeneic Stem Cell Transplantation,UNKNOWN,Phase 1,,30,University Hospital Carl Gustav Carus,OTHER,Acute Myeloid Leukemia; Allogeneic Transplantation,Germany,,Germany
NCT00454649,Investigational Agent AG-013736 In Combinations With Standard Of Care Treatments For Patient's With Advanced Solid Tumor,Completed,Phase 1,,102,Pfizer,INDUSTRY,Neoplasms,United States; Poland; Spain,,United States
NCT06812858,PD-1 Inhibitors Maintenance for cHL Post-autoHCT,Recruiting,Phase 2,2024-09-02,83,St. Petersburg State Pavlov Medical University,OTHER,Hodgkin Lymphoma,Russia; Kazakhstan,2024.0,Russia
NCT07448558,Tailored Exercise to Reduce Aromatase Inhibitor Associated Musculoskeletal Symptoms,Recruiting,Unknown,2026-02-18,206,Mahidol University,OTHER,Patients With Early Breast Cancer Who Initiating Adjuvant Aromatase Inhibitor,Thailand,,Thailand
NCT05409638,Why am I Still Tired ? A Group for Cancer-related Fatigue,Completed,Unknown,2022-01-01,50,University of Ottawa,OTHER,Cancer; Fatigue; CBT,Canada,2022.0,Canada
NCT02609958,ASLAN001 in Patients With Advanced or Metastatic Cholangiocarcinoma Who Progressed on at Least 1 Line of Systemic Therapy,Completed,Phase 2,2015-11-16,32,ASLAN Pharmaceuticals,OTHER,Cholangiocarcinoma,Singapore; Taiwan; South Korea,2015.0,Singapore
NCT01114048,Early Response-adapted Intensification of Induction Chemotherapy in Patients With Newly Diagnosed Multiple Myeloma (MM),UNKNOWN,Phase 2,,78,Chonnam National University Hospital,OTHER,Multiple Myeloma,South Korea,,South Korea
NCT01366248,Integrative Oncology Outcomes Study in Breast Cancer,Completed,Unknown,,750,Bastyr University,OTHER,Breast Cancer,United States,,United States
NCT03096548,Sun Safety Ink! A Sun Safety Program for the Tattoo Community,Completed,Unknown,2017-06-15,1820,"Klein Buendel, Inc.",INDUSTRY,Skin Cancer,United States,2017.0,United States
NCT00148655,Educational Interventions for Patients With DCIS,Completed,Unknown,,120,Dana-Farber Cancer Institute,OTHER,DCIS,United States,,United States
NCT00608855,Percutaneous Cryoablation in Treating Patients With Painful Bone Metastases,Completed,Unknown,,60,Mayo Clinic,OTHER,"Metastatic Cancer; Pain; Unspecified Adult Solid Tumor, Protocol Specific",United States,,United States
NCT00967655,"Capecitabine, Panitumumab, and Radiation Therapy With or Without Irinotecan Hydrochloride in Treating Patients Undergoing Surgery for Localized Rectal Cancer",UNKNOWN,Phase 2,,54,"Loma Linda Oncology Medical Group, Inc.",OTHER,Colorectal Cancer,United States,,United States
NCT06014255,Trial of Neoadjuvant Enoblituzumab vs SOC in Men With High-Risk Localized Prostate Cancer,Recruiting,Phase 2,2024-02-16,219,Sidney Kimmel Comprehensive Cancer Center at Johns Hopkins,OTHER,Prostate Cancer,United States,2024.0,United States
NCT06084078,Rural Illinois Lung Cancer Screening Initiative,Recruiting,Unknown,2024-09-01,10000,Southern Illinois University,OTHER,Lung Cancer,United States,2024.0,United States
NCT04995185,18F-FMISO PET Guided Dose Escalation in Nasopharyngeal Carcinoma - a Feasibility and Planning Study,Completed,Unknown,2017-06-20,9,"National Cancer Centre, Singapore",OTHER,Nasopharyngeal Carcinoma,Singapore,2017.0,Singapore
NCT05144243,Study to Assess Adverse Events and Change in Disease State of Oral Venetoclax in Combination With Subcutaneous (SC) Azacitidine in Newly Diagnosed Adult Participants With Acute Myeloid Leukemia (AML) Who Are Ineligible for Intensive Chemotherapy in China,"Active, Not Recruiting",Phase 4,2022-01-06,44,AbbVie,INDUSTRY,Acute Myeloid Leukemia (AML),China,2022.0,China
NCT06988943,Early Intervention Strategies for Lung Cancer,Recruiting,Unknown,2024-06-25,16000,The First Affiliated Hospital of Guangzhou Medical University,OTHER,Respiratory Tract Neoplasms; Thoracic Neoplasms; Neoplasms by Site,China,2024.0,China
NCT06403735,A Phase I Clinical Study of QLC1101 in Patients With Advanced Solid Tumors,Recruiting,Phase 1,2024-04-25,250,"Qilu Pharmaceutical Co., Ltd.",INDUSTRY,Non-small Cell Lung Cancer; Colorectal Cancer; Pancreatic Cancer,China,2024.0,China
NCT00549835,Acupuncture for Mucositis Pain in Cancer Care,Withdrawn,Unknown,,0,Johns Hopkins University,OTHER,Mucositis; Pain; Leukemia,United States,,United States
NCT06772935,Electroacupuncture Treatment of Peripheral Neuropathy After Taxane Chemotherapy for Breast Cancer,Recruiting,Unknown,2025-06-01,162,Affiliated Hospital of Qinghai University,OTHER,Breast Cancer,China,2025.0,China
NCT06649825,Efficacy of Vitamin B1 in Familial Adenomatous Polyposis Patients.,ENROLLING_BY_INVITATION,Unknown,2024-01-08,10,Shanghai Zhongshan Hospital,OTHER,Familial Adenomatous Polyposis (FAP),China,2024.0,China
NCT06854276,Study of SSS06 for Chemotherapy-Induced Anemia in Non-Myeloid Malignancies,Not Yet Recruiting,Phase 2,2025-03-01,80,"Shenyang Sunshine Pharmaceutical Co., LTD.",INDUSTRY,Chemotherapy-induced Anemia; Non-myeloid Malignancies,Unknown,2025.0,Unknown
NCT05883176,TACE Combined With Bevacizumab in HCC (BCLC-B) Beyond Up-To-Seven Criteria,UNKNOWN,Phase 2,2023-06-01,35,Sun Yat-sen University,OTHER,Hepatocellular Carcinoma by BCLC Stage,China,2023.0,China
NCT01515176,"Ofatumumab and Dinaciclib in Treating Patients With Relapsed or Refractory Chronic Lymphocytic Leukemia, Small Lymphocytic Lymphoma, or B-Cell Prolymphocytic Leukemia",Completed,Phase 1,,36,National Cancer Institute (NCI),NIH,Chronic Lymphocytic Leukemia; Prolymphocytic Leukemia; Recurrent Small Lymphocytic Lymphoma,United States,,United States
NCT02650817,Phase IB Study to Evaluate RAD1901 on the Availability of Estrogen Receptor Binding Sites in Metastatic Breast Cancer,Completed,Phase 1,2016-04-01,16,"Stemline Therapeutics, Inc.",INDUSTRY,Metastatic Breast Cancer,Netherlands; Belgium,2016.0,Netherlands
NCT06317389,PACOME (PAtient Cancer Oral MEdication) Cohort of Patients Treated With Oral Anticancer Drugs Benefiting From Oncoral Multidisciplinary Monitoring in Real Life: Predictive Factors and Safety of Treatments,Recruiting,Unknown,2025-06-23,3000,Hospices Civils de Lyon,OTHER,Cancer; Oncology; Oncoral Program,France,2025.0,France
NCT06035068,SLN Mapping and ICG Dye for Vulvar Cancer,Not Yet Recruiting,Unknown,2025-11-01,10,Tufts Medical Center,OTHER,Vulva Cancer,United States,2025.0,United States
NCT05694650,"Perceptions of Hospital Care at Home for Patients With Cancer: A Qualitative Study of Cancer Providers, Patients and Caregivers.",Recruiting,Unknown,2022-10-12,20,M.D. Anderson Cancer Center,OTHER,Cancer,United States,2022.0,United States
NCT01141868,Evaluating an Internet-based Intervention for Insomnia in Breast Cancer Survivors,Withdrawn,Unknown,,0,Milton S. Hershey Medical Center,OTHER,Insomnia; Breast Cancer,Unknown,,Unknown
NCT06312150,Role of Tumoral Biomarker B3 Adrenergic Receptor in Paediatric Solid Tumours,UNKNOWN,Unknown,2019-12-17,60,Meyer Children's Hospital IRCCS,OTHER,Tumor,Italy,2019.0,Italy
NCT06260150,Application of IPC During Surgery to Prevent Venous Thrombosis in Gastrointestinal Surgery Patients.,UNKNOWN,Unknown,2023-04-01,120,Feng Tian,OTHER_GOV,Gastrointestinal Neoplasms; Stomach Neoplasms; Intestinal Neoplasms,China,2023.0,China
NCT04984850,Oncology - Bolstering Oral Agent Reporting Related to Distress,Completed,Unknown,2022-01-07,52,McGill University,OTHER,Oral Chemotherapy,Canada,2022.0,Canada
NCT03024450,Trastuzumab Based Therapy in HER2 Positive AGC,Completed,Unknown,,98,Shanghai Zhongshan Hospital,OTHER,Gastric Adenocarcinoma,China,,China
NCT04446091,A Clinical Study of Exploring Camrelizumab in the Treatment of Colorectal Mucinous Adenocarcinoma(MAC),UNKNOWN,Phase 1,2020-07-01,40,Zhejiang Cancer Hospital,OTHER,Colorectal Cancer,China,2020.0,China
NCT01828918,"Biomarkers for the Early Diagnosis, Prediction, Prognosis for Colorectal Cancers",UNKNOWN,Phase 1,,300,Kaohsiung Medical University Chung-Ho Memorial Hospital,OTHER,Colorectal Cancers,Taiwan,,Taiwan
NCT05411497,Genetically Engineered Cells (MUC1-Activated T-Cells) for the Treatment of MUC1 Positive Recurrent or Refractory Multiple Myeloma,"Active, Not Recruiting",Phase 1,2022-06-20,5,Mayo Clinic,OTHER,Recurrent Plasma Cell Myeloma; Refractory Plasma Cell Myeloma,United States,2022.0,United States
NCT01740297,Ipilimumab With or Without Talimogene Laherparepvec in Unresected Melanoma,Completed,Phase 1,2013-02-07,217,Amgen,INDUSTRY,Melanoma,United States; France; Germany,2013.0,United States
NCT02658097,"Pembrolizumab Alone or Sequentially Following Single Fraction Non-ablative Radiation to One of the Target Lesions, in Previously Treated Patients With Stage IV NSCLC",Completed,Phase 2,2017-06-07,13,Case Comprehensive Cancer Center,OTHER,Stage IV Non-Small Cell Lung Cancer,United States,2017.0,United States
NCT00001113,A Study of AZT Plus Human Interferon Alpha in the Treatment of AIDS-Related Kaposi's Sarcoma,Completed,Phase 1,,48,National Institute of Allergy and Infectious Diseases (NIAID),NIH,"Sarcoma, Kaposi; HIV Infections",United States,,United States
NCT05345613,Tranexamic Acid During Colonic Endoscopic Resection Procedures,Recruiting,Phase 4,2022-05-01,200,Assaf-Harofeh Medical Center,OTHER_GOV,Colon Neoplasm,Israel,2022.0,Israel
NCT00070213,Leucovorin and Fluorouracil With or Without Oxaliplatin Compared to Capecitabine With or Without Oxaliplatin in Treating Patients With Metastatic Colorectal Cancer,Completed,Phase 3,,460,Medical Research Council,OTHER_GOV,Colorectal Cancer,United Kingdom,,United Kingdom
NCT00265720,Colorectal Cancer Screening Intervention Trial,Completed,Unknown,,360,Morehouse School of Medicine,OTHER,Colorectal Cancer; Colorectal Cancer Screening,United States,,United States
NCT04373720,MRE Scan for the Assessment of Differences in Tissue Stiffness Between Radiation Necrosis and Recurrent Glioma in Patients With Previously Treated Gliomas,Recruiting,Unknown,2020-03-20,80,M.D. Anderson Cancer Center,OTHER,Glioma,United States,2020.0,United States
NCT00003360,Radiolabeled Monoclonal Antibody in Treating Patients With Advanced Colorectal Cancer,Completed,Phase 1,,24,Memorial Sloan Kettering Cancer Center,OTHER,Colorectal Cancer,United States,,United States
NCT05189782,Mechanism of Resistance to GNC-038 in Relapsed and Refractory Diffuse Large B-cell Lymphoma,UNKNOWN,Unknown,2022-08-10,15,Ruijin Hospital,OTHER,Diffuse Large B Cell Lymphoma,China,2022.0,China
NCT00529282,A Study of Ceftobiprole in Patients With Fever and Neutropenia.,Terminated,Phase 3,,2,Basilea Pharmaceutica,INDUSTRY,Fever; Neutropenia; Gram-positive Bacterial Infections,Unknown,,Unknown
NCT00825682,The Effect of Reflexology on Radiation-related Fatigue in Breast Cancer Patients,Completed,Phase 1,,72,Sheba Medical Center,OTHER_GOV,Fatigue,Israel,,Israel
NCT02063958,Safety and Pharmacology of SNX-5422 Plus Everolimus in Subjects With Neuroendocrine Tumors,Completed,Phase 1,,19,Esanex Inc.,INDUSTRY,Cancer,United States,,United States
NCT06434649,Posterior Extra-fascial RARP in Intermediate or High Risk Prostate Cancer,"Active, Not Recruiting",Unknown,2025-11-01,118,Ning Xu,OTHER,"Surgical Procedure, Unspecified; Prostate Cancer",China,2025.0,China
NCT05609058,The Influence of Treatment Position (Prone vs. Supine) on Whole Breast Target,UNKNOWN,Unknown,2019-01-01,300,"Cancer Institute and Hospital, Chinese Academy of Medical Sciences",OTHER,Breast Cancer,China,2019.0,China
NCT04922658,Surufatinib or Surufatinib Combined With Vinorelbine for Non-Small Cell Lung Cancer,UNKNOWN,Phase 2,2021-07-01,60,Affiliated Cancer Hospital & Institute of Guangzhou Medical University,OTHER,Advanced Non-Small Cell Lung Cancer,China,2021.0,China
NCT01178658,"Study of Busulfan, Etoposide, Cytarabine, and Melphalan (BuEAM) Conditioning for Autologous Stem Cell Transplantation (ASCT) to Treat T Cell or Natural Killer (NK) Cell Lymphoma",UNKNOWN,Phase 2,,42,Seoul National University Hospital,OTHER,Non-Hodgkin Lymphoma,South Korea,,South Korea
NCT03697148,Multiparametric MRI in Evaluating Cancer Stage and Helping Treatment Planning in Patients With Prostate Cancer,"Active, Not Recruiting",Unknown,2019-02-11,852,ECOG-ACRIN Cancer Research Group,NETWORK,Prostate Carcinoma,United States,2019.0,United States
NCT04159155,A Study of Various Treatments in Serous or p53 Abnormal Endometrial Cancer,Terminated,Phase 2,2020-11-17,11,"University Health Network, Toronto",OTHER,Endometrial Carcinoma; P53 Mutation; Serous Carcinoma,Canada,2020.0,Canada
NCT02770326,Safety of Stool Transplant for Patients With Difficult to Treat C. Difficile Infection,Completed,Unknown,2016-05-10,10,Memorial Sloan Kettering Cancer Center,OTHER,C. Difficile Infection; Cancer,United States,2016.0,United States
NCT06448026,Cemiplimab and Cetuximab Prior Salvage Surgery in Patients With Recurrent Oral Cavity Squamous Cell Carcinoma (OCSCC).,Recruiting,Phase 2,2024-11-21,17,M.D. Anderson Cancer Center,OTHER,Locally Recurrent Oral Cavity Squamous Cell Carcinoma,United States,2024.0,United States
NCT00002478,Etoposide in Treating Patients With Advanced Ovarian or Cervical Cancer,Terminated,Phase 2,,61,Gynecologic Oncology Group,NETWORK,Cervical Cancer; Ovarian Cancer,United States,,United States
NCT07205978,Nut Consumption and Prevention of Non-communicable Diseases: A Global Individual Participant Data Meta-analysis,"Active, Not Recruiting",Unknown,2025-10-01,1000000,Institut Investigacio Sanitaria Pere Virgili,OTHER,Diabetes (DM); Cardio Vascular Disease; Cancer,Denmark; Spain,2025.0,Denmark
NCT01215578,Predictive Biomarkers of Response to Sunitinib in the Treatment of Poorly-differentiated NEURO-Endocrine Tumors,Terminated,Phase 2,,33,Assistance Publique - Hôpitaux de Paris,OTHER,Neuroendocrine Tumors; Pancreatic Neoplasms; Advanced Disease,France,,France
NCT07022678,Xylitol Dental Wipes for the Reduction of Bloodstream Infection Risk in Children With Acute Myeloid Leukemia,Not Yet Recruiting,Phase 3,2026-08-08,556,Children's Oncology Group,NETWORK,Acute Myeloid Leukemia; Recurrent Acute Myeloid Leukemia,Unknown,,Unknown
NCT01343043,A Pilot Study of Genetically Engineered NY-ESO-1 Specific NY-ESO-1ᶜ²⁵⁹T in HLA-A2+ Patients With Synovial Sarcoma,Completed,Phase 1,2012-09-27,50,GlaxoSmithKline,INDUSTRY,Neoplasms,United States,2012.0,United States
NCT00002615,Surgery With or Without Combination Chemotherapy in Treating Patients With Stomach Cancer,Completed,Phase 3,,500,Medical Research Council,OTHER_GOV,Gastric Cancer,United Kingdom,,United Kingdom
NCT04893915,Cytokine-induced Memory-like NK Cells in Relapsed/Refractory AML and MDS,Withdrawn,Phase 2,2022-06-30,0,Washington University School of Medicine,OTHER,Relapsed Acute Myeloid Leukemia; Refractory Acute Myeloid Leukemia; Myelodysplastic Syndromes,Unknown,2022.0,Unknown
NCT02718235,"Prospective, Multicenter HCCIS Evaluation Study",UNKNOWN,Unknown,,200,University of Regensburg,OTHER,Hepatocellular Carcinoma,Unknown,,Unknown
NCT03127215,Study of Olaparib/Trabectedin vs. Doctor's Choice in Solid Tumors,Completed,Phase 2,2018-10-25,102,"National Center for Tumor Diseases, Heidelberg",OTHER,Cancers With DNA Repair-Deficiency,Germany,2018.0,Germany
NCT03767335,MEN1611 With Trastuzumab (+/- Fulvestrant) in Metastatic Breast Cancer,Completed,Phase 1,2018-11-13,62,Menarini Group,INDUSTRY,Advanced or Metastatic Breast Cancer,France; United States; United Kingdom; Belgium; Italy; Spain,2018.0,France
NCT02952625,PET/MR in Radiotherapy for Head and Neck Cancer Pilot,Completed,Unknown,2016-04-01,8,Guy's and St Thomas' NHS Foundation Trust,OTHER,Head and Neck Cancer,United Kingdom,2016.0,United Kingdom
NCT05012176,An Episodic Future Thinking Intervention to Promote Weight Loss in Breast Cancer Survivors,Completed,Unknown,2021-11-01,50,Ohio State University Comprehensive Cancer Center,OTHER,Anatomic Stage 0 Breast Cancer AJCC v8; Anatomic Stage I Breast Cancer AJCC v8; Anatomic Stage IA Breast Cancer AJCC v8,United States,2021.0,United States
NCT03878940,A Feasibility Study of Direct Access to an Abdominal ´Yes-No´ Pathway for Primary Care Patients,Completed,Unknown,2019-04-01,27,University of Aarhus,OTHER,Cancer; Primary Health Care,Denmark,2019.0,Denmark
NCT00480389,Pre-operative Administration of Sorafenib in Patients With Metastatic Renal Cell Carcinoma Undergoing Kidney Removal,Completed,Phase 2,,19,"University Health Network, Toronto",OTHER,Renal Cell Carcinoma; Metastatic Disease,Canada,,Canada
NCT05118789,A Study of Zidesamtinib (NVL-520) in Patients With Advanced NSCLC and Other Solid Tumors Harboring ROS1 Rearrangement (ARROS-1),Recruiting,Phase 1,2022-01-04,359,Nuvalent Inc.,INDUSTRY,Locally Advanced Solid Tumor; Metastatic Solid Tumor,France; Japan; Netherlands; Canada; United States; Singapore; Germany; United Kingdom; Belgium; South Korea; Australia; Taiwan; Italy; Spain,2022.0,France
NCT04713189,Effectiveness and Tolerance of Inhaled Fentanyl Aerosol (25µg/Dose) in Chinese Patients With Breakthrough Cancer Pain,UNKNOWN,Phase 1,2021-03-15,96,Lee's Pharmaceutical Limited,INDUSTRY,Breakthrough Cancer Pain,Unknown,2021.0,Unknown
NCT00022568,Vaccine Therapy in Treating Patients With Metastatic Melanoma,UNKNOWN,Phase 1,,61,Herbert Irving Comprehensive Cancer Center,OTHER,Melanoma (Skin),United States,,United States
NCT02785068,Evaluation of MM-151 + Nal-IRI + 5-FU + Leucovorin in RAS/RAF Wild-type Metastatic Colorectal Cancer,Withdrawn,Phase 1,,0,Merrimack Pharmaceuticals,INDUSTRY,Colorectal Cancer,Unknown,,Unknown
NCT01843868,Emesis Control Study in Non-Hodgkin Lymphoma Patients Receiving R-CHOP,Withdrawn,Unknown,,0,Australasian Leukaemia and Lymphoma Group,OTHER,"Lymphoma, Non-Hodgkin",Unknown,,Unknown
NCT06826768,A Ph Ib Study of REGN5678 Plus Cemiplimab in Patients With mCRPC,Recruiting,Phase 1,2025-07-09,60,M.D. Anderson Cancer Center,OTHER,Prostate Cancer,United States,2025.0,United States
NCT04187768,Immunological Profile Changes In Patients With Advanced Non-Small Cell Lung Cancer,Completed,Unknown,2019-11-26,29,Indiana University,OTHER,Non Small Cell Lung Cancer; Non Small Cell Lung Cancer Metastatic; Healthy,United States,2019.0,United States
NCT02384850,Phase 1 Trial To Evaluate mFOLFOX6 With Selinexor In Patients With Metastatic Colorectal Cancer,Terminated,Phase 1,,10,GSO Global Clinical Research BV,OTHER,Colorectal Neoplasm,Belgium; Germany,,Belgium
NCT03106350,Symptoms Experienced and Quality of Life in Breast Cancer Receiving Radiotherapy,Completed,Unknown,2015-03-01,103,Chulabhorn Cancer Center,OTHER,Quality of Life,Unknown,2015.0,Unknown
NCT00727350,Protocol for Primary Fractionated Stereotactic Body Radiation Therapy for Stage T1 - T3N0 Non Small Cell Lung Carcinoma.,UNKNOWN,Phase 2,,44,Universitair Ziekenhuis Brussel,OTHER,Non Small Cell Lung Carcinoma,Belgium,,Belgium
NCT06077591,Prospective Clinical Validation of Next Generation Sequencing (NGS) and Patient-Derived Tumor Organoids (PDO) Guided Therapy in Patients With Advanced/ Inoperable Solid Tumors,Recruiting,Unknown,2024-10-18,40,Chinese University of Hong Kong,OTHER,Hepatocellular Carcinoma; Colorectal Cancer,Hong Kong,2024.0,Hong Kong
NCT00100191,Emmy Trial: Uterine Artery Embolization (UAE) Versus Hysterectomy for Uterine Fibroids,Completed,Phase 3,,120,ZonMw: The Netherlands Organisation for Health Research and Development,OTHER,Menorrhagia; Leiomyoma; Uterine Neoplasms,Netherlands,,Netherlands
NCT05687318,A Clinical Trial of the Effectiveness and Safety of Software Assisting Diagnose the Intestinal Polyp Digestive Endoscopy by Analysis of Colonoscopy Medical Images From Electronic Digestive Endoscopy Equipment,Completed,Unknown,2022-09-20,337,Peking Union Medical College Hospital,OTHER,"Artificial Intelligence; Enteroscope; Intestinal Polyposis, Adenomatous",China,2022.0,China
NCT04270890,Investigation of an Abdominal Compression Device,UNKNOWN,Unknown,2018-06-21,30,The Clatterbridge Cancer Centre NHS Foundation Trust,OTHER,"Cancer, Lung; Cancer of Stomach",United Kingdom,2018.0,United Kingdom
NCT03735290,A Study to Evaluate the Safety and Effectiveness of ILIxadencel Administered Into Tumors in Combination With Checkpoint Inhibitor (CPI) in Patients With ADvanced Cancer,Terminated,Phase 1,2019-01-14,21,Mendus,INDUSTRY,"Carcinoma, Squamous Cell of Head and Neck; Gastric Adenocarcinoma; Gastroesophageal Junction Adenocarcinoma",United States,2019.0,United States
NCT02555397,Phase 1 Trial of Interleukin 12 Gene Therapy for Locally Recurrent Prostate Cancer,Completed,Phase 1,,15,Henry Ford Health System,OTHER,Prostate Cancer,United States,,United States
NCT00107497,Radiation Therapy in Treating Women With Localized Breast Cancer,Completed,Unknown,2004-10-05,917,"Institute of Cancer Research, United Kingdom",OTHER,Breast Cancer,United Kingdom,2004.0,United Kingdom
NCT00436397,A New Radiation Therapy Planning System in Patients Undergoing Radiation Therapy for Cancer,Completed,Unknown,,60,Fox Chase Cancer Center,OTHER,"Unspecified Adult Solid Tumor, Protocol Specific",United States,,United States
NCT01867697,Nordic 8 - A Phase II Trial,Completed,Phase 2,,173,Per Pfeiffer,OTHER,Metastatic Colorectal Cancer,Denmark; Norway; Sweden,,Denmark
NCT01486797,NOX-A12 in Combination With Bendamustine and Rituximab in Relapsed Chronic Lymphocytic Leukemia (CLL),Completed,Phase 2,,28,TME Pharma AG,INDUSTRY,Chronic Lymphocytic Leukemia,France; Austria; Italy; Belgium,,France
NCT01580410,Surgery and Oxaliplatin or Mitomycin C in Treating Patients With Tumors of the Appendix,Completed,Phase 2,,136,Wake Forest University Health Sciences,OTHER,Carcinoma of the Appendix; Primary Peritoneal Cavity Cancer,United States,,United States
NCT05195710,Preoperative Y-90 Radioembolization for Tumor Control and Future Liver Remnant Hypertrophy in Patients With Colorectal Liver Metastases,Recruiting,Phase 1,2022-11-16,50,M.D. Anderson Cancer Center,OTHER,Metastases,United States,2022.0,United States
NCT05516810,The Accuracy of Ultrasound Diagnosis of Hydatidiform Moles,"Active, Not Recruiting",Unknown,2021-10-19,500,King's College Hospital NHS Trust,OTHER,"Hydatidiform Mole (Diagnosis); Abortion, Spontaneous; Missed Abortion",United Kingdom,2021.0,United Kingdom
NCT02298010,Lymph Node Metastasis in Extended Lymphadenectomy for Gastric Cancer From a CLASSIC Trial,Completed,Unknown,,899,Seoul National University Hospital,OTHER,Stomach Neoplasms; Cancer of Lymph Node,Unknown,,Unknown
NCT02611310,A Study to Observe Treatment Patterns and Outcomes in Participants in Saudi Arabia With Human Epidermal Growth Factor Receptor 2 (HER2-Positive) Unresectable Locally Advanced or Metastatic Breast Cancer (LA/mBC),Terminated,Unknown,2017-01-19,15,Hoffmann-La Roche,INDUSTRY,Metastatic Breast Cancer,Saudi Arabia,2017.0,Saudi Arabia
NCT05423210,Atezolizumab and Pre-Surgical Brain Radiation Therapy for Glioblastoma Multiforme,Recruiting,Phase 1 (Early),2022-10-25,12,Stony Brook University,OTHER,Glioblastoma Multiforme,United States,2022.0,United States
NCT06557213,a Cohort Study (Gut Microbiota and HCC),Not Yet Recruiting,Unknown,2024-08-30,100,"Xu Yong, MD",OTHER,Liver Cancer,Unknown,2024.0,Unknown
NCT02954913,Simultaneous Resection of Colorectal Cancer With Synchronous Liver Metastases,Completed,Unknown,2017-02-14,41,Hamilton Health Sciences Corporation,OTHER,ColoRectal Cancer; Liver Metastases; Liver Metastasis Colon Cancer,Canada,2017.0,Canada
NCT06055660,Moesin Expression in Clear Cell Renal Cell Carcinoma,Completed,Unknown,2017-01-01,50,Sohag University,OTHER,Renal Cell Carcinoma,Unknown,2017.0,Unknown
NCT02203760,Pazopanib Vs. Pazopanib Plus Gemcitabine,"Active, Not Recruiting",Phase 2,2019-10-16,58,North Eastern German Society of Gynaecological Oncology,OTHER,Leiomyosarcoma or Carcinosarcoma,Germany,2019.0,Germany
NCT00096460,Autologous or Donor Stem Cell Transplantation in Treating Patients With Recurrent Non-Hodgkin's Lymphoma (BMT CTN 0202),Terminated,Phase 2,,30,Medical College of Wisconsin,OTHER,Recurrent Grade 1 Follicular Lymphoma; Recurrent Grade 2 Follicular Lymphoma; Recurrent Grade 3 Follicular Lymphoma,United States,,United States
NCT04541420,Eribulin in mTNBC Patients,Completed,Unknown,2019-12-15,208,Fudan University,OTHER,Breast Cancer,China,2019.0,China
NCT03773120,Effectiveness of Intraoperative Neuromonitoring of External Branch of Superior Laryngeal Nerve During Thyroid Surgery,Terminated,Unknown,2018-04-06,5,Seoul National University Hospital,OTHER,"Carcinoma, Papillary, Follicular",South Korea,2018.0,South Korea
NCT01836120,A Study of Raltitrexed Plus Docetaxel Versus Docetaxel as Second-line Chemotherapy in Subjects With Gastric Cancer,UNKNOWN,Phase 2,,100,Hebei Tumor Hospital,OTHER,Gastric Cancer,China,,China
NCT00005982,506U78 in Treating Patients With Recurrent or Refractory Cutaneous T-cell Lymphoma,Terminated,Phase 2,,35,National Cancer Institute (NCI),NIH,Recurrent Cutaneous T-cell Non-Hodgkin Lymphoma; Recurrent Mycosis Fungoides/Sezary Syndrome,United States,,United States
NCT03976882,Hetrombopag for the Treatment of Chemotherapy-Induced Thrombocytopenia in Subjects With Malignancy.,Completed,Phase 3,2019-11-06,129,"Jiangsu HengRui Medicine Co., Ltd.",INDUSTRY,Chemotherapy-Induced Thrombocytopenia,China,2019.0,China
NCT00394082,ABI-007 In Combination With Bevacizumab in Women With Metastatic Breast Cancer,Completed,Phase 2,2006-06-01,50,Celgene,INDUSTRY,Metastatic Breast Cancer,United States,2006.0,United States
NCT03387020,Ribociclib and Everolimus in Treating Children With Recurrent or Refractory Malignant Brain Tumors,Completed,Phase 1,2018-01-13,22,Pediatric Brain Tumor Consortium,NETWORK,"CNS Embryonal Tumor, Not Otherwise Specified; Malignant Glioma; Recurrent Atypical Teratoid/Rhabdoid Tumor",United States,2018.0,United States
NCT06188624,Clinical Trial of TQB2922 for Injection in Patients With Advanced Cancers,Recruiting,Phase 1,2024-02-01,150,"Chia Tai Tianqing Pharmaceutical Group Nanjing Shunxin Pharmaceutical Co., Ltd.",INDUSTRY,Advanced Cancer,China,2024.0,China
NCT02406924,"Bone Augmentation Using Particulated Biomaterial and Autogenous Bone, Stabilized by Collagen Membrane and Pins (PaMP)",UNKNOWN,Unknown,,24,Pedro Tortamano,OTHER,Alveolar Bone Grafting; Bone Augmentation,Unknown,,Unknown
NCT03146624,Evaluation of Patients Satisfaction of Attachment Retained Versus Clasp Retained Obturators in Unilateral Total Maxillectomy,Completed,Unknown,2015-12-01,14,Cairo University,OTHER,Tumour,Egypt,2015.0,Egypt
NCT01773447,Set-back Suture Versus Traditional Vertical Mattress Suture,Completed,Unknown,,47,"University of California, Davis",OTHER,Basal Cell Carcinoma; Squamous Cell Carcinoma; Melanoma,United States,,United States
NCT07156747,The Impact of Video Education on Pain and Anxiety in Patients Undergoing Transrectal Ultrasonography-Guided Prostate Biopsy,Completed,Unknown,2023-12-10,223,Ankara Etlik City Hospital,OTHER_GOV,Prostate Cancer; Prostate Biopsy; Anxiety,Turkey (Türkiye),2023.0,Turkey (Türkiye)
NCT07386847,A Real-world Study of the First Treatment and Outcomes of Patients With Advanced or Metastatic Bladder Cancer,Not Yet Recruiting,Unknown,2026-01-30,3000,Pfizer,INDUSTRY,Metastatic Urothelial Carcinoma; Urothelial Cancer; Urothelial Carcinoma,Unknown,,Unknown
NCT01441349,Irinotecan/Cisplatin With or Without Simvastatin in Chemo-naive Patients With Extensive Disease-small Cell Lung Cancer,UNKNOWN,Phase 2,,192,"National Cancer Center, Korea",OTHER_GOV,Small Cell Lung Carcinoma,South Korea,,South Korea
NCT02716038,"Neoadjuvant MPDL3280A, Nab-paclitaxel and Carboplatin (MAC) in NSCLC",Completed,Phase 2,2016-06-07,39,Columbia University,OTHER,"Carcinoma, Non-Small-Cell Lung",United States,2016.0,United States
NCT07528638,Intraoperative Neuromonitoring (IONM) and Bipolar Electrocautery (BE) During Axillary Lymph Node Dissection (ALND),Not Yet Recruiting,Unknown,2026-05-01,6,University of Cincinnati,OTHER,Breast Cancer; Surgery,United States,,United States
NCT06548438,The Impact of PDD During TURB for NMIBC,Not Yet Recruiting,Phase 4,2024-09-01,300,A.O.U. Città della Salute e della Scienza,OTHER,Bladder Cancer,Unknown,2024.0,Unknown
NCT06799858,Localization of Breast Cancer with the Sirius Pintuition Magnetic Seed,Recruiting,Unknown,2024-04-01,40,Jan Žatecký,OTHER,Breast Cancer Surgery,Czechia,2024.0,Czechia
NCT06750458,Dapagliflozin Versus Dexamethasone Role in Pre-operative Management of Non- Diabetic Brain Tumor Patients,Not Yet Recruiting,Phase 3,2025-08-20,75,Tanta University,OTHER,Glioma; Dapagliflozin (Forxiga); Dexamethasone,Unknown,2025.0,Unknown
NCT06801158,Adverse Drug Reactions to Cancer Therapies in Patients with Depression: Insights from VigiBase,Completed,Unknown,2024-11-01,61,"University Hospital, Caen",OTHER,Adverse Effects of Medical Drugs,France,2024.0,France
NCT02651948,"Transperineal, MRI-guided, Prostate Biopsy",Completed,Phase 4,2015-05-01,90,"University Hospital, Strasbourg, France",OTHER,Prostate Cancer,France,2015.0,France
NCT06336148,A Phase 1a/1b Study of ACTM-838 in Patients With Advanced Solid Tumors,Terminated,Phase 1,2024-06-05,10,"Actym Therapeutics, Inc.",INDUSTRY,Solid Tumor,United States; Australia,2024.0,United States
NCT00077155,Cilengitide (EMD 121974) in Treating Patients With Advanced Solid Tumors or Lymphoma,Completed,Phase 1,,45,National Cancer Institute (NCI),NIH,AIDS-related Peripheral/Systemic Lymphoma; AIDS-related Primary CNS Lymphoma; Anaplastic Large Cell Lymphoma,United States,,United States
NCT00501748,Safety and Tolerability of Rituximab in Neuromyelitis Optica,Completed,Phase 1,,20,"University of California, San Francisco",OTHER,Neuromyelitis Optica,United States,,United States
NCT05607355,Measurement of Spinal Mobilization in Pediatric Population,Completed,Unknown,2022-11-01,47,Université du Québec à Trois-Rivières,OTHER,Pediatric ALL,Canada,2022.0,Canada
NCT02869555,Institut Paoli Calmettes Multiple Myeloma Database,Recruiting,Unknown,,5000,Institut Paoli-Calmettes,OTHER,Multiple Myeloma,France,,France
NCT05182255,"Post Market Clinical Study - Evolution® Esophageal Stent Systems, Europe: Fully and Partially Covered",Completed,Unknown,2022-04-28,127,Cook Research Incorporated,INDUSTRY,Esophageal Diseases,United Kingdom; Spain; Germany,2022.0,United Kingdom
NCT00706355,A Study of PF-04217903 in Patients With Advanced Cancer,Terminated,Phase 1,,16,Pfizer,INDUSTRY,Neoplasms,United States,,United States
NCT05194878,Neoadjuvant FOLFOXIRI Versus Immediate Surgery for Stage II and III Colon Cancers,Recruiting,Phase 3,2021-12-01,840,Sun Yat-sen University,OTHER,Colon Cancer Stage II; Colon Cancer Stage III,China,2021.0,China
NCT04473378,Glucose Monitoring During Chemotherapy,Completed,Unknown,2019-10-31,22,Columbia University,OTHER,Breast Cancer; Hyperglycemia,United States,2019.0,United States
NCT01443078,"Neoadjuvant Platinum-based Chemotherapy for Patients With Resectable , Non-small Cell Lung Cancer With Switch to Chemotherapy Alternative in Nonresponders (NEOSCAN)",Completed,Phase 2,,42,Memorial Sloan Kettering Cancer Center,OTHER,Lung Cancer,United States,,United States
NCT00005943,Gene Therapy in Treating Patients With Metastatic Melanoma,Completed,Phase 1,,61,"University of Colorado, Denver",OTHER,Melanoma (Skin),United States,,United States
NCT06422143,Pembrolizumab With or Without Maintenance Sacituzumab Tirumotecan (Sac-TMT; MK-2870) in Metastatic Squamous Non-small Cell Lung Cancer (NSCLC) [MK-2870-023],Recruiting,Phase 3,2024-06-10,851,Merck Sharp & Dohme LLC,INDUSTRY,Non-small Cell Lung Cancer; NSCLC,Canada; China; Italy; Spain; Chile; Turkey (Türkiye); United Kingdom; Romania; South Korea; Austria; Japan; Argentina; Peru; United Arab Emirates; Germany; Ireland; Hungary; Israel; Colombia; France; Brazil; Thailand; United States; Poland; Czechia; Taiwan,2024.0,Canada
NCT02170415,Development of a Personalised Care Plan Designed to Reduce Chronic Post-Operative Pain Following Breast Surgery,UNKNOWN,Unknown,,154,Royal Marsden NHS Foundation Trust,OTHER,Persistent Post-surgical Pain; Neuropathic Pain; Cancer Pain,United Kingdom,,United Kingdom
NCT00080015,Diflomotecan (BN80915) Administered Once Every 3 Weeks in Treating Patients With Sensitive Small Cell Lung Cancer (SCLC),Completed,Phase 2,2004-03-12,9,Ipsen,INDUSTRY,Small Cell Lung Cancer,Unknown,2004.0,Unknown
NCT01182415,High Dose Chemotherapy and Stem Cell Transplant for Non-Hodgkin's Lymphoma or Central Nervous System (CNS) Lymphoma,Completed,Phase 2,,30,Massachusetts General Hospital,OTHER,Non-Hodgkin's Lymphoma; CNS Lymphoma,United States,,United States
NCT03785925,A Single-Arm Study of Bempegaldesleukin (NKTR-214) Plus Nivolumab in Cisplatin Ineligible Patients Who Have Locally Advanced or Metastatic Urothelial Cancer,Completed,Phase 2,2019-04-29,192,Nektar Therapeutics,INDUSTRY,Urinary Bladder Neoplasm; Neoplasm Metastasis,France; Netherlands; Canada; Argentina; United States; Turkey (Türkiye); Greece; Germany; Finland; United Kingdom; Spain; Belgium; Australia; Portugal; Mexico; Russia; Italy; Israel,2019.0,France
NCT05904340,Transcutaneous Electrical Acupoint Stimulation on Symptoms Associated with Chemotherapy Induced Peripheral Neuropathy,Recruiting,Unknown,2023-07-01,86,National Taipei University of Nursing and Health Sciences,OTHER,Breast Neoplasms; Chemotherapy-induced Peripheral Neuropathy,Taiwan,2023.0,Taiwan
NCT04089189,Study of IMP4297 in Patients With BRCA1/2 Mutation Ovarian Cancer,Completed,Phase 2,2019-10-28,93,"Impact Therapeutics, Inc.",INDUSTRY,Ovarian Cancer,China,2019.0,China
NCT02316340,Vorinostat Plus Hydroxychloroquine Versus Regorafenib in Colorectal Cancer,Completed,Phase 2,2015-02-11,42,The University of Texas Health Science Center at San Antonio,OTHER,Colorectal Cancer,United States,2015.0,United States
NCT00466089,Study of 3D Radiotherapy With or Without Erlotinib (Tarceva®) in Patients With Localized Non-Small Cell Lung Cancer,UNKNOWN,Phase 2,,90,Hospital of Navarra,OTHER,"Carcinoma, Non-Small-Cell Lung",Spain,,Spain
NCT05939089,Cardiovascular Assessment of Pediatric Cancer Survivors,Completed,Unknown,2023-01-01,54,Istanbul University,OTHER,Left Ventricular Dysfunction; Heart Failure,Turkey (Türkiye),2023.0,Turkey (Türkiye)
NCT06075589,Psychoeducation for Uveal Melanoma,"Active, Not Recruiting",Unknown,2023-11-07,108,Jonsson Comprehensive Cancer Center,OTHER,Uveal Melanoma,United States,2023.0,United States
NCT05273489,Chemotherapy and Tumor Clearance in Hepatic Resections for Colorectal Liver Metastases.,Completed,Unknown,2004-01-01,170,Hospital Maciel,OTHER,Colorectal Cancer Metastatic; Liver Metastases,Unknown,2004.0,Unknown
NCT01188889,RAD001 in Patients With Chronic Phase Chronic Myeloid Leukemia w/ Molecular Disease.,Withdrawn,Phase 1,,0,University of Michigan Rogel Cancer Center,OTHER,Chronic Myeloid Leukemia,United States,,United States
NCT04588168,Multi-parameter Magnetic Resonance Imaging Guides Precise Treatment of Urothelial Carcinoma,Recruiting,Unknown,2018-01-01,100,The First Affiliated Hospital with Nanjing Medical University,OTHER,Bladder Cancer,China,2018.0,China
NCT00369850,Bone Density and Bone Loss in Postmenopausal Women With Breast Cancer Receiving Treatment in Clinical Trial IBCSG-1-98,Completed,Phase 3,,458,ETOP IBCSG Partners Foundation,NETWORK,Breast Cancer; Osteoporosis,France; New Zealand; Peru; South Africa; Switzerland; Australia; Italy; Spain,,France
NCT04946591,Feasibility and Impact of ICG and 4K Overlay in Laparoscopic Hepatic Surgery on Real-time Tumor Detection,Completed,Unknown,2021-08-01,45,"Klinikum Saarbrücken, Klinik für Allgemein-, Viszeral- und Thoraxchirurgie, Chirurgische Onkologie",OTHER,Laparoscopic Hepatectomy,Germany,2021.0,Germany
NCT02806791,Efficacy of Biosimilar Filgrastim on the Mobilization of Hematopoietic Stem Cell CD34+ (Cluster of Differentiation 34) and on the Kinetic Engraftment,UNKNOWN,Unknown,,300,Azienda Ospedaliera San Giovanni Battista,OTHER,Blood Diseases,Italy,,Italy
NCT06189391,A Study to Evaluate MK-1045 (CN201) in Participants With Relapsed or Refractory B-Cell Non-Hodgkin Lymphoma (MK-1045-001/CN201-101),Recruiting,Phase 1,2021-03-16,100,"MSD R&D (China) Co., Ltd.",INDUSTRY,Relapsed or Refractory B-Cell Non-Hodgkin Lymphoma,China,2021.0,China
NCT05519774,Assessment of Cancer Related Brain Fog Using the Test of Strategic Learning,Completed,Unknown,2022-08-01,54,Inova Health Care Services,OTHER,Brain Fog,United States,2022.0,United States
NCT02047474,Combination Chemotherapy Before and After Surgery in Treating Patients With Localized Pancreatic Cancer,Completed,Phase 2,2014-03-25,46,Yale University,OTHER,Acinar Cell Adenocarcinoma of the Pancreas; Duct Cell Adenocarcinoma of the Pancreas; Stage I Pancreatic Cancer,United States,2014.0,United States
NCT07422974,Perioperative Outcomes After Neoadjuvant Therapy in Colorectal Cancer,Recruiting,Unknown,2026-01-09,68,Osijek University Hospital,OTHER,Colorectal Carcinoma (CRC); Complications; Neoadjuvant Therapy,Croatia,,Croatia
NCT04790474,"Ixazomib-pomalidomide-dexamethasone as Second or Third-line Combination Treatment for Patients With Relapsed and Refractory Multiple Myeloma Previously Treated With Daratumumab, Lenalidomide and Bortezomib","Active, Not Recruiting",Phase 2,2021-03-25,61,Tel-Aviv Sourasky Medical Center,OTHER_GOV,Multiple Myeloma in Relapse; Refractory Multiple Myeloma,Israel,2021.0,Israel
NCT07565818,Spectral CT Combined With MSI for Predicting Regional Lymph Node Metastasis in Gastric Cancer,"Active, Not Recruiting",Unknown,2025-08-04,260,Yunnan Cancer Hospital,OTHER,Gastric Cancer,China,2025.0,China
NCT01683110,Expanded Access of Cabozantinib in Medullary Thyroid Cancer,APPROVED_FOR_MARKETING,Unknown,,61,Exelixis,INDUSTRY,Medullary Thyroid Cancer,United States,,United States
NCT01222260,Bendamustine and Dexamethasone in Patients With Relapsed AL Amyloidosis,Completed,Phase 2,,40,Columbia University,OTHER,AL Amyloidosis,United States,,United States
NCT00745160,Survey and Blood Sample Collection for Patients With Lung Cancer Who Never Smoked Cigarettes,Completed,Unknown,,115,Memorial Sloan Kettering Cancer Center,OTHER,Lung Cancer,United States,,United States
NCT04021420,Safety and Efficacy of Sonocloud Device Combined With Nivolumab in Brain Metastases From Patients With Melanoma,UNKNOWN,Phase 1,2019-10-24,21,Assistance Publique - Hôpitaux de Paris,OTHER,Melanoma; Metastatic Melanoma,France,2019.0,France
NCT03096782,Umbilical Cord Blood Transplant With Added Sugar and Chemotherapy and Radiation Therapy in Treating Patients With Leukemia or Lymphoma,Completed,Phase 2,2017-10-13,6,M.D. Anderson Cancer Center,OTHER,"Accelerated Phase Chronic Myelogenous Leukemia, BCR-ABL1 Positive; Acute Biphenotypic Leukemia; Acute Leukemia",United States,2017.0,United States
NCT00002704,Radiation Therapy and Chemotherapy in Treating Children With CNS Relapse From Acute Lymphoblastic Leukemia,Completed,Phase 2,,156,National Cancer Institute (NCI),NIH,Leukemia,United States; Switzerland; Canada; Puerto Rico,,United States
NCT04996004,A Study to Learn About the Study Medicine (Called Ontorpacept or TTI-621) Given Alone and in Combination With Doxorubicin in People With Leiomyosarcoma,Terminated,Phase 2,2021-06-22,76,Pfizer,INDUSTRY,Leiomyosarcoma,United States,2021.0,United States
NCT00311584,Irinotecan and Temozolomide in Treating Young Patients With Recurrent Neuroblastoma,Completed,Phase 2,,59,Children's Oncology Group,NETWORK,Neuroblastoma,United States; Australia; Canada,,United States
NCT01679847,Blood Brain Barrier Penetration and Pharmacokinetics of the Elemene in Malignant Patients.,UNKNOWN,Unknown,,8,"Dalian Holley Kingkong Pharmaceutical Co., Ltd",INDUSTRY,Cancer,China,,China
NCT04249947,P-PSMA-101 CAR-T Cells in the Treatment of Subjects With Metastatic Castration-Resistant Prostate Cancer (mCRPC) and Advanced Salivary Gland Cancers (SGC),Terminated,Phase 1,2020-02-28,40,"Poseida Therapeutics, Inc.",INDUSTRY,"Prostatic Neoplasms, Castration-Resistant; Neoplasms by Histologic Type; Neoplasms, Prostate",United States,2020.0,United States
NCT01566747,"Second-line Pazopanib Renal Cell Carcinoma (RCC) Study. CTRIAL-IE (ICORG) 10-01, V5",Completed,Phase 2,,43,Cancer Trials Ireland,NETWORK,Renal Cell Carcinoma,Ireland; Sweden,,Ireland
NCT01458249,"An Open-label, Multicenter, Phase 2 Study to Evaluate the Efficacy and Safety of Eribulin Mesylate in Previously Treated Subjects With Advanced or Metastatic Soft Tissue Sarcoma (Study E7389-J081-217)",Completed,Phase 2,,52,"Eisai Co., Ltd.",INDUSTRY,Soft Tissue Sarcoma,Japan,,Japan
NCT01082549,Trial of Gemcitabine/Carboplatin With or Without Iniparib (SAR240550) (a PARP1 Inhibitor) in Subjects With Previously Untreated Stage IV Squamous Non-Small-Cell Lung Cancer (NSCLC),Completed,Phase 3,,780,Sanofi,INDUSTRY,Squamous Cell Lung Cancer,France; Luxembourg; Netherlands; Canada; United States; Poland; Germany; United Kingdom; Spain; Belgium; Romania; Italy; Hungary; Israel,,France
NCT00866749,Augmented Berlin-Frankfurt-Munster (BFM) Therapy for Adolescent/Young Adults With Acute Lymphoblastic Leukemia or Acute Lymphoblastic Lymphoma,Completed,Phase 2,2006-09-12,120,M.D. Anderson Cancer Center,OTHER,Lymphoblastic Leukemia; Lymphoblastic Lymphoma,United States,2006.0,United States
NCT02167438,Reducing Cesarean Childbirth Rates Using the Hem-Avert Perianal Stabilizer,Terminated,Unknown,,117,"Stetrix, Inc.",INDUSTRY,Cesarean Section,United States,,United States
NCT03763838,Acupressure for Fatigue in Ovarian Cancer Survivors,Completed,Unknown,2019-10-07,171,University of Michigan Rogel Cancer Center,OTHER,Fatigue; Ovarian Cancer,United States,2019.0,United States
NCT03317158,"Modern Immunotherapy in BCG-Unresponsive, BCG-Relapsing and High Risk BCG-Naive Non-Muscle Invasive Urothelial Carcinoma of the Bladder",Recruiting,Phase 1,2017-11-21,55,"Noah Hahn, M.D.",OTHER,Urothelial Carcinoma; Bladder Cancer,United States,2017.0,United States
NCT05716958,"Multi-Reader, Multi-Case, Cross-Over, Retrospective Study to Evaluate Effectiveness of Lunit INSIGHT DBT",Completed,Unknown,2022-03-22,262,Lunit Inc.,INDUSTRY,Breast Cancer,United States,2022.0,United States
NCT05521048,Doxycycline in Cutaneous Schwannoma (NF2),"Active, Not Recruiting",Phase 1,2022-09-19,19,Massachusetts Eye and Ear Infirmary,OTHER,Neurofibromatosis Type 2,United States,2022.0,United States
NCT04633148,Dose-escalating Trial With UniCAR02-T Cells and PSMA Target Module (TMpPSMA) in Patients With Progressive Disease After Standard Systemic Therapy in Cancers With Positive PSMA Marker,Terminated,Phase 1,2020-11-23,16,AvenCell Europe GmbH,INDUSTRY,Prostate Cancer,Germany,2020.0,Germany
NCT01631448,Fibrin Based Adhesive for the Prevention of Surgical Complications in the Kidney Transplantation,Completed,Phase 3,,152,Alejandro Gonzalez-Ojeda,OTHER_GOV,Vascular Postoperative Complications; Urological System Complication of Procedure; Lymphocele,Mexico,,Mexico
NCT02315755,Observational Study Evaluating The Efficacy And Effects On Quality Of Life Of Targeted Treatments Following TKIs In mRCC,Completed,Unknown,2015-05-11,102,Pfizer,INDUSTRY,Renal Cell Carcinoma,Turkey (Türkiye),2015.0,Turkey (Türkiye)
NCT06718855,"Cognitive Functioning in People With Myasthenia Graivs: Impact on Daily Life Activities, Work, Disability and Quality of Life",Completed,Unknown,2023-06-07,150,Fondazione I.R.C.C.S. Istituto Neurologico Carlo Besta,OTHER,Myasthenia Gravis,Italy,2023.0,Italy
NCT06506955,Futibatinib in Patients Previously Enrolled in an Antecedent Futibatinib as Monotherapy or Combination Therapy.,ENROLLING_BY_INVITATION,Phase 2,2024-10-01,15,"Taiho Oncology, Inc.",INDUSTRY,Advanced/Metastatic Cancer,France; United States; United Kingdom; South Korea; Spain,2024.0,France
NCT04347226,Anti-Interleukin-8 (Anti-IL-8) for Patients With COVID-19,Terminated,Phase 2,2020-04-16,43,Columbia University,OTHER,Solid Tumor; Sars-CoV2; Hematological Malignancy,United States,2020.0,United States
NCT03430778,Effect of Pneumoperitoneum on the Continuous and Non-invasive Hemoglobin Monitoring,Completed,Unknown,2019-01-01,70,Ajou University School of Medicine,OTHER,Gastric Cancer,South Korea,2019.0,South Korea
NCT03243578,Relationship Between Dietary Protein Intake and Fatal and Non-fatal Health Outcomes,Completed,Unknown,,502628,University of Glasgow,OTHER,Cardiovascular Diseases; Cancer; All-cause Mortality,Unknown,,Unknown
NCT04007978,Anti-CD22 Chimeric Antigen Receptor (CAR)-Modified T Cell Therapy for Relapsed Refractory B-cell Malignancies,UNKNOWN,Phase 1,2019-08-05,50,"Union Hospital, Tongji Medical College, Huazhong University of Science and Technology",OTHER,B Cell Lymphoma; Acute Lymphoblastic Leukemia,China,2019.0,China
NCT00003478,Radiolabeled Monoclonal Antibody Therapy in Treating Patients With Primary Brain Tumors,Completed,Phase 1,,10,Duke University,OTHER,Brain and Central Nervous System Tumors,United States,,United States
NCT06598085,Clinical Trial Protocol to Evaluate the Efficacy and Safety of Laparoscopic Surgical Systems for Gynaecological Surgery,"Active, Not Recruiting",Unknown,2024-07-01,20,Cornerstone Robotics,INDUSTRY,Cervical Cancer; Endometrial Cancer,China,2024.0,China
NCT01099085,Trial of XP (Capecitabine/CDDP) Simvastatin in Advanced Gastric Cancer Patients,Completed,Phase 3,,207,Samsung Medical Center,OTHER,Gastric Cancer,South Korea,,South Korea
NCT03917043,APG-2449 in Patients With Advanced Solid Tumors,Recruiting,Phase 1,2019-05-27,165,Ascentage Pharma Group Inc.,INDUSTRY,Advanced Solid Cancer; Non Small Cell Lung Cancer; Esophageal Cancer,China,2019.0,China
NCT01742143,Impact of ICCAN on Cancer Treatment Completion and Quality of Life,Recruiting,Unknown,,347,Memorial Sloan Kettering Cancer Center,OTHER,Cancer Patients,United States,,United States
NCT01486043,Metformin and Transient Hyperglycemia,Terminated,Unknown,,4,Children's Hospital Los Angeles,OTHER,Acute Lymphoblastic Leukemia; Hyperglycemia; Insulin Resistance,United States,,United States
NCT02361515,Hypofractionated Radiotherapy Versus Stereotactic Irradiation With Hyaluronic Acid,Completed,Unknown,,96,Hospices Civils de Lyon,OTHER,Prostatic Adenocarcinoma,France,,France
NCT01442935,Chemotherapies Associated With Targeted Therapies on the Resection Rate of Hepatic Metastases,Completed,Phase 2,,256,UNICANCER,OTHER,Colorectal Cancer,France,,France
NCT01930435,Study of Personalized Sterile Humidification Device for Mucositis in Head and Neck Cancer Patients,Completed,Unknown,,20,"University of California, San Francisco",OTHER,Head and Neck Cancer,United States,,United States
NCT03639935,Rucaparib in Combination With Nivolumab in Patients With Advanced or Metastatic Biliary Tract Cancer Following Platinum Therapy,Completed,Phase 2,2019-03-28,32,University of Michigan Rogel Cancer Center,OTHER,Biliary Tract Cancer,United States,2019.0,United States
NCT04276025,Pathological and Nuclear Medicine Factors for Prognosis in Lung Carcinoma,Completed,Unknown,,2000,Klinikum Bayreuth GmbH,INDUSTRY,NSCLC,Unknown,,Unknown
NCT01197625,Vaccine Therapy in Curative Resected Prostate Cancer Patients,UNKNOWN,Phase 1,,30,Oslo University Hospital,OTHER,Prostate Cancer,Norway,,Norway
NCT05214976,A Trial of Camrelizumab for Injection in Combination With Famitinib Malate Capsule and Paclitaxel For Injection(Albumin Bound) in Advanced Solid Tumors of Patients,UNKNOWN,Phase 2,2022-08-12,64,"Jiangsu HengRui Medicine Co., Ltd.",INDUSTRY,Advanced Solid Tumors,China,2022.0,China
NCT02586025,Study in Participants With Early-Stage or Locally Advanced Human Epidermal Growth Factor Receptor (HER) 2-Positive Breast Cancer to Evaluate Treatment With Trastuzumab Plus (+) Pertuzumab + Docetaxel Compared With Trastuzumab + Placebo + Docetaxel,Completed,Phase 3,2016-03-14,329,Hoffmann-La Roche,INDUSTRY,Breast Cancer,Thailand; China; Taiwan; South Korea,2016.0,Thailand
NCT06186076,"A Study to Investigate Safety, Tolerability, PK and Anti-tumor Activity of TRX-221 in EGFRm NSCLC Patients",Terminated,Phase 1,2024-06-14,19,"Therapex Co., Ltd",INDUSTRY,"Carcinoma, Non-Small-Cell Lung; EGFR Mutant Advanced Non-Small Cell Lung Cancer",South Korea,2024.0,South Korea
NCT02544776,Amlodipine on Blood Flow of Preovulatory Follicle in Polycystic Ovarian Patients,Completed,Unknown,,60,Ahmed Fathy Ali Mohamed Ghanem,OTHER,Female Infertility Associated With Anovulation,Unknown,,Unknown
NCT05799976,Text Message-Based Nudges Prior to Primary Care Visits to Increase Care Gap Closure,Completed,Unknown,2023-09-05,29334,Mitesh Patel,INDUSTRY,"Pneumonia, Pneumococcal; Diabetes Mellitus; Breast Cancer",United States,2023.0,United States
NCT07517640,Combining Furmonertinib With Local Therapy for Inoperable Early-stage Lung Cancer: A Phase II Trial,Not Yet Recruiting,Phase 2,2026-04-01,45,"Shanghai Pulmonary Hospital, Shanghai, China",OTHER,Non-small Cell Lung Cancer,China,,China
NCT04205240,Reduce Intensity Conditioning Donor Stem Cell Transplant for the Treatment of Relapsed Multiple Myeloma,Terminated,Phase 2,2020-12-22,1,Srinivas Devarakonda,OTHER,Recurrent Plasma Cell Myeloma,United States,2020.0,United States
NCT04873440,"An Open-label, Phase I/II Study of Manganese Plus Radiotherapy in Patients With Metastatic Solid Tumors or Lymphoma",UNKNOWN,Phase 1,2021-05-06,10,Chinese PLA General Hospital,OTHER,Solid Tumor; Lymphoma,China,2021.0,China
NCT06581640,Chimeric Antigen Receptor Modified T Cells Targeting BCMA for the Treatment of Relapsed/Refractory Multiple Myeloma,Recruiting,Phase 2,2024-09-24,5,The First Affiliated Hospital of Xiamen University,OTHER,Multiple Myeloma; Relapsed/Refractory,China,2024.0,China
NCT01004640,Study of Blood and Bone Marrow Samples in Patients With Chronic Myelogenous Leukemia Enrolled on a CALGB Clinical Trial,UNKNOWN,Unknown,1998-12-15,60,Alliance for Clinical Trials in Oncology,OTHER,Leukemia,United States,1998.0,United States
NCT06222489,Whole Body HER3 Quantification With Radiolabelled Patritumab Deruxtecan (HER3-DXd) PET/CT,Recruiting,Phase 2,2025-03-03,16,The Netherlands Cancer Institute,OTHER,Non-Small Cell Lung Carcinoma; Advanced Non-Small Cell Squamous Lung Cancer; EGFR Gene Mutation,Netherlands,2025.0,Netherlands
NCT01216189,Sexual Function and Wellbeing in Females With Rectal Cancer,Completed,Unknown,,142,Karolinska Institutet,OTHER,Rectal Cancer,Sweden,,Sweden
NCT01585389,Studying Gene Expression and Location in Samples From Patients With Brain Tumors,Completed,Unknown,,10,Children's Oncology Group,NETWORK,Brain and Central Nervous System Tumors,Unknown,,Unknown
NCT06478368,Prediction of Occult Peritoneal Metastasis of Locally Advanced Gastric Cancer Using Multimodal Data Based on Artificial Intelligence Combined With Intraoperative Dynamic Video,Completed,Unknown,2024-01-01,1000,Qun Zhao,OTHER,This Study Uses AI and Multimodal Data to Noninvasively Detect Occult Peritoneal Metastasis,China,2024.0,China
NCT03744468,Study of Surzebiclimab (BGB-A425) and Alcestobart (LBL-007) in Combination With Tislelizumab in Advanced Solid Tumors,Completed,Phase 1,2018-11-13,147,BeiGene,INDUSTRY,"Locally Advanced or Metastatic Solid Tumors for Phase 1, Dose Escalation and Phase 2 Safety Lead-in; HNSCC for Phase 2 Dose Expansion; NSCLC for Phase 2 Dose Expansion",France; United States; South Korea; Australia; Italy; Spain,2018.0,France
NCT00041691,Safety Study of 90Y-hMN14 to Treat Colorectal Cancer Patients With Limited Residual Disease After Surgery,Terminated,Phase 1,,30,Gilead Sciences,INDUSTRY,Colorectal Neoplasms,United States,,United States
NCT00872391,Hypofractionated Stereotactic Linear Accelerator Radiotherapy of Uveal Melanoma,UNKNOWN,Unknown,,155,Medical University of Vienna,OTHER,Uveal Melanoma,Austria,,Austria
NCT02243618,The Effect of Proton Pump Inhibitor and Polaprezinc Combination Therapy for Healing of Endoscopic Submucosal Dissection-induced Ulcer,Completed,Unknown,2015-01-14,153,Yonsei University,OTHER,Gastric Adenoma; Early Gastric Cancer,South Korea,2015.0,South Korea
NCT00436618,Everolimus in Treating Patients With Lymphoma That Has Relapsed or Not Responded to Previous Treatment,Completed,Phase 2,,277,Mayo Clinic,OTHER,Leukemia; Lymphoma; Lymphoproliferative Disorder,United States,,United States
NCT01867918,LOTCOL Study: Local Treatment of Colo-rectal Liver Met,Terminated,Unknown,,3,Oslo University Hospital,OTHER,Metastatic Colo-rectal Cancer,Norway,,Norway
NCT06824818,Study to Assess the Feasibility of Stopping Prostate Cancer Treatment Early in Elderly Patients,Recruiting,Unknown,,155,University of Chicago,OTHER,Elderly; Prostate Cancer,United States,,United States
NCT00038090,Thalidomide-Dexamethasone for Multiple Myeloma,Completed,Phase 2,,83,M.D. Anderson Cancer Center,OTHER,Multiple Myeloma,United States,,United States
NCT05503797,A Study to Assess the Efficacy and Safety of FORE8394 in Participants With Cancer Harboring BRAF Alterations,Recruiting,Phase 2,2023-02-21,254,Fore Biotherapeutics,INDUSTRY,Cancer Harboring BRAF Alterations; HGG; LGG,France; Canada; United States; Norway; Germany; United Kingdom; Sweden; South Korea; Australia; Italy; Spain,2023.0,France
NCT06672497,Near Infrared Spectroscopy (NIRS) as a Method for Measuring Oxidative Capacity of Skeletal Muscle Mitochondria in Breast Cancer and All Gynecological Cancer Patients,Recruiting,Unknown,2021-09-07,30,University of South Carolina,OTHER,Breast Cancer; Gynecologic Cancers; Mitochondrial Function,United States,2021.0,United States
NCT05468190,A Clinical Research About CD70-positive Advanced/Metastatic Solid Tumors Treated by CD70-targeted CAR-T,UNKNOWN,Phase 1,2022-07-17,48,"Chongqing Precision Biotech Co., Ltd",INDUSTRY,Metastatic Tumor; Advanced Solid Tumor; Renal Cell Carcinoma,China,2022.0,China
NCT00104897,17-N-Allylamino-17-Demethoxygeldanamycin in Treating Patients With Metastatic Malignant Melanoma,Completed,Phase 2,,25,Cancer Research UK,OTHER,Melanoma (Skin),United Kingdom,,United Kingdom
NCT07490613,A Phase I Study of SHR-3836 in Patients With Multiple Myeloma,Not Yet Recruiting,Phase 1,,99,"Shanghai Hengrui Pharmaceutical Co., Ltd.",INDUSTRY,Multiple Myeloma,China,,China
NCT03677713,Nasal Packing Following Endoscopic Endonasal Pituitary Resection,Completed,Unknown,2019-01-20,60,Ottawa Hospital Research Institute,OTHER,Pituitary Tumor,Canada,2019.0,Canada
NCT03072160,Pembrolizumab in Recurrent or Metastatic Medullary Thyroid Cancer,Completed,Phase 2,2017-06-16,17,National Cancer Institute (NCI),NIH,Medullary Thyroid Cancer (MTC),United States,2017.0,United States
NCT02181660,"Dose Escalation Study to Investigate the Safety, Tolerability and Pharmacokinetics of ASP2215 in Japanese Patients With Relapsed or Refractory Acute Myeloid Leukemia",Completed,Phase 1,2014-06-16,24,Astellas Pharma Inc,INDUSTRY,Acute Myeloid Leukemia (AML),Japan,2014.0,Japan
NCT03841760,SUV on PSMA PET/CT in Non-Prostate Tumors,Terminated,Phase 2,2019-07-25,3,Sir Mortimer B. Davis - Jewish General Hospital,OTHER,Cancer,Canada,2019.0,Canada
NCT00004104,Vaccine Therapy Plus Interleukin-2 With or Without Interferon Alfa-2b in Treating Patients With Stage III Melanoma,Completed,Phase 2,,61,NYU Langone Health,OTHER,Melanoma (Skin),United States,,United States
NCT00004904,Stem Cell Transplantation in Treating Patients With Hematologic Cancer,Completed,Phase 1,,61,Northwestern University,OTHER,Chronic Myeloproliferative Disorders; Graft Versus Host Disease; Leukemia,United States,,United States
NCT03110484,Pemetrexed in Combination With Erlotinib as a Salvage Treatment in Patients With Metastatic Biliary Tract Cancer (BTC) Who Failed Gemcitabine Containing Chemotherapy: A Phase II Single Arm Prospective Study,UNKNOWN,Phase 2,2021-07-09,44,Samsung Medical Center,OTHER,Biliary Tract Cancer,South Korea,2021.0,South Korea
NCT00481052,Nilotinib as First-line Treatment of Ph+ CML in Early Chronic Phase,Completed,Phase 2,2007-06-23,74,Gruppo Italiano Malattie EMatologiche dell'Adulto,OTHER,Chronic Myeloid Leukemia,Italy,2007.0,Italy
NCT00672152,A Phase I Study of WT1 Peptides to Induce Anti-Leukemia Immune Responses Following Transplantation,Terminated,Phase 1,,8,"Michael Morse, MD",OTHER,Acute Myelogenous Leukemia (AML); Chronic Myelogenous Leukemia (CML); Acute Lymphoblastic Leukemia (ALL),United States,,United States
NCT02272452,Assistance in Neurosurgery (ExtempoRMN),UNKNOWN,Unknown,,1000,"University Hospital, Strasbourg, France",OTHER,Primary Brain Tumor; Glioma,France,,France
NCT05076552,"A Study to Assess the Safety, Pharmacokinetics, and Antitumor Activity of Oral TACH101 in Participants With Advanced or Metastatic Cancer","Active, Not Recruiting",Phase 1,2023-02-17,30,"Tachyon Therapeutics, Inc.",INDUSTRY,Advanced Cancer; Metastatic Solid Tumor; Solid Tumor,United States,2023.0,United States
NCT02580552,"Safety, Tolerability and Pharmacokinetics of MRG-106 in Patients With Mycosis Fungoides (MF), CLL, DLBCL or ATLL",Completed,Phase 1,2016-02-09,66,"miRagen Therapeutics, Inc.",INDUSTRY,Cutaneous T-cell Lymphoma (CTCL); Mycosis Fungoides (MF); Chronic Lymphocytic Leukemia (CLL),United States,2016.0,United States
NCT06341647,Phase 1 Clinical Trial to Evaluate the Safety and Anti-Tumor Activity of AB-201,Withdrawn,Phase 1,2024-10-31,0,GC Cell Corporation,INDUSTRY,Breast Cancer; Gastric Cancer; Gastroesophageal Junction Adenocarcinoma,Unknown,2024.0,Unknown
NCT06710847,"A Study to Investigate the Safety, Pharmacokinetics, and Preliminary Effectiveness of GSK4418959 Alone or in Combination With Other Anti-cancer Agents in Participants With Solid Tumors","Active, Not Recruiting",Phase 1,2024-12-13,14,GlaxoSmithKline,INDUSTRY,"Neoplasms, Colorectal; Solid Tumor; Colon Cancer",Japan; United States; Belgium; South Korea; Australia; Netherlands; Spain,2024.0,Japan
NCT03694249,Ifetroban in Treating Patients With Malignant Solid Tumors at High Risk of Metastatic Recurrence,"Active, Not Recruiting",Phase 2,2018-12-12,30,Vanderbilt-Ingram Cancer Center,OTHER,Malignant Solid Tumor,United States,2018.0,United States
NCT07299747,Clinical Trial of VBC103 in Patients With Advanced Malignant Solid Tumors,Recruiting,Phase 1,2025-12-04,255,VelaVigo Bio Inc,INDUSTRY,Participants With Advanced Solid Tumor Malignancies,China,2025.0,China
NCT02322749,A Study to Assess the Relative Bioavailability of Process Variants of Selumetinib in Healthy Male Volunteers,Completed,Phase 1,,48,AstraZeneca,INDUSTRY,Healthy Volunteers Bioequivalence or Bioavailability Study,United Kingdom,,United Kingdom
NCT00002738,"Combination Chemotherapy in Treating Children With Acute Lymphoblastic Leukemia, Osteosarcoma, or Non-Hodgkin's Lymphoma",Completed,Phase 2,,25,Memorial Sloan Kettering Cancer Center,OTHER,Leukemia; Lymphoma; Sarcoma,United States,,United States
NCT02547948,CD19-targeting CAR T Cells for B Cell Lymphoma,Withdrawn,Phase 1,,0,"Fuda Cancer Hospital, Guangzhou",OTHER,B Cell Lymphoma,China,,China
NCT01007448,Study Evaluating Two Dose Levels of Targretin Capsules in Participants With Refractory Cutaneous T-Cell Lymphoma (CTCL),Completed,Phase 4,2010-01-06,59,"Bausch Health Americas, Inc.",INDUSTRY,Refractory Cutaneous T-cell Lymphoma,United States,2010.0,United States
NCT03170648,"Ear Acupuncture During Chemotherapy Infusion for Breast Cancer, a Feasibility Study",Completed,Unknown,2017-06-19,26,Dana-Farber Cancer Institute,OTHER,Breast Cancer,United States,2017.0,United States
NCT00762255,A Phase I Trial of Vorinostat in Combination With Bevacizumab & Irinotecan in Recurrent Glioblastoma,Completed,Phase 1,,19,H. Lee Moffitt Cancer Center and Research Institute,OTHER,Glioblastoma,United States,,United States
NCT00900055,"Research Study in Healthy Volunteers of Patients With Fanconi Anemia, Myeloproliferative Disorders, or Myeloma",Completed,Unknown,,213,OHSU Knight Cancer Institute,OTHER,Chronic Myeloproliferative Disorders; Fanconi Anemia; Multiple Myeloma and Plasma Cell Neoplasm,United States,,United States
NCT02757326,ABC294640 (Opaganib) in Refractory / Relapsed Multiple Myeloma,Terminated,Phase 1,2016-12-13,13,RedHill Biopharma Limited,INDUSTRY,Multiple Myeloma,United States,2016.0,United States
NCT05623878,68Ga-labeled NY108 PET Imaging in Patients,UNKNOWN,Phase 1 (Early),2022-01-04,100,Affiliated Hospital of Jiangnan University,OTHER,Prostatic Cancer,China,2022.0,China
NCT04911478,Long-term Follow-up Study of Allogeneic Gamma Delta (γδ) CAR T Cells,"Active, Not Recruiting",Unknown,2022-02-14,50,Adicet Therapeutics,INDUSTRY,"Lymphoma, Follicular; Lymphoma, Mantle-Cell; Marginal Zone Lymphoma",United States,2022.0,United States
NCT01307878,New Adjuvant Chemotherapy of Asymptomatic Resectable Primary Lesion With Unresectable Liver-limited Metastases,Completed,Phase 3,,320,Fudan University,OTHER,Colorectal Neoplasms; Neoplasm Metastasis; Liver Neoplasms,China,,China
NCT05489978,Effectiveness of a Cervical Cancer Stigma Reduction Intervention Program on Cancer Stigma Score and Cervical Cancer Screening Uptake in Nepal,Completed,Unknown,2022-06-15,310,Kathmandu University School of Medical Sciences,OTHER,Cervical Cancer; Stigma; Screening,Nepal,2022.0,Nepal
NCT07479485,MRG006A Combination Therapy for Advanced Hepatocellular Carcinoma (Phase I/II),Not Yet Recruiting,Phase 1,,160,"Lepu Biopharma Co., Ltd.",INDUSTRY,Hepatocellular Carcinoma,China,,China
NCT00712985,Single Dosing of Zoledronic Acid in Cancer Therapy Induced Bone Loss (CTIBL),Completed,Phase 3,,18,Milton S. Hershey Medical Center,OTHER,Breast Cancer,United States,,United States
NCT01723943,Educational Counseling in Improving Communication and Quality of Life in Spouses and Breast Cancer Patients,Completed,Unknown,,108,University of Washington,OTHER,Anxiety Disorder; Depression; Ductal Breast Carcinoma in Situ,United States,,United States
NCT00856115,Differences in Timely Cancer Diagnosis in African American and Caucasian Patients With Newly Diagnosed Colorectal Cancer,Completed,Unknown,,84,Case Comprehensive Cancer Center,OTHER,Colorectal Cancer,United States,,United States
NCT06496308,Bendamustine and Rituximab With or Without Orelabrutinib in MCL Treatment,Recruiting,Phase 3,2024-07-10,78,Ruijin Hospital,OTHER,Mantle Cell Lymphoma (MCL),China,2024.0,China
NCT03831308,Evaluating and Following Breast Cancer Patients in a Better Way,UNKNOWN,Unknown,2019-06-01,200,Centro Hospitalar Lisboa Ocidental,OTHER_GOV,Breast Cancer Female,Unknown,2019.0,Unknown
NCT06145308,Precision Treatment of Recurrent/Metastatic Salivary Gland Carcinoma Guided by Molecular Typing,Recruiting,Phase 2,2023-08-15,39,Peking Union Medical College,OTHER,Salivary Gland Carcinoma; Precision Therapy,China,2023.0,China
NCT00976508,Figitumumab Combined With Pegvisomant For Advanced Solid Tumors,Terminated,Phase 1,,24,Pfizer,INDUSTRY,Colorectal Neoplasms; Lung Neoplasms; Breast Neoplasms,United States; Finland; Canada; Germany,,United States
NCT05503108,"Fasting Mimicking Diet Program to ImpRovE ChemoTherapy in Hormone Receptor Postive (HR+), HER2- Breast Cancer",SUSPENDED,Phase 3,2023-03-17,10,Leiden University Medical Center,OTHER,Fasting Mimicking Diet; HER2-negative Breast Cancer; Hormone Receptor-positive Breast Cancer,Netherlands,2023.0,Netherlands
NCT05724108,"Testing the Effectiveness of an Anti-cancer Drug, Triapine, When Used With Targeted Radiation-based Treatment (Lutetium Lu 177 Dotatate), Compared to Lutetium Lu 177 Dotatate Alone for Metastatic Neuroendocrine Tumors","Active, Not Recruiting",Phase 2,2023-08-30,94,National Cancer Institute (NCI),NIH,Metastatic Neuroendocrine Tumor,United States,2023.0,United States
NCT06826625,Oxidative Stress in Polycystic Ovary Syndrome,Completed,Unknown,2021-01-02,70,Mardin Artuklu University,OTHER,Polycystic Ovarian Syndrome (PCOS); Oxidative Stress,Turkey (Türkiye),2021.0,Turkey (Türkiye)
NCT00724425,A Phase 1 Dose Escalation Study of IPI-493,Terminated,Phase 1,,53,"Infinity Pharmaceuticals, Inc.",INDUSTRY,Advanced Malignancies,United States,,United States
NCT04716725,68Ga-PSMA-11 PET for the Diagnosis of Metastatic Castration Resistant Prostate Cancer,"Active, Not Recruiting",Phase 2,2021-09-28,15,Thomas Hope,OTHER,Castration-Resistant Prostate Carcinoma; Metastatic Prostate Carcinoma; Stage IV Prostate Cancer AJCC v8,United States,2021.0,United States
NCT00763776,Parenchyma Resection of Cirrhotic Liver by the Clamp Crushing Technique and the Ultrasonic Dissector,Terminated,Unknown,,27,Assistance Publique - Hôpitaux de Paris,OTHER,"Liver Cirrhosis; Liver Neoplasms; Carcinoma, Hepatocellular",France,,France
NCT05386576,A Study of Venetoclax in Combination With Chemotherapy to Treat Newly Diagnosed Acute Lymphoblastic Leukemia (ALL),"Active, Not Recruiting",Phase 1 (Early),2022-06-16,12,Memorial Sloan Kettering Cancer Center,OTHER,Acute Lymphoblastic Leukemia,United States,2022.0,United States
NCT06322576,177Lu-PSMA (177Lu-PNT2002) in PSMA-Positive Adenoid Cystic Carcinoma,Terminated,Phase 2,2025-02-10,1,Sidney Kimmel Comprehensive Cancer Center at Johns Hopkins,OTHER,Adenoid Cystic Carcinoma,United States,2025.0,United States
NCT06142617,A Prospective Study of Pembrolizumab Combining Chemotherapy in Advanced NSCLC Patients With EGFR Exon 21 Point Mutation.,Not Yet Recruiting,Phase 2,2023-12-01,37,Peking Union Medical College Hospital,OTHER,Non Small Cell Lung Cancer; Immune Checkpoint Inhibitor; EGFR Exon 21 Mutation,China,2023.0,China
NCT00825240,Formative Study of Tailored Survivor Health Promotion,Completed,Unknown,,15,M.D. Anderson Cancer Center,OTHER,Colorectal Cancer,United States,,United States
NCT04414540,Combining Pembrolizumab and Metformin in Metastatic Head and Neck Cancer Patients,"Active, Not Recruiting",Phase 2,2020-08-31,20,Trisha Wise-Draper,OTHER,Head and Neck Squamous Cell Carcinoma,United States,2020.0,United States
NCT05427240,eHealth Delivery Alternative for Cancer Genetic Testing for Hereditary Cancer,Recruiting,Unknown,2022-09-28,1000,Abramson Cancer Center at Penn Medicine,OTHER,Cancer,United States,2022.0,United States
NCT02227940,Ceritinib and Combination Chemotherapy in Treating Patients With Advanced Solid Tumors or Locally Advanced or Metastatic Pancreatic Cancer,Completed,Phase 1,2015-01-08,38,Roswell Park Cancer Institute,OTHER,Advanced Malignant Solid Neoplasm; ALK Positive; Metastatic Pancreatic Adenocarcinoma,United States,2015.0,United States
NCT00547989,"Paravertebral Block, an Adjunct to General Anaesthesia for Breast Surgery?",Completed,Phase 3,,46,Maastricht University Medical Center,OTHER,Breast Cancer,Netherlands,,Netherlands
NCT03357289,Mix Vaccine for Metastatic Kidney Cancer,Completed,Phase 1,2017-11-30,30,"Fuda Cancer Hospital, Guangzhou",OTHER,Metastasis From Malignant Tumor of Kidney (Disorder); Reaction - Mixed Vaccine,China,2017.0,China
NCT06485089,"Effects of Tirzepatide on Blood, Imaging and Breast Tissue Biomarkers","Active, Not Recruiting",Unknown,2024-09-14,20,University of Kansas Medical Center,OTHER,Obesity; Breast Cancer Risk,United States,2024.0,United States
NCT00100789,"S0329, Gemcitabine and Paclitaxel in Treating Patients With Persistent, Recurrent, or Metastatic Head and Neck Cancer",Completed,Phase 2,,67,SWOG Cancer Research Network,NETWORK,Head and Neck Cancer,United States,,United States
NCT02170168,The Orkdal Model. Collaboration Between Specialist and Community Care Within Palliative Cancer Care,Completed,Unknown,,969,St. Olavs Hospital,OTHER,Neoplasms,Norway,,Norway
NCT02411968,Follow up After Cryoablation of Small Renal Masses.,Completed,Unknown,,9,Radboud University Medical Center,OTHER,"Carcinoma, Renal Cell",Netherlands,,Netherlands
NCT06708650,"Combination of SFRT, PD-L1 Inhibitor, and Anti-VEGF in Advanced Hepatocellular Carcinoma",Not Yet Recruiting,Unknown,2025-01-01,50,Guiping People's Hospital,OTHER,Hepatocellular Carcinoma; Radiotherapy; PD-1 Inhibitors,China,2025.0,China
NCT00422591,Standard Idarubicin and Cytarabine for the Treatment of Acute Myeloid Leukemia (AML),Completed,Phase 2,,175,M.D. Anderson Cancer Center,OTHER,Leukemia; Acute Myeloid Leukemia; AML,United States,,United States
NCT04143191,Sorafenib Plus TACE Versus Sorafenib Alone as Postoperative Adjuvant Treatment for Resectable Primary Advanced HCC,UNKNOWN,Phase 3,2019-09-15,158,Sun Yat-sen University,OTHER,Hepatocellular Carcinoma,China,2019.0,China
NCT07216274,Quantitative Transmission Imaging Compared With MRI as Supplemental Screening for High Lifetime Risk of Breast Cancer,Completed,Unknown,2025-07-31,26,Mayo Clinic,OTHER,Breast Carcinoma,United States,2025.0,United States
NCT04357574,Assessing the System for High-Intensity Evaluation During Radiotherapy During Changes in Response to COVID-19,ENROLLING_BY_INVITATION,Unknown,2020-04-14,1000,Duke University,OTHER,COVID-19; Cancer,United States,2020.0,United States
NCT02410174,To Evaluate Stereotactic Body Radiotherapy for Treatment of Primary Renal Cell Carcinoma Tumors,Terminated,Phase 1,,3,Beth Israel Medical Center,OTHER,Primary Tumor; Renal Cell Carcinoma,United States,,United States
NCT02225574,"An Open-Label, Phase I/II Study of Nilotinib (Tasigna) and MEK-162 (ARRY-162) Used in Combination for Patients With Refractory or Advanced Chronic Myeloid Leukemia and Philadelphia Positive Acute Leukemia (Protocol CAMN107AUS41T)",Terminated,Phase 1,2015-03-11,1,M.D. Anderson Cancer Center,OTHER,Leukemia,United States,2015.0,United States
NCT03411174,Hypofractionated PBI After BCS for Low-risk Breast Cancer Patients,Completed,Unknown,,220,Fudan University,OTHER,Breast Cancer,China,,China
NCT07482774,Tumor Microenvironment Changes After Neoadjuvant Chemo-Immunotherapy in Esophageal Squamous Cell Carcinoma,Not Yet Recruiting,Unknown,2026-06-01,12,Nanjing Medical University,OTHER,Esophageal Squamous Cell Carcinoma,Unknown,,Unknown
NCT04432818,Digital Life Coaching for Myeloma Patients Undergoing Transplantation,Completed,Unknown,2020-05-20,17,"University of California, San Francisco",OTHER,Multiple Myeloma,United States,2020.0,United States
NCT02863718,Ibrutinib in Previously Untreated Binet Stage A Chronic Lymphocytic Leukemia With Risk of Disease Progression,Completed,Phase 3,2014-04-30,515,German CLL Study Group,OTHER,Chronic Lymphocytic Leukemia,Germany,2014.0,Germany
NCT05422690,"The Purpose of This Research Study is to See if Combining Gemcitabine, Cisplatin and Durvalumab Chemotherapy Treatments With a Direct Tumor Therapy Yittrium-90 (Y-90) Will Work Better Together to Shrink Tumors and Control Cancer",Recruiting,Phase 2,2024-06-12,16,Inova Health Care Services,OTHER,Intrahepatic Cholangiocarcinoma,United States,2024.0,United States
NCT05074290,Pharmacokinetics and Safety of Epidiferphane and Taxanes in Breast Cancer Patients,Recruiting,Phase 1,2023-03-30,74,University of Florida,OTHER,Breast Cancer,United States,2023.0,United States
NCT00004915,Raloxifene in Treating Patients With Persistent or Recurrent Endometrial Cancer,Completed,Phase 2,,61,Northwestern University,OTHER,Endometrial Cancer,United States,,United States
NCT04776915,Congenital Uterine Anomalies & Pregnancy in Polycystic Ovarian Syndrome,UNKNOWN,Unknown,2020-10-14,100,Uludag University,OTHER,"Mullerian Anomaly of Uterus, Nec",Turkey (Türkiye),2020.0,Turkey (Türkiye)
NCT05277935,Wearable Enhanced Fitness Tracking for Metastatic Breast Cancer Patients Using Endocrine Treatment and Palbociclib,Recruiting,Unknown,2022-04-22,68,Beneficência Portuguesa de São Paulo,OTHER,Breast Neoplasm Female; Quality of Life,Brazil,2022.0,Brazil
NCT03346135,Daratumumab After Stem Cell Transplant in Treating Patients With Multiple Myeloma,"Active, Not Recruiting",Phase 2,2019-07-17,31,City of Hope Medical Center,OTHER,Plasma Cell Myeloma; Secondary Amyloidosis,United States,2019.0,United States
NCT04177108,A Study of Ipatasertib in Combination With Atezolizumab and Paclitaxel as a Treatment for Participants With Locally Advanced or Metastatic Triple-Negative Breast Cancer,Completed,Phase 3,2019-11-25,242,Hoffmann-La Roche,INDUSTRY,Triple-Negative Breast Cancer,Costa Rica; Denmark; New Zealand; Canada; Singapore; South Africa; Belgium; Greece; Ukraine; Italy; Spain; Turkey (Türkiye); United Kingdom; Romania; South Korea; Australia; Mexico; Austria; Russia; Japan; Bulgaria; Argentina; Peru; Switzerland; Israel; Colombia; France; Brazil; Thailand; United States; Poland; Czechia; Finland; Taiwan; Hong Kong; Portugal; India,2019.0,Costa Rica
NCT05701176,A Clinical Imaging Study of the Changes in [18F]F-AraG Uptake Following Anti-PD-1 Therapy in Non-small Cell Lung Cancer,Recruiting,Unknown,2022-11-03,15,"Amsterdam UMC, location VUmc",OTHER,Advanced Stage Non-small Cell Lung Cancer,Netherlands,2022.0,Netherlands
NCT04178317,A Study of the Safety and Efficacy of Venetoclax for Participants With Chronic Lymphocytic Leukemia (CLL) Used in Routine Clinical Practice,Completed,Unknown,2020-04-02,14,AbbVie,INDUSTRY,"Cancer, Chronic Lymphocytic Leukemia (CLL)",South Korea,2020.0,South Korea
NCT06029140,Stereotactic Radiotherapy Management of Brain Metastases: the Value of a Longitudinal Multimodal Approach (POSTPONE),UNKNOWN,Unknown,2023-08-01,700,"University Hospital, Brest",OTHER,"Brain Metastases, Adult",France,2023.0,France
NCT05147168,Quality of Life of Pancreatic Cancer Patients:Psychometric Validation of Chinese Version in Taiwan,UNKNOWN,Unknown,2021-11-22,300,"Taipei Veterans General Hospital, Taiwan",OTHER_GOV,Pancreatic Cancer,Taiwan,2021.0,Taiwan
NCT04705168,Study of the Nevisense Device to Assess Atypical Skin Lesions,Completed,Unknown,2021-01-08,40,Memorial Sloan Kettering Cancer Center,OTHER,Nevus; Multiple Nevi; Large Acquired Nevi,United States,2021.0,United States
NCT04529850,Ph 2 Open Label Study of GC4419 to Reduce SOM Associated With Chemoradiotherapy for Head and Neck Cancer,Completed,Phase 2,2020-06-30,38,"Galera Therapeutics, Inc.",INDUSTRY,Head and Neck Cancer; Oral Mucositis,Poland; Germany; Czechia; Belgium; Switzerland; Spain,2020.0,Poland
NCT05663450,Extended Resection After Positive Intraoperative Pathology in Gastric Cancer Surgery,Completed,Unknown,1996-05-01,679,University Hospital of Cologne,OTHER,Gastric Cancer,Unknown,1996.0,Unknown
NCT04863950,Investigator-Initiated Study of Imipramine Hydrochloride and Lomustine in Recurrent Glioblastoma,Recruiting,Phase 2,2022-05-25,25,The University of Texas Health Science Center at San Antonio,OTHER,Glioblastoma,United States,2022.0,United States
NCT01899391,Periperal Blood Lymphocytes During Prostate RT,Withdrawn,Unknown,,0,"University Health Network, Toronto",OTHER,Prostate Cancer,Unknown,,Unknown
NCT05444491,Application of Polygenic Methylation Markers in Postoperative Recurrence Monitoring of Colorectal Cancer,"Active, Not Recruiting",Unknown,2022-06-20,800,Singlera Genomics Inc.,INDUSTRY,Colorectal Cancer,China,2022.0,China
NCT06930118,"The Aim of This Study is to Assess the Efficacy and Safety of Chidamide, Regorafenib in Combination With Iparomlimab and Tuvonralimab for the Treatment of Advanced Colorectal Cancer in Third-line Therapy and Subsequent Lines.",Recruiting,Phase 2,2025-04-10,60,Shanghai Changzheng Hospital,OTHER,Advanced Colorectal Cancer in the Third-line Treatment and Beyond; pMMR/MSS Advanced Colorectal Cancer,China,2025.0,China
NCT00431210,Epstein-Barr Virus-Specific Immunotherapy for Nasopharyngeal Carcinoma,Completed,Phase 1,,28,Dana-Farber Cancer Institute,OTHER,Nasopharyngeal Carcinoma,United States,,United States
NCT07351110,Improving Cervical Cancer Prevention Among Women Living With Chronic Conditions.,Not Yet Recruiting,Unknown,2026-03-15,20,University of Florida,OTHER,Diabetes; Cervical Cancer (Early Detection); Obesity & Overweight,United States,,United States
NCT01373710,Intrathecal Trastuzumab Administration in Metastatic Breast Cancer Patients Developing Carcinomatous Meningitis,Completed,Phase 1,2011-05-19,34,Institut Curie,OTHER,Metastatic Breast Cancer; Carcinomatous Meningitis,France,2011.0,France
NCT04225910,Clinical Trial of Ac225-PSMA Radioligand Therapy of Metastatic Castration-resistant Prostate Cancer,UNKNOWN,Phase 1 (Early),2020-01-01,20,"Xinhua Hospital, Shanghai Jiao Tong University School of Medicine",OTHER,Metastatic Castration-resistant Prostate Cancer,Unknown,2020.0,Unknown
NCT04094610,"A Study of Repotrectinib in Pediatric and Young Adult Subjects Harboring ALK, ROS1, OR NTRK1-3 Alterations",Recruiting,Phase 1,2020-03-12,75,"Turning Point Therapeutics, Inc.",INDUSTRY,Locally Advanced Solid Tumors; Metastatic Solid Tumors; Lymphoma,France; Denmark; Canada; United States; Singapore; United Kingdom; Taiwan; South Korea; Australia; Italy; Spain,2020.0,France
NCT02383810,Dose Finding Study in Colorectal Cancer Patients Receiving 5-FU-based Chemotherapy to Assess the Efficacy of Elsiglutide in the Prevention of Chemotherapy Induced Diarrhea (CID),Completed,Phase 2,,498,Helsinn Healthcare SA,INDUSTRY,Drug and/or Toxin-induced Diarrhea,Bulgaria; Poland; Germany; Czechia; Belarus; Ukraine; Russia; Hungary,,Bulgaria
NCT05451810,A Study to Evaluate Adverse Events of Subcutaneous (SC) Epcoritamab Administered in the Outpatient Setting in Adult Participants With Relapsed or Refractory Diffuse Large B-Cell Lymphoma and Classic Follicular Lymphoma,"Active, Not Recruiting",Phase 2,2022-08-17,184,Genmab,INDUSTRY,Diffuse Large B-Cell Lymphoma; Classic Follicular Lymphoma,United States; Puerto Rico,2022.0,United States
NCT00039910,"Safety and Efficacy of (PN-152,243)/PN-196,444 in the Prevention of Thrombocytopenia",Completed,Phase 3,,240,Pfizer,INDUSTRY,Non-Hodgkin Lymphoma; Hodgkin Disease; Thrombocytopenia,France; United States; Australia; Poland; Greece; Singapore; Hong Kong; Russia,,France
NCT02980510,Comparison FOLFIRINOX Panitumumab vs mFOLFOX6 Panitumumab in RAS/B-RAF Wild-type Metastatic Colorectal Cancer Patients,"Active, Not Recruiting",Phase 2,,219,UNICANCER,OTHER,Metastatic Colorectal Cancer,France,,France
NCT04564313,Safety and Efficacy of Camrelizumab (Anti-PD-1 Antibody) in Recurrent HCC After Liver Transplantation,UNKNOWN,Phase 1,2020-09-21,20,"Third Affiliated Hospital, Sun Yat-Sen University",OTHER,Hepatocellular Carcinoma; Liver Transplantation,China,2020.0,China
NCT02627313,"Tumor Bed Dose Delivery Using A Breast Specific Radiosurgery Device, The Gammapod: (A Clinical Feasibility Study)",UNKNOWN,Unknown,,20,Ottawa Hospital Research Institute,OTHER,Breast Neoplasms,Unknown,,Unknown
NCT01540513,PET/CT Evaluation of Primary and Metastatic Brain Tumors With a Novel Radioiodinated Phospholipid Ether Analogue I-NM404,Completed,Unknown,,12,"University of Wisconsin, Madison",OTHER,Glioblastoma Multiforme; Brain Metastases,United States,,United States
NCT05925660,Mucorales PCR Screening in At-risk Hematology Patients,UNKNOWN,Unknown,2023-11-06,80,Universitaire Ziekenhuizen KU Leuven,OTHER,Mucormycosis,Belgium,2023.0,Belgium
NCT00256360,"Trial Exploring Feasibility of Densification and Optimal Sequencing of Postoperative Adjuvant Fluorouracil, Epirubicin Plus Cyclophosphamide (FEC) and Docetaxel Chemotherapy in Patients With High Risk Primary Operable Breast Cancer",Completed,Phase 2,,117,Universitaire Ziekenhuizen KU Leuven,OTHER,Breast Cancer,Belgium,,Belgium
NCT07303660,A Phase 1b Study of Lonitoclax + Azacitidine in Acute Myeloid Leukemia Patients,Not Yet Recruiting,Phase 1,2026-01-10,66,"Lomond Therapeutics Holdings, Inc.",INDUSTRY,Acute Myeloid Leukemia,Unknown,,Unknown
NCT04958720,Spanish Registry of Esophagogastric Cancer,Recruiting,Unknown,2020-04-27,10000,Fundación Sociedad Española de Oncologia Médica,OTHER,Esophageal Cancer; Gastric Cancer,Spain,2020.0,Spain
NCT01505920,Lidocaine Spray Compared With Submucosal Injection During LEEP: a Randomized Controlled Trial,Completed,Phase 3,,101,Chiang Mai University,OTHER,Uterine Cervical Dysplasia,Thailand,,Thailand
NCT03142282,Consolidative Radiotherapy Plus Maintenance Chemotherapy for Metastatic Colorectal Cancer,UNKNOWN,Phase 2,2019-01-01,200,"Union Hospital, Tongji Medical College, Huazhong University of Science and Technology",OTHER,Metastatic Colorectal Cancer; Radiotherapy,China,2019.0,China
NCT06679582,Luveltamab Tazevibulin (STRO-002) in Infants and Children < 12 Years of Age With Relapsed/Refractory CBFA2T3::GLIS2 AML,Terminated,Phase 1,2024-12-04,24,"Sutro Biopharma, Inc.",INDUSTRY,Acute Myeloid Leukemia (AML),France; Denmark; Netherlands; Canada; United States; Germany; Austria; Italy; Spain,2024.0,France
NCT00524524,An Exploratory Biomarker Study of ARQ 501 in Patients With Advanced Solid Tumors,Completed,Phase 1,,9,"ArQule, Inc., a subsidiary of Merck Sharp & Dohme LLC, a subsidiary of Merck & Co., Inc. (Rahway, NJ USA)",INDUSTRY,Advanced Solid Tumors,United States,,United States
NCT04041882,68Ga-DOTATATE PET/CT in Neuroendocrine Tumor,UNKNOWN,Phase 1 (Early),2014-04-01,100,Peking Union Medical College Hospital,OTHER,Neuroendocrine Tumors,China,2014.0,China
NCT06405113,FMT+SOX+Sintilimab As First-line Treatment for Advanced Gastric Cancer,Recruiting,Phase 2,2024-06-01,198,Changzhou No.2 People's Hospital,OTHER,Gastric Cancer,China,2024.0,China
NCT03087760,Trial of Consolidation Pembrolizumab After Concurrent Chemotherapy and Proton Reirradiation for Thoracic Recurrences of Non-Small Cell Lung Cancer,Completed,Phase 2,2017-11-29,32,Abramson Cancer Center at Penn Medicine,OTHER,Non-small Cell Lung Cancer,United States,2017.0,United States
NCT01669720,Adjuvant Aflibercept for Metastatic Colorectal Cancer,Terminated,Phase 2,,10,Brown University,OTHER,Metastatic Colorectal Cancer,United States,,United States
NCT03749720,HPV in Blood Samples From Cervical Cancer Patients.,Completed,Unknown,2018-06-15,141,University of Aarhus,OTHER,HPV-Related Carcinoma; HPV-Related Malignancy,Denmark,2018.0,Denmark
NCT01404520,"Patient Activation, Counseling and Exercise - Acute Leukemia (PACE-AL)",Completed,Unknown,,70,Universitetshospitalernes Center for Sygepleje,OTHER,Acute Leukemia,Denmark,,Denmark
NCT00008320,Ceramide Cream in Treating Women With Cutaneous Breast Cancer,Completed,Phase 2,,26,Alliance for Clinical Trials in Oncology,OTHER,Breast Cancer,United States,,United States
NCT05001282,A Study to Evaluate ELU001 in Patients With Solid Tumors That Overexpress Folate Receptor Alpha (FRα),Terminated,Phase 1,2021-09-13,79,Elucida Oncology,INDUSTRY,Ovarian Cancer; Ovarian Neoplasms; Ovarian Carcinoma,United States,2021.0,United States
NCT02177682,Study of Afuresertib Monotherapy in Japanese Relapsed Multiple Myeloma Patients,Terminated,Phase 1,2014-08-13,9,Novartis Pharmaceuticals,INDUSTRY,"Neoplasms, Haematologic",Japan,2014.0,Japan
NCT01146223,Biomarkers in Bone Marrow Samples From Patients With Acute Promyelocytic Leukemia,Completed,Unknown,,10,Children's Oncology Group,NETWORK,Adult Acute Myeloid Leukemia; Adult Acute Myeloid Leukemia With t(15;17)(q22;q12); Adult Acute Promyelocytic Leukemia (M3),United States,,United States
NCT01401959,Trial of Eribulin in Patients Who Do Not Achieve Pathologic Complete Response (pCR) Following Neoadjuvant Chemotherapy,Completed,Phase 2,2011-09-23,127,"SCRI Development Innovations, LLC",OTHER,Metastatic Breast Cancer,United States,2011.0,United States
NCT01324323,Influence of Rifampin on the Pharmacokinetics of Romidepsin in Patients With Advanced Cancer,Completed,Phase 1,2011-04-01,14,Celgene,INDUSTRY,Hematologic Malignancy; Malignant Lymphoma,United States; United Kingdom,2011.0,United States
NCT03695406,Mind Body Program for Fear of Recurrence,Completed,Unknown,2017-08-09,23,Beth Israel Deaconess Medical Center,OTHER,Cancer Survivors,United States,2017.0,United States
NCT00494806,Effects of Rocking on Postoperative Ileus Duration Study,Completed,Phase 1 (Early),,66,M.D. Anderson Cancer Center,OTHER,Abdominal Cancer,United States,,United States
NCT06663306,Intrathecal Injection Pemetrexed And Bevacizumab in Patients With Leptomeningeal Metastases in NSCLC,Recruiting,Phase 1,2024-12-09,19,Shanghai Chest Hospital,OTHER,Lung Cancer (NSCLC); Leptomeningeal Metastasis,China,2024.0,China
NCT00807404,Optical Coherence Tomography in Tissue Samples From Women Undergoing Mastectomy for the Treatment or Prevention of Breast Ductal Intraepithelial Neoplasia,Completed,Unknown,,50,City of Hope Medical Center,OTHER,Precancerous Condition,United States,,United States
NCT05413304,Abemaciclib Neuropharmacokinetics of Diffuse Midline Glioma Using Intratumoral Microdialysis,"Active, Not Recruiting",Phase 1,2023-04-07,1,National Cancer Institute (NCI),NIH,Glioma,United States,2023.0,United States
NCT03697304,Platform Trial Evaluating Safety and Efficacy of Ezabenlimab Anti- PD-1 Based Combination Therapies in PD-(L)1 naïve and PD- (L)1 Pretreated Patient Populations With Advanced/Metastatic Solid Tumours,Completed,Phase 2,2019-03-19,211,Boehringer Ingelheim,INDUSTRY,Neoplasm Metastasis; Advanced Tumors; Metastatic Solid Tumors,United States; United Kingdom; Canada,2019.0,United States
NCT03538704,Effect of Fertility-sparing Therapy of Early Endometrial Cancer,UNKNOWN,Unknown,2015-01-01,80,Peking University People's Hospital,OTHER,Endometrial Cancer; Fertility,China,2015.0,China
NCT05429684,Precise Therapy for Refractory HER2 Positive Advanced Breast Cancer,UNKNOWN,Phase 3,2021-01-01,120,First Affiliated Hospital Xi'an Jiaotong University,OTHER,HER2+ Breast Cancer,China,2021.0,China
NCT01112384,A Study of SB939 in Patients With Translocation-Associated Recurrent/Metastatic Sarcomas,Completed,Phase 2,2010-10-21,24,NCIC Clinical Trials Group,NETWORK,Metastatic Sarcoma,Canada,2010.0,Canada
NCT04309084,Natural Killer Cell (CYNK-001) Infusions in Adults With Multiple Myeloma,UNKNOWN,Phase 1,2020-05-12,29,Celularity Incorporated,INDUSTRY,"Multiple Myeloma; Neoplasm, Plasma Cell; Neoplasms by Histologic Type",United States,2020.0,United States
NCT00479752,Safety and Efficacy of Folfox4 + Weekly Cetuximab vs Folfox 4+Biweekly Cetuximab by Metastatic Colorectal Cancer,Completed,Phase 2,,151,Central European Cooperative Oncology Group,OTHER,Colorectal Cancer,Estonia; Croatia; Bulgaria; Latvia; Slovakia; Serbia; Romania; Bosnia and Herzegovina; Greece; Slovenia; Austria; Hungary; Israel,,Estonia
NCT00423449,Clinical Trial of MK0683 in Combination With FDA Approved Cancer Drugs in Patients With Advanced NSCLC (MK0683-058),Completed,Phase 1,,61,Merck Sharp & Dohme LLC,INDUSTRY,Non-Small Cell Lung Cancer,Unknown,,Unknown
NCT00652938,Evaluation of Immunogenicity and Safety of Human Papillomavirus (HPV) Vaccine Co-administered With Another Vaccine in Healthy Female Subjects,Completed,Phase 3,2008-04-09,744,GlaxoSmithKline,INDUSTRY,"Infections, Papillomavirus",Netherlands; Sweden,2008.0,Netherlands
NCT02377258,IBD Cancer and Serious Infection in Europe,Completed,Unknown,2016-03-04,13262,Groupe d'Etude Therapeutique des Affections Inflammatoires Digestives,OTHER,IBD,France,2016.0,France
NCT03184558,Bemcentinib (BGB324) in Combination With Pembrolizumab in Patients With TNBC,Terminated,Phase 2,2017-07-26,29,BerGenBio ASA,INDUSTRY,Triple Negative Breast Cancer; Inflammatory Breast Cancer Stage IV,United States; Norway; United Kingdom; Spain,2017.0,United States
NCT05488548,Dual BET and CBP/p300 Inhibitor in Patients With Targeted Advanced Solid Tumors and Hematological Malignancies,Recruiting,Phase 1,2022-12-21,75,"Epigenetix, Inc.",INDUSTRY,Castrate Resistant Prostate Cancer; NUT Carcinoma; Chronic Myelomonocytic Leukemia,United States,2022.0,United States
NCT00542048,A Trial Evaluating the Pharmacokinetics and Mode of Action of EndoTAG®-1 in Tumor Patients With Hepatic Metastases,Completed,Phase 2,,20,MediGene,INDUSTRY,Liver Cancer; Neoplasm Metastasis,Germany,,Germany
NCT05424055,Prevention of Functional and Cognitive Impairment in Hospitalized Oncogeriatric Patients,Completed,Unknown,2020-12-01,58,Fundacion Miguel Servet,OTHER,Cancer; Hospital Acquired Condition; Debility,Spain,2020.0,Spain
NCT06041555,MRI Guided Radiotherapy and Radiobiological Data: the ISRAR Database (Irm Sequences for Radiobiological Adaptative Radiotherapy),Recruiting,Unknown,2024-01-08,600,Hospices Civils de Lyon,OTHER,Prostate Cancer; Glioblastoma; Head and Neck Cancer,France,2024.0,France
NCT00862355,Bioequivalence Study of SPARC147609 in Patients With Ovarian Cancer,Completed,Phase 1,,24,Sun Pharma Advanced Research Company Limited,INDUSTRY,Ovarian Carcinoma,India,,India
NCT00109226,A Study to Evaluate Avastin in Combination With Chemotherapy in Patients With Metastatic Colorectal Cancer,Completed,Phase 2,,61,"Genentech, Inc.",INDUSTRY,Colorectal Cancer,Unknown,,Unknown
NCT06848426,Xingbai Ji Formula Combined with Chemotherapy and Sintilimab in Metastatic Multi-Target Mutation-Negative Non-Small Cell Lung Cancer: a Clinical Trial,Not Yet Recruiting,Unknown,2025-03-10,100,Jiangxi Provincial People's Hopital,OTHER,Non-Small Cell Lung Cancer; Non-small Cell Lung Cancer Recurrent; Non-small Cell Lung Cancer Stage IIIB,China,2025.0,China
NCT04833426,Impact of Peri-operative tEstosterone Levels on oNcological and Functional Outcomes in RadiCal prostatEctomy,Recruiting,Phase 3,2022-12-12,140,Canisius-Wilhelmina Hospital,OTHER,Prostatic Neoplasms; Hypogonadism; Testosterone Deficiency,Netherlands,2022.0,Netherlands
NCT04703426,Sargramostim (GM-CSF) + PD-1,Withdrawn,Phase 2,2021-04-16,0,Dana-Farber Cancer Institute,OTHER,Unresectable Melanoma; Metastatic Melanoma; Stage III Melanoma,Unknown,2021.0,Unknown
NCT01207726,Azacitidine and Entinostat in Treating Patients With Stage I Non-Small Cell Lung Cancer That Has Been Removed By Surgery,Terminated,Phase 2,,13,National Cancer Institute (NCI),NIH,Stage IA Non-Small Cell Lung Carcinoma; Stage IB Non-Small Cell Lung Carcinoma,United States,,United States
NCT00492778,Radiation Therapy With or Without Cisplatin in Treating Patients With Recurrent Endometrial Cancer,UNKNOWN,Phase 2,2008-02-25,165,GOG Foundation,NETWORK,"Endometrial Endometrioid Adenocarcinoma, Variant With Squamous Differentiation; Endometrial Mucinous Adenocarcinoma; Endometrial Squamous Cell Carcinoma",United States; Canada,2008.0,United States
NCT00933985,"Obatoclax Mesylate, Vincristine Sulfate, Doxorubicin Hydrochloride, and Dexrazoxane Hydrochloride in Treating Young Patients With Relapsed or Refractory Solid Tumors, Lymphoma, or Leukemia",Terminated,Phase 1,,22,National Cancer Institute (NCI),NIH,Acute Leukemias of Ambiguous Lineage; Acute Undifferentiated Leukemia; Angioimmunoblastic T-cell Lymphoma,United States; Canada,,United States
NCT03489343,Sym023 (Anti-TIM-3) in Patients With Advanced Solid Tumor Malignancies or Lymphomas,Completed,Phase 1,2018-05-24,24,Symphogen A/S,INDUSTRY,Metastatic Cancer; Solid Tumor; Lymphoma,United States; Canada,2018.0,United States
NCT05517343,Impact of Real-time Notification of Colonoscopic Optical Diagnosis on Patients' Anxiety and Depression After Polypectomy,UNKNOWN,Unknown,2022-08-20,500,Fu Jen Catholic University,OTHER,Colorectal Neoplasms; Colonic Polyp; Anxiety,Taiwan,2022.0,Taiwan
NCT07409415,"A Real-World Study on the Efficacy, Safety, and Quality of Life of Different Treatment Approaches for Post-Chemotherapy Neutropenia in Cancer Patients",Completed,Unknown,2024-02-15,3000,Huazhong University of Science and Technology,OTHER,Non-myeloid Malignant Tumors,China,2024.0,China
NCT06003335,Increasing Physical Activity Through Personalised Motivational Messaging to Improve Cognitive Function in Lung Cancer Survivors,UNKNOWN,Unknown,2024-03-01,120,The University of Hong Kong,OTHER,Neoplasms; Lung Cancer; Physical Inactivity,Hong Kong,2024.0,Hong Kong
NCT04665635,Rectosigmoid Resection vs Seromuscular Tumor Shaving in Ovarian Cancer Surgery,Recruiting,Unknown,2021-03-01,120,Cukurova University,OTHER,Epithelial Ovarian Cancer; Rectosigmoid Cancer Metastatic,Turkey (Türkiye),2021.0,Turkey (Türkiye)
NCT03344835,Hong Kong Prostate Cancer Study Group Database,Recruiting,Unknown,2016-01-01,15000,Chinese University of Hong Kong,OTHER,Prostate Cancer,Hong Kong,2016.0,Hong Kong
NCT05048108,"Remote Assessment of Cognition, Insulin Resistance and Omega-3 Fatty Acid Biomarkers in Breast Cancer Survivors",Completed,Unknown,2022-01-18,65,Ohio State University Comprehensive Cancer Center,OTHER,Breast Cancer; Obesity,United States,2022.0,United States
NCT00811876,"Retrospective, Non-interventional Study of Depo-Eligard®.",Completed,Unknown,,140,Astellas Pharma Inc,INDUSTRY,Prostate Cancer,Belgium,,Belgium
NCT02821676,PECI/SPB vs Intercostal Nerve Block for the Management of Postoperative Pain in Latissimus Dorsi Flap Reconstruction,UNKNOWN,Unknown,,42,Ottawa Hospital Research Institute,OTHER,Breast Cancer,Unknown,,Unknown
NCT02227576,Prevention of Thrombocytopenia in Glioblastoma Patients,Terminated,Phase 2,2014-07-10,20,"University Hospital, Lille",OTHER,Thrombocytopenia; Glioblastoma,France,2014.0,France
NCT04649476,Neoadjuvant PD-1 Blockade in Resectable Oral Squamous Cell Carcinoma,Completed,Phase 2,2021-03-22,68,"Hospital of Stomatology, Wuhan University",OTHER,Oral Squamous Cell Carcinoma,China,2021.0,China
NCT00003917,Topotecan in Treating Patients With Relapsed Small Cell Lung Cancer,Completed,Phase 3,,4,Case Comprehensive Cancer Center,OTHER,Lung Cancer,United States,,United States
NCT00152217,Adjuvant Chemotherapy Trial of TS-1 for Gastric Cancer (ACTS-GC),Completed,Phase 3,,1000,"Taiho Pharmaceutical Co., Ltd.",INDUSTRY,Gastric Cancer,Japan,,Japan
NCT01337089,Long Term Safety of Sativex Oromucosal Spray (Sativex®; Nabiximols) as Adjunctive Therapy in Patients With Uncontrolled Persistent Chronic Cancer Related Pain,Completed,Phase 3,2011-01-19,660,Jazz Pharmaceuticals,INDUSTRY,Pain; Advanced Cancer,Bulgaria; Latvia; United States; Lithuania; Poland; Puerto Rico; Germany; Czechia; United Kingdom; Spain; Belgium; Romania; Australia; Taiwan; Mexico; Italy; Hungary; Israel,2011.0,Bulgaria
NCT05569668,Neoadjuvant Chemotherapy Compared With Surgery for Esophageal Carcinoma,Completed,Unknown,2021-01-01,826,Henan Cancer Hospital,OTHER_GOV,Esophagus Cancer,China,2021.0,China
NCT00072150,Phase II Trial Of PS-341 (Bortezomib) In Patients With Previously Treated Advanced Urothelial Tract Transitional Cell Carcinoma,Completed,Phase 2,,40,National Cancer Institute (NCI),NIH,Metastatic Transitional Cell Cancer of the Renal Pelvis and Ureter; Recurrent Bladder Cancer; Recurrent Transitional Cell Cancer of the Renal Pelvis and Ureter,United States,,United States
NCT01724450,Carvedilol Effect in Preventing Chemotherapy - Induced Cardiotoxicity,Completed,Phase 3,,200,University of Sao Paulo,OTHER,Breast Cancer; Heart Failure; Cardiotoxicity,Brazil,,Brazil
NCT00360750,Chemotherapy With or Without Radiation Therapy or Observation in Treating Young Patients With Advanced Retinoblastoma Who Have Undergone Surgery to Remove the Eye,UNKNOWN,Unknown,,61,Children's Cancer and Leukaemia Group,OTHER,Retinoblastoma,United Kingdom,,United Kingdom
NCT01937650,Radiotherapy + Metronidazole vs Radiotherapy Alone In Improving Treatment Outcomes in Advanced Cervical Cancer in Uganda,Completed,Phase 2,,38,Makerere University,OTHER,Cervix Carcinoma,Unknown,,Unknown
NCT06440850,Vemurafenib and Cobimetinib for the Treatment of Patients With High Risk Differentiated Thyroid Carcinoma With BRAFV600E Mutation,Recruiting,Phase 2,2024-07-15,21,City of Hope Medical Center,OTHER,Thyroid Gland Follicular Carcinoma; Thyroid Gland Oncocytic Carcinoma; Thyroid Gland Papillary Carcinoma,United States,2024.0,United States
NCT02828150,Integrative Parenteral Nutrition in Cancer Patients,Completed,Unknown,,131,Fondazione IRCCS Policlinico San Matteo di Pavia,OTHER,Neoplasms; Parenteral Nutrition,Italy,,Italy
NCT05733650,Expanded Access Program for Epcoritamab,APPROVED_FOR_MARKETING,Unknown,,61,Genmab,INDUSTRY,"Large B-cell Lymphoma; Diffuse Large B-Cell Lymphoma, Not Otherwise Specified; Primary Mediastinal Large B-cell Lymphoma (PMBCL)",Unknown,,Unknown
NCT00075491,Neoadjuvant and Adjuvant Fenretinide Compared With Adjuvant Fenretinide Alone in Treating Patients Who Are Undergoing Surgical Resection For Recurrent Glioblastoma Multiforme,Terminated,Phase 2,,42,National Cancer Institute (NCI),NIH,Adult Giant Cell Glioblastoma; Adult Glioblastoma; Adult Gliosarcoma,United States,,United States
NCT05982691,Development of Asian Consortium for Data Collection and Clinical Trial of CNS Tumors,Recruiting,Unknown,2022-08-05,400,"National Cancer Center, Korea",OTHER_GOV,CNS Germinoma; CNS Tumor; Asian Consortium,South Korea,2022.0,South Korea
NCT00396591,AVE0005 (VEGF Trap) in Patients With Recurrent Symptomatic Malignant Ascites,Completed,Phase 2,,16,Sanofi,INDUSTRY,Ovarian Neoplasms,United States; Italy; Sweden,,United States
NCT01671774,Safety and Activity of IMAB362 in Combination With Zoledronic Acid and Interleukin-2 in CLDN18.2-positive Gastric Cancer,Completed,Phase 1,2012-10-16,29,"Astellas Pharma Global Development, Inc.",INDUSTRY,CLDN18.2-positive Gastric Adenocarcinoma; CLDN18.2-positive Adenocarcinoma of the Gastroesophageal Junction; CLDN18.2-positive Adenocarcinoma of Esophagus,Latvia; Germany,2012.0,Latvia
NCT01065818,Early Prediction of Pathology Response of Chemoradiotherapy With FLT PET,Terminated,Unknown,,6,Columbia University,OTHER,Esophageal Cancer; Non-small Cell Lung Cancer,United States,,United States
NCT03574818,Necitumumab in the Neoadjuvant Setting With Gemcitabine in Surgically Resectable - 14X-US-I001,Terminated,Phase 2,2018-05-29,1,Montefiore Medical Center,OTHER,Squamous Cell Lung Cancer,United States,2018.0,United States
NCT04025190,Assessing the Feasibility of Screening and Treating Anxiety and Depression in the Bone Marrow Transplant Population,Completed,Unknown,2018-02-22,20,UNC Lineberger Comprehensive Cancer Center,OTHER,Anxiety; Depression,United States,2018.0,United States
NCT05050890,Prognostic Value of Circulating Tumor DNA Dosing in Patients in Neoadjuvant Breast Neoplasia,UNKNOWN,Unknown,2020-08-05,38,Instituto Brasileiro de Controle do Cancer,OTHER,Breast Neoplasm,Brazil,2020.0,Brazil
NCT01048047,Effects of Aliskiren/Amlodipine Versus Amlodipine Monotherapy on Ankle-foot Volume in Hypertensive Patients,UNKNOWN,Phase 4,,88,University of Pavia,OTHER,Hypertension,Italy,,Italy
NCT00286247,Study to Determine the Efficacy and Safety of Docetaxel and Doxorubicin With INGN 201 in Locally Advanced Breast Cancer,Completed,Phase 2,,60,Introgen Therapeutics,INDUSTRY,Locally Advanced Breast Cancer (LABC),United States,,United States
NCT07098247,Exploring Photon-Counting CT for Enhanced Target Delineation and Dose Accuracy in Personalized Radiotherapy - ANTHEM,Recruiting,Unknown,2025-04-04,500,Istituto Clinico Humanitas,OTHER,Cancer,Italy,2025.0,Italy
NCT00946647,"A Phase Ib/IIb, Open-label, Multi-center, Study of Oral Panobinostat Administered With 5-Azacitidine (in Adult Patients With Myelodysplastic Syndromes (MDS), Chronic Myelomonocytic Leukemia (CMML), or Acute Myeloid Leukemia (AML).",Completed,Phase 1,2009-12-02,113,Novartis Pharmaceuticals,INDUSTRY,Myelodysplastic Syndromes; Chronic Myelomonocytic Leukemia; Acute Myeloid Leukemia,France; Canada; Thailand; United States; Germany; United Kingdom; Belgium; South Korea; Sweden; Switzerland; Austria; Italy; Hungary; Spain,2009.0,France
NCT01195649,"Advanced Renal Cell Carcinoma, With Failure or Unsuitable on Prior Interferon-alpha or Interleukin-2 Based Therapy",Terminated,Unknown,2010-12-13,11,Bayer,INDUSTRY,"Carcinoma, Renal Cell",Unknown,2010.0,Unknown
NCT06651658,Oxford Pleural Embolisation Trial,Recruiting,Unknown,2024-11-24,106,Oxford University Hospitals NHS Trust,OTHER,Lung Cancer; Lung Metastases,United Kingdom,2024.0,United Kingdom
NCT00911248,PTC299 for Treatment of Neurofibromatosis Type 2,Terminated,Phase 2,2009-07-31,11,PTC Therapeutics,INDUSTRY,Neurofibromatosis 2,United States,2009.0,United States
NCT01313455,Adrenal Hyperplasia Among Young People With PCOS,Completed,Unknown,2011-03-10,96,Eunice Kennedy Shriver National Institute of Child Health and Human Development (NICHD),NIH,Adrenal Hyperplasia; Polycystic Ovarian Syndrome; Oligomenorrhea,United States,2011.0,United States
NCT05278078,"Slimming Myokines, Cancers,Nutritional and Psychology Support",UNKNOWN,Unknown,2022-08-01,240,Ordu University,OTHER,Cancer,Unknown,2022.0,Unknown
NCT02295085,Fernald Community Cohort -18 Year Observational Study,UNKNOWN,Unknown,,9782,University of Cincinnati,OTHER,Cancer; Renal Failure; Diabetes,United States,,United States
NCT05779943,Comparison of 18F-rhPSMA-7.3 PET/CT With and Without Furosemide in Biochemical Recurrence of Prostate Cancer,"Active, Not Recruiting",Phase 2,2023-04-27,20,Emory University,OTHER,Prostate Adenocarcinoma; Recurrent Prostate Carcinoma,United States,2023.0,United States
NCT03275285,"Multinational Clinical Study Comparing Isatuximab, Carfilzomib And Dexamethasone To Carfilzomib And Dexamethasone In Relapse And/Or Refractory Multiple Myeloma Patients",Completed,Phase 3,2017-10-25,302,Sanofi,INDUSTRY,Plasma Cell Myeloma,France; Japan; New Zealand; Brazil; Canada; United States; Turkey (Türkiye); Greece; Czechia; United Kingdom; South Korea; Australia; Russia; Italy; Hungary; Spain,2017.0,France
NCT00889343,Study to Evaluate the Effects of Sorafenib if Combined With Chemotherapy (FOLFOX6 or FOLFIRI) in the Second-Line Treatment of Colorectal Cancer,Terminated,Phase 2,,101,AIO-Studien-gGmbH,OTHER,Colorectal Neoplasms,Germany,,Germany
NCT06725043,Ultrasound Acupuncture for Oxaliplatin-induced Peripheral Neuropathy in Colorectal Cancer Patients,Completed,Unknown,2023-07-01,60,Cairo University,OTHER,Colorectal Cancer Patients and Their Partners; Oxaliplatin-induced Peripheral Neuropathy,Egypt,2023.0,Egypt
NCT07023315,A Phase III Clinical Study of Cadonilimab Plus SOX as Perioperative Treatment for Patients With Resectable G/GEJ Adenocarcinoma,Recruiting,Phase 3,2025-08-14,760,Akeso,INDUSTRY,Gastric and Gastroesophageal Junction (GEJ) Adenocarcinoma,China,2025.0,China
NCT04751435,Developing New Educational Materials About Genetic Testing for a Diverse Group of Cancer Patients,Recruiting,Unknown,2021-11-16,445,Memorial Sloan Kettering Cancer Center,OTHER,Educational Materials for Genetic Testing; Breast Cancer; Ovarian Cancer,United States,2021.0,United States
NCT06667908,A Study of JNJ-90301900 in Combination With Chemoradiation Followed by Consolidation Immunotherapy for Non-Small Cell Lung Cancer (NSCLC),Recruiting,Phase 2,2024-12-06,130,Johnson & Johnson Enterprise Innovation Inc.,INDUSTRY,"Carcinoma, Non-Small-Cell Lung",France; Brazil; United States; Turkey (Türkiye); Hong Kong; United Kingdom; China; Australia; Netherlands; Spain,2024.0,France
NCT03250325,Study of TBI-1301 (NY-ESO-1 T Cell Receptor Gene Transduced Autologous T Lymphocytes) in Patients with Synovial Sarcoma,Completed,Phase 1,2017-09-20,8,Takara Bio Inc.,INDUSTRY,Synovial Sarcoma,Japan,2017.0,Japan
NCT01828476,Navitoclax and Abiraterone Acetate With or Without Hydroxychloroquine in Treating Patients With Progressive Metastatic Castrate Refractory Prostate Cancer,Terminated,Phase 2,,13,"Rutgers, The State University of New Jersey",OTHER,Prostate Cancer,United States,,United States
NCT00002476,Radiation Therapy With or Without Chemotherapy in Treating Patients With Advanced Head and Neck Cancer,Completed,Phase 3,,61,Cancer Research UK,OTHER,Head and Neck Cancer,United Kingdom; India,,United Kingdom
NCT04165317,A Study of Sasanlimab in People With Non-muscle Invasive Bladder Cancer,"Active, Not Recruiting",Phase 3,2019-12-30,1068,Pfizer,INDUSTRY,Non-muscle Invasive Bladder Cancer,France; Japan; Canada; United States; Poland; Germany; United Kingdom; China; Belgium; South Korea; Australia; Russia; Italy; Spain,2019.0,France
NCT00969917,Study Evaluating the Efficacy and Safety of IPI 504 in Patients With Advanced Dedifferentiated Liposarcoma,Withdrawn,Phase 2,,0,"Infinity Pharmaceuticals, Inc.",INDUSTRY,Dedifferentiated Liposarcoma,United States,,United States
NCT03905317,Bevacizumab and Radiotherapy for Oligometastasis of Lung Adenocarcinoma With Negative Driver Gene,UNKNOWN,Phase 2,2019-03-01,66,Sun Yat-sen University,OTHER,Lung Adenocarcinoma,China,2019.0,China
NCT00926640,A Phase I Study of Belinostat in Combination With Cisplatin and Etoposide in Adults With Small Cell Lung Carcinoma and Other Advanced Cancers,Completed,Phase 1,2009-07-01,28,National Cancer Institute (NCI),NIH,Carcinoma Neuroendocrine; Small Cell Lung Carcinoma; Malignant Epithelial Neoplasms,United States,2009.0,United States
NCT04778540,Online Survey of Nutrition Status in Chinese Non-hospitalized Cancer Patients,Completed,Unknown,2021-03-10,6685,Peking Union Medical College Hospital,OTHER,Survey; Nutrition Status; Cancer Patient,China,2021.0,China
NCT00638040,The Gene Expression Studies of the Role of Tumor Microenvironments in Tumor Progression,Withdrawn,Unknown,,0,Duke University,OTHER,Hypoxia; Lactic Acidosis,United States,,United States
NCT05065268,Visual Rehabilitation in Children With Homonymous Hemianopia: a Pilot Study on Virtual-reality Stimulation,Completed,Unknown,2022-03-01,10,The Hospital for Sick Children,OTHER,"Hemianopia; Brain Tumor; Children, Only",Canada,2022.0,Canada
NCT00749450,Combination Chemotherapy After Surgery in Treating Patients With High-Risk Stage II or Stage III Colorectal Cancer,Completed,Phase 3,,6088,"Cancer Research UK, Glasgow",OTHER,Colorectal Cancer,United Kingdom,,United Kingdom
NCT06493591,"Atrial Fibrillation Ablation and Autonomic Modulation Via Thoracoscopic Surgery, 10 Year Follow up.",Not Yet Recruiting,Unknown,2024-09-01,200,Amsterdam UMC,OTHER,Atrial Fibrillation,Unknown,2024.0,Unknown
NCT06459791,Efficacy of Personalized Tumorogram-based Therapy in Cancer Established From Patient-derived Organoid (AVATAR),Recruiting,Unknown,2024-12-06,110,Institut Curie,OTHER,Metastatic Breast Cancer,France,2024.0,France
NCT02273791,HRT Versus MOS for Endometrial Preparation Prior to FET in PCOS Patients,Completed,Unknown,,126,Mansoura University,OTHER,Infertility; Polycystic Ovarian Syndrome,Egypt,,Egypt
NCT05318391,Translational Study of Molecular Classification of Relapsed/Refractory Diffuse Large B-cell Lymphoma,Completed,Unknown,2021-04-14,324,Shanghai Zhongshan Hospital,OTHER,"Lymphoma, Large B-Cell, Diffuse; Gene Expression Profiling",China,2021.0,China
NCT06353191,Biomarkers to Predict Cancer Therapy-related Cardiotoxicity,Recruiting,Unknown,2019-05-03,1000,Mayo Clinic,OTHER,Hematopoietic and Lymphatic System Neoplasm; Malignant Solid Neoplasm,United States,2019.0,United States
NCT00499291,Paclitaxel Albumin-Stabilized Nanoparticle Formulation in Treating Patients With Advanced or Refractory Solid Tumors,Withdrawn,Unknown,,0,Eastern Cooperative Oncology Group,NETWORK,Cancer,Unknown,,Unknown
NCT06636591,Pilot Study of Neoadjuvant Chemotherapy Combined With Immunotherapy and Multimodal Thermal Therapy for HER2-negative Breast Cancer,Recruiting,Unknown,2024-11-18,14,Fudan University,OTHER,Breast Cancer Female; HER2-negative Breast Cancer,China,2024.0,China
NCT02996474,Pembrolizumab and Decitabine for Refractory or Relapsed Acute Myeloid Leukemia,Completed,Phase 1,2016-12-16,10,"National Heart, Lung, and Blood Institute (NHLBI)",NIH,Relapsed Acute Myeloid Leukemia,United States,2016.0,United States
NCT02451774,Pentoxifylline In Pediatric Acute Lymphoblastic Leukemia During Induction,UNKNOWN,Phase 2,,44,"Ramón Óscar González-Ramella, Ph.D",OTHER,Acute Lymphoblastic Leukemia,Mexico,,Mexico
NCT00280618,Oxaliplatin in Unresectable Hepatocellular Carcinoma,Completed,Phase 2,,61,Sanofi,INDUSTRY,"Carcinoma, Hepatocellular",Unknown,,Unknown
NCT01968018,A Study of Safety and Effectiveness of Ultracet in Patients With Chronic Cancer Pain,Completed,Phase 4,,35,"Janssen-Cilag Ltd.,Thailand",INDUSTRY,Cancer,Thailand,,Thailand
NCT07016490,A Phase 1 Study of SSGJ-709 in Patients With Advanced Malignant Tumors,Recruiting,Phase 1,2025-06-12,15,"Shenyang Sunshine Pharmaceutical Co., LTD.",INDUSTRY,Advanced Malignant Tumors,Australia,2025.0,Australia
NCT00322790,Differences in Trends Malignant Germ Cell Tumors in Males and Females: A SEER Population-based Study,Withdrawn,Unknown,,0,New Mexico Cancer Research Alliance,OTHER,Cancer,United States,,United States
NCT04710797,Lymphadenectomy in Early Ovarian Cancer,Recruiting,Unknown,2021-01-31,656,Sun Yat-sen University,OTHER,Ovarian Cancer; Lymphadenectomy,China,2021.0,China
NCT03869697,Study With SCB-313 (Recombinant Human TRAIL-Trimer Fusion Protein) for Treatment of Malignant Pleural Effusions,Completed,Phase 1,2019-11-20,5,Clover Biopharmaceuticals AUS Pty,INDUSTRY,Malignant Pleural Effusions,Australia,2019.0,Australia
NCT01948297,Debio 1347-101 Phase I Trial in Advanced Solid Tumours With Fibroblast Growth Factor Receptor (FGFR) Alterations,Terminated,Phase 1,,77,Debiopharm International SA,INDUSTRY,Solid Tumours,United States; Singapore; Taiwan; South Korea; Spain,,United States
NCT00932997,Survivorship Booklets With or Without Individual Telephone Sessions in Increasing Knowledge About the Impact of Breast Cancer in African American and Latina Breast Cancer Survivors,Completed,Unknown,,300,City of Hope Medical Center,OTHER,Breast Cancer; Cancer Survivor; Psychosocial Effects of Cancer and Its Treatment,United States,,United States
NCT04082910,Metoprolol Treatment for Cytokine Release Syndrome in Patients Treated With Chimeric Antigen Receptor T Cells,UNKNOWN,Phase 1,2019-09-15,30,Chinese PLA General Hospital,OTHER,Solid Tumor; Hematological Malignancy,China,2019.0,China
NCT04336397,Stool DNA to Improve Colorectal Cancer Screening Among Alaska Native People,Completed,Unknown,2021-04-29,2029,Alaska Native Tribal Health Consortium,OTHER,Colorectal Cancer,United States,2021.0,United States
NCT00123474,Chronic Myelogenous Leukemia (CML) - Follow on: Study of BMS-354825 in Subjects With CML,Completed,Phase 3,,724,Bristol-Myers Squibb,INDUSTRY,"Myeloid Leukemia, Chronic, Chronic-Phase",Denmark; Canada; Singapore; South Africa; Belgium; Italy; Spain; United Kingdom; South Korea; Australia; Mexico; Austria; Netherlands; Russia; Argentina; Peru; Germany; Switzerland; Sweden; Ireland; Hungary; Israel; France; Brazil; United States; Norway; Poland; Czechia; Finland; Philippines; Taiwan,,Denmark
NCT05290090,ZR2 Followed by Immunochemotherapy in Elderly Patients With Newly-diagnosed DLBCL,UNKNOWN,Phase 2,2021-10-01,31,Zhejiang Cancer Hospital,OTHER,Diffuse Large B Cell Lymphoma,China,2021.0,China
NCT04659590,Exploratory Study of Rectal Mucus for Diagnosing Disease,Completed,Unknown,2019-11-06,800,Origin Sciences,INDUSTRY,Bowel Cancer; Bowel Disease; Genomic,United Kingdom,2019.0,United Kingdom
NCT00080613,Neoadjuvant and Adjuvant Exemestane in Treating Postmenopausal Women With Locally Advanced Hormone Receptor-Positive Breast Cancer,Withdrawn,Phase 2,,61,Robert H. Lurie Cancer Center,OTHER,Stage II Breast Cancer; Stage IIIA Breast Cancer; Stage IIIB Breast Cancer,United States,,United States
NCT05645510,LIVInG With chrONic Cancer TrEatments (LONGEVITI) Study,Recruiting,Unknown,2022-11-24,75,University of Alberta,OTHER,Cancer; Tyrosine Kinase Mutation; Breast Cancer,Canada,2022.0,Canada
NCT01810913,"Testing Docetaxel-Cetuximab or the Addition of an Immunotherapy Drug, Atezolizumab, to the Usual Chemotherapy and Radiation Therapy in High-Risk Head and Neck Cancer",Recruiting,Phase 2,2013-03-22,613,National Cancer Institute (NCI),NIH,Oropharyngeal p16INK4a-Negative Squamous Cell Carcinoma; Stage III Hypopharyngeal Squamous Cell Carcinoma AJCC v7; Stage III Laryngeal Squamous Cell Carcinoma AJCC v6 and v7,United States; Hong Kong; Canada,2013.0,United States
NCT02465060,"Targeted Therapy Directed by Genetic Testing in Treating Patients With Advanced Refractory Solid Tumors, Lymphomas, or Multiple Myeloma (The MATCH Screening Trial)","Active, Not Recruiting",Phase 2,2015-08-17,6452,National Cancer Institute (NCI),NIH,Advanced Lymphoma; Advanced Malignant Solid Neoplasm; Bladder Carcinoma,United States; Guam; Puerto Rico,2015.0,United States
NCT00876382,Community Oncology Setting Disease Outcomes of Sorafenib (Nexavar) Use in Advanced Renal Cell Carcinoma,Completed,Unknown,,47,"SCRI Development Innovations, LLC",OTHER,Renal Cell Carcinoma,United States,,United States
NCT03820024,MOtiVating Endometrial Cancer Survivors With Activity Monitors and Tailored Feedback,Completed,Unknown,2018-09-28,39,UNC Lineberger Comprehensive Cancer Center,OTHER,Endometrial Cancer,United States,2018.0,United States
NCT07335224,Men With Prostate Cancer: Optimizing Wellness by Enhanced Relief From Hot Flashes With Acupuncture,Recruiting,Unknown,2026-01-08,24,Inova Health Care Services,OTHER,Hot Flashes; Acupuncture Therapy; Vasomotor Symptoms,United States,,United States
NCT07467824,Impact of Prehabilitation and Comprehensive Follow-up in Women With Breast Cancer,Recruiting,Unknown,,66,European University Miguel de Cervantes,OTHER,Breast Cancer; Breast Neoplasms,Spain,,Spain
NCT03366324,Anti-CD19 CAR-T Therapy Combine With HSCT to Treat MRD+ B-cell Malignancies,UNKNOWN,Phase 1,2016-05-01,20,"Wuhan Sian Medical Technology Co., Ltd",INDUSTRY,Acute Lymphoblastic Leukemia; B Cell Lymphoma,China,2016.0,China
NCT05268224,"A Tear-based, Lab-developed Test for Breast Cancer for Women With Dense Breast Tissue",UNKNOWN,Unknown,2021-10-01,1500,Namida Lab,INDUSTRY,Breast Cancer Screening,United States,2021.0,United States
NCT03659123,Prehabilitation & Rehabilitation in Oncogeriatrics: Adaptation to Deconditioning Risk and Accompaniment of Patients' With Cancer,Completed,Unknown,2018-07-03,148,Hospices Civils de Lyon,OTHER,Old Injury,France,2018.0,France
NCT07197723,Study of How People Make Decisions About Prostate Cancer Risk,Recruiting,Unknown,2025-09-25,150,Memorial Sloan Kettering Cancer Center,OTHER,BRCA1/2; Geneitic Testing,United States,2025.0,United States
NCT01624623,Daily Target Guided Radiation Therapy Using the Calypso 4D Localization System in Patients Who Have Had a Prostatectomy for Prostate Cancer,UNKNOWN,Unknown,,20,U.S. Army Medical Research Acquisition Activity,FED,Prostate Cancer,United States,,United States
NCT05535023,Phase 2 Study of Neoadjuvant SAR444245 Plus Cemiplimab in HPV Related Oropharynx Squamous Cell Carcinoma,Withdrawn,Phase 2,2022-08-24,0,M.D. Anderson Cancer Center,OTHER,Squamous Cell Carcinoma; Oropharynx Cancer; Head and Neck Cancer,United States,2022.0,United States
NCT04671459,TTFields and Radiosurgery of Recurrent Glioblastoma +/- 18F-Fluoro-Ethyl-Thyrosine,UNKNOWN,Phase 2,2020-12-26,40,Prof. Franciszek Lukaszczyk Memorial Oncology Center,OTHER,Glioblastoma Multiforme; Recurrent Glioblastoma,Poland,2020.0,Poland
NCT01446159,Study of MEDI-573 Plus Standard Endocrine Therapy for Women With Hormone-sensitive Metastatic Breast Cancer,Completed,Phase 2,2011-06-13,188,MedImmune LLC,INDUSTRY,"Hormone-sensitive, HER-2 Negative Metastatic Breast Cancer",France; The Bahamas; Canada; United States; Poland; Germany; United Kingdom; Spain; Belgium; Hungary; Israel,2011.0,France
NCT00114959,"Homoharringtonine With Oral Gleevec in Chronic, Accelerated and Blast Phase Chronic Myeloid Leukemia (CML)",Terminated,Phase 2,,15,ChemGenex Pharmaceuticals,INDUSTRY,"Myeloid Leukemia, Chronic; Myeloid Leukemia, Chronic, Accelerated-Phase; Blast Phase",United States,,United States
NCT00675259,Phase II NCT (Neoadjuvant Chemotherapy) w/ Weekly Abraxane in Combination With Carboplatin & Bevacizumab in Breast Cancer,Completed,Phase 2,,33,Ohio State University Comprehensive Cancer Center,OTHER,Breast Cancer,United States,,United States
NCT04866680,Personalized Circulating DNA Follow-up in Melanoma (PERCIMEL),"Active, Not Recruiting",Unknown,2023-01-31,136,Institut de Cancérologie de Lorraine,OTHER,Melanoma,France,2023.0,France
NCT04423380,A Study to Investigate Safety and Tolerability of SH3051 Capsule in Patients With Advanced Solid Tumors,UNKNOWN,Phase 1,2020-05-14,45,"Nanjing Sanhome Pharmaceutical, Co., Ltd.",INDUSTRY,Advanced Solid Tumor,China,2020.0,China
NCT03726879,A Study To Evaluate the Efficacy and Safety Of Atezolizumab or Placebo in Combination With Neoadjuvant Doxorubicin + Cyclophosphamide Followed By Paclitaxel + Trastuzumab + Pertuzumab In Early Her2-Positive Breast Cancer,Completed,Phase 3,2019-01-11,454,Hoffmann-La Roche,INDUSTRY,Breast Cancer,Japan; Brazil; Canada; United States; Poland; Germany; Czechia; Taiwan; South Korea; Russia; Italy; Spain,2019.0,Japan
NCT03110562,"Bortezomib, Selinexor, and Dexamethasone in Patients With Multiple Myeloma",Completed,Phase 3,2017-05-24,402,Karyopharm Therapeutics Inc,INDUSTRY,Multiple Myeloma,Canada; Belgium; Greece; Ukraine; Italy; Spain; United Kingdom; Romania; Australia; Russia; Austria; Bulgaria; Germany; Hungary; Israel; France; United States; Serbia; Poland; Czechia; India,2017.0,Canada
NCT02753062,Bendamustine Plus Subcutaneous Rituximab in Patients With Diffuse Large B-cell Lymphoma,UNKNOWN,Phase 2,,22,Asan Medical Center,OTHER,Diffuse Large B Cell Lymphoma,South Korea,,South Korea
NCT02982746,Can a Person-centred-care Intervention Improve Health-related Quality of Life in Patients With Head and Neck Cancer,Completed,Unknown,,96,Göteborg University,OTHER,Health Related Quality of Life,Unknown,,Unknown
NCT00068588,GTI-2040 and Capecitabine in Treating Patients With Metastatic Breast Cancer,Completed,Phase 2,,24,National Cancer Institute (NCI),NIH,Male Breast Cancer; Recurrent Breast Cancer; Stage IV Breast Cancer,United States,,United States
NCT00576888,Registry for Vascular Anomalies Associated With Coagulopathy,Completed,Unknown,,30,Medical College of Wisconsin,OTHER,Multifocal Lymphangioendotheliomatosis With Thrombocytopenia; Cutaneovisceral Angiomatosis With Thrombocytopenia; Vascular Anomaly With Thrombocytopenia,United States,,United States
NCT04125446,Genomic and Epigenomic Alterations After Cancer Treatment in Pregnancy,UNKNOWN,Unknown,2019-10-15,150,"University Hospital, Gasthuisberg",OTHER,Cancer; Pregnancy,Belgium,2019.0,Belgium
NCT00783588,A Phase I Extension Trial of Repeated Infusions of ISF35,Completed,Phase 1,,4,"Memgen, LLC",INDUSTRY,Chronic Lymphocytic Leukemia,United States,,United States
NCT05280288,Effect of the App Bone@BC Version 4.0 Under the Follow-up for Patients With Early Breast Cancer,UNKNOWN,Unknown,2022-05-01,120,"Rigshospitalet, Denmark",OTHER,Early-stage Breast Cancer,Unknown,2022.0,Unknown
NCT01092988,A Clinical Study to Evaluate Safety of the ExAblate 2100 UF V2 System in the Treatment of Symptomatic Uterine Fibroids,Completed,Unknown,,40,InSightec,INDUSTRY,Uterine Fibroids; Bleeding; Pain,France; United Kingdom; Russia; Israel,,France
NCT01102088,Simultaneous Integrated Boost (SIB) in Esophageal Cancer,Completed,Phase 1,,61,M.D. Anderson Cancer Center,OTHER,Esophageal Cancer,United States,,United States
NCT06088888,TGRX-678 US Phase I for Subjects with Refractory or Advanced Chronic Myelogenous Leukemia,Recruiting,Phase 1,2024-07-02,90,"Shenzhen TargetRx Co., Ltd.",INDUSTRY,Chronic Myelogenous Leukemia,United States,2024.0,United States
NCT03908788,Detection of the Emergence of RAS (Rat Sarcoma Viral Oncogene Homolog) Mutations in Circulating DNA (Deoxyribonucleic Acid) in Patients With mCRC (Metastatic Colorectal Cancer) During Treatment With Anti-EGFR (Epidermal Growth Factor Receptor) Therapy,"Active, Not Recruiting",Unknown,2018-07-26,130,Institut du Cancer de Montpellier - Val d'Aurelle,OTHER,Metastatic Colorectal Cancer,France,2018.0,France
NCT03535727,"A Study of Gemcitabine, Nab-paclitaxel, Capecitabine, Cisplatin, and Irinotecan in Metastatic Pancreatic Cancer",Completed,Phase 1,2018-06-21,48,Sidney Kimmel Comprehensive Cancer Center at Johns Hopkins,OTHER,"Adenocarcinoma; Pancreatic Neoplasms; Neoplasm, Glandular",United States,2018.0,United States
NCT01450761,Trial in Extensive-Disease Small Cell Lung Cancer (ED-SCLC) Subjects Comparing Ipilimumab Plus Etoposide and Platinum Therapy to Etoposide and Platinum Therapy Alone,Completed,Phase 3,2011-12-13,1351,Bristol-Myers Squibb,INDUSTRY,Small Cell Lung Carcinoma,Canada; South Africa; China; Belgium; Italy; Spain; Chile; United Kingdom; Romania; South Korea; Australia; Mexico; Austria; Netherlands; Russia; Japan; Argentina; Peru; Germany; Switzerland; Sweden; Ireland; Hungary; Israel; Colombia; France; Brazil; Thailand; United States; Poland; Czechia; Taiwan; Hong Kong; Portugal,2011.0,Canada
NCT01200342,"Genasense, Carboplatin, Paclitaxel (GCP) Combination in Uveal Melanoma",Terminated,Phase 2,,7,M.D. Anderson Cancer Center,OTHER,Melanoma,United States,,United States
NCT05802186,"Stereotactic Body Radiation Therapy Planning With Artificial Intelligence-Directed Dose Recommendation for Treatment of Primary or Metastatic Lung Tumors, RAD-AI Study",Recruiting,Unknown,2023-11-20,70,Northwestern University,OTHER,Lung Carcinoma; Lung Non-Small Cell Carcinoma; Metastatic Malignant Neoplasm in the Lung,United States,2023.0,United States
NCT02896686,Efficacy of an Onlay Mesh for Prevention of Incisional Hernia After Loop Ileostomy Closure,UNKNOWN,Phase 4,,157,Hospital Universitari Joan XXIII de Tarragona.,OTHER,Incisional Hernia,Unknown,,Unknown
NCT02822586,TSEB and Brentuximab for Treatment of Mycosis Fungoides & Sezary Syndrome,Completed,Phase 1,2016-12-19,5,Virginia Commonwealth University,OTHER,Mycosis Fungoides; Sézary Syndrome,United States,2016.0,United States
NCT03053661,Immune Response Evaluation to Curative Conventional Therapy,UNKNOWN,Unknown,,22,University of Ulm,OTHER,Head and Neck Squamous Cell Carcinoma,Unknown,,Unknown
NCT02962661,Donor Bone Marrow Derived Mesenchymal Stem Cells in Controlling Heart Failure in Patients With Cardiomyopathy Caused by Anthracyclines,Recruiting,Phase 1,2020-07-18,72,M.D. Anderson Cancer Center,OTHER,Cardiomyopathy; Heart Failure; Hematopoietic and Lymphoid Cell Neoplasm,United States,2020.0,United States
NCT00509561,"Cisplatin, Capecitabine, and Radiation Therapy With or Without Cetuximab in Treating Patients With Esophageal Cancer",UNKNOWN,Phase 2,,259,Wales Cancer Trials Unit,OTHER,Esophageal Cancer,United Kingdom,,United Kingdom
NCT02588170,Phase III Study of Surufatinib in Treating Advanced Extrapancreatic Neuroendocrine Tumors,Completed,Phase 3,2015-12-07,219,Hutchison Medipharma Limited,INDUSTRY,Neuroendocrine Tumors,China,2015.0,China
NCT00085670,Cytokine Gene Polymorphisms in Bone Marrow Failure,Completed,Unknown,2005-02-11,79,"National Heart, Lung, and Blood Institute (NHLBI)",NIH,Bone Marrow Diseases,United States,2005.0,United States
NCT05682170,Study of the ZN-d5 and ZN-c3 in Subjects With Acute Myeloid Leukemia (AML),Terminated,Phase 1,2022-12-01,40,"K-Group Alpha, Inc., a wholly owned subsidiary of Zentalis Pharmaceuticals, Inc.",INDUSTRY,Acute Myeloid Leukemia (AML),United States,2022.0,United States
NCT01807117,PET-MRI in Diagnosing Patients With Colon or Rectal Cancer,Completed,Unknown,,15,Case Comprehensive Cancer Center,OTHER,Recurrent Colon Cancer; Recurrent Rectal Cancer; Stage IIA Colon Cancer,United States,,United States
NCT02704689,AccuLIF® PROSPECTIVE PATIENT OUTCOMES STUDY,Terminated,Unknown,2016-06-08,9,Stryker Spine,INDUSTRY,"Degenerative Disc Disease; Spondylolisthesis, Grade 1; Retrolisthesis",United States,2016.0,United States
NCT04901468,A-EYE: A Mixed Quantitative and Qualitative Study to Develop and Evaluate the Application of Artificial Intelligence (AI) Methods Using Retinal Imaging for the Identification of Adverse Retinal Changes Associated With Cancer Therapies.,UNKNOWN,Unknown,2021-06-18,350,University of Manchester,OTHER,All Comers,United Kingdom,2021.0,United Kingdom
NCT04788368,TRECA - TREatment of Colorectal Adenomas and Early Colorectal CAncer in Region Västra Götaland,Completed,Unknown,2021-03-01,300,Sahlgrenska University Hospital,OTHER,Rectal Neoplasms,Sweden,2021.0,Sweden
NCT03276091,Colonoscopy Motivation for Patients With Positive Immunochemical Fecal Test,Completed,Unknown,2017-05-23,127,Patricia Soler-Michel,OTHER,Colon Cancer,France,2017.0,France
NCT06117891,An Observational Study to Learn More About How Well a Treatment Works When Given After Treatment With Atezolizumab and Bevacizumab or Another Similar Combination of Drugs in Adults With Liver Cancer That Cannot be Treated With Surgery,Recruiting,Unknown,2023-11-27,300,Bayer,INDUSTRY,Unresectable Hepatocellular Carcinoma,Colombia; France; Brazil; Thailand; Argentina; United States; Turkey (Türkiye); China; Spain; Taiwan; South Korea; Greece; Mexico; Italy; Saudi Arabia,2023.0,Colombia
NCT07056218,Outcome of RAI131 Therapy in Patients With Differentiated Thyroid Cancer (Low and Intermediate Risk),Not Yet Recruiting,Unknown,2025-07-15,50,Sohag University,OTHER,Thyroid Cancer,Unknown,2025.0,Unknown
NCT02319018,Alisertib and Combination Chemotherapy in Treating Patients With Gastrointestinal Tumors,Completed,Phase 1,2015-08-27,14,National Cancer Institute (NCI),NIH,Malignant Digestive System Neoplasm,United States,2015.0,United States
NCT00909818,Hypofractionated Versus Standard Fractionated Whole Breast Irradiation to Node-negative Breast Cancer Patients,UNKNOWN,Unknown,2009-05-14,976,Danish Breast Cancer Cooperative Group,OTHER,Breast Cancer; Carcinoma in Situ of the Breast,Denmark,2009.0,Denmark
NCT05356897,"Tucatinib Combined with Trastuzumab and TAS-102 for the Treatment of HER2 Positive Metastatic Colorectal Cancer in Molecularly Selected Patients, 3T Study",Withdrawn,Phase 2,2023-10-31,0,Academic and Community Cancer Research United,OTHER,Metastatic Colon Adenocarcinoma; Metastatic Colorectal Adenocarcinoma; Metastatic Rectal Adenocarcinoma,United States,2023.0,United States
NCT01926197,Phase 3 Study of FOLFIRINOX (mFFX) +/- SBRT in Locally Advanced Pancreatic Cancer,Completed,Phase 3,2013-08-14,27,Stanford University,OTHER,Pancreatic Cancer,United States; Canada,2013.0,United States
NCT04621110,Intranasal Versus Intravenous Drug in Painful Procedure for Outpatient Oncologic Participants,UNKNOWN,Phase 3,2021-06-01,60,University of Sao Paulo General Hospital,OTHER,Pediatric Cancer; Analgesia; Procedural Pain,Brazil,2021.0,Brazil
NCT03778710,Effect of Lymph Node Ratio in Gastric Cancer to Determine Recurrence Rate After Curative Resection,Completed,Unknown,2018-12-18,155,Mahidol University,OTHER,Gastric Cancer,Thailand,2018.0,Thailand
NCT05188313,TRAstuzumab and Pertuzumab for HER2+ Resectable Oesophageal Cancer,Recruiting,Phase 3,2022-03-09,376,Academisch Medisch Centrum - Universiteit van Amsterdam (AMC-UvA),OTHER,Esophageal Cancer; Esophageal Adenocarcinoma,Netherlands,2022.0,Netherlands
NCT03328260,High Intensity Focused Ultrasound in Uterine Myoma,Completed,Unknown,2017-12-12,34,Seoul National University Hospital,OTHER,Uterine Leiomyoma,South Korea,2017.0,South Korea
NCT06493760,A Phase 2 Study of SSGJ-707 in Metastatic Colorectal Cancer Patients,Recruiting,Phase 2,2024-09-03,130,"Sunshine Guojian Pharmaceutical (Shanghai) Co., Ltd.",INDUSTRY,Metastatic Colorectal Cancer,China,2024.0,China
NCT04668820,"Reliability and Acceptability of Real-time Virtual Video Pediatric Gait, Arms, Legs and Spine (V-pGALS)",Completed,Unknown,2021-08-20,20,Marmara University,OTHER,Musculoskeletal Abnormality; Pediatric,Turkey (Türkiye),2021.0,Turkey (Türkiye)
NCT02933320,BI-1206 and an Anti-CD20 Antibody in Patients With CD32b Positive B-cell Lymphoma or Leukaemia,Completed,Phase 1,2016-10-27,14,Cancer Research UK,OTHER,B-cell Lymphoma; Chronic Lymphocytic Leukaemia; Waldenström Macroglobulinemia,United Kingdom,2016.0,United Kingdom
NCT04567420,"DNA-guided Second Line Adjuvant Therapy for High Residual Risk, Estrogen Receptor Positive, HER-2 Negative Breast Cancer (DARE)",Recruiting,Phase 2,2021-02-09,70,"Criterium, Inc.",INDUSTRY,Breast Cancer,United States,2021.0,United States
NCT04037982,RCT Study on Safety of LPD and OPD in the Treatment of Periampullary Tumors,UNKNOWN,Unknown,,102,Beijing Friendship Hospital,OTHER,Periampullary Tumor; Complication; Death,China,,China
NCT04057924,Therapeutic Abstention and Surveillance of Intra-epithelial Histological Lesions of High Grade Cervical CIN2 (Cervical Intraepithelial Neoplasia Grade 2). SUIVICIN,Recruiting,Unknown,2019-08-23,200,"University Hospital, Bordeaux",OTHER,HPV Infection; Cervical Cancer,France,2019.0,France
NCT07054723,Surviving Daily Life,Recruiting,Unknown,2025-10-02,30,Thomas Jefferson University,OTHER,Stress; Cognitive Change; Breast Cancer,United States,2025.0,United States
NCT01395524,A 12-week Extension of the Phase III Study (D3820C00004) to Assess the Effect and Safety of NKTR-118 in Patients With Non-cancer-related Pain and Opioid-induced Constipation,Completed,Phase 3,,302,AstraZeneca,INDUSTRY,Opioid-Induced Constipation (OIC),United States; Australia; Slovakia; Germany,,United States
NCT01375023,"Allogenic Haematopoietic Cell Transplantation for Patients With Refractory ""Triple Negative"" Breast Cancer",Terminated,Phase 2,,3,European Institute of Oncology,OTHER,Breast Cancer,Italy,,Italy
NCT02688023,Neoadjuvant Triplet Chemotherapy Regimen in Patients With Resectable Colorectal Cancer,UNKNOWN,Phase 2,,50,Chinese Academy of Medical Sciences,OTHER,Colorectal Cancer,China,,China
NCT01723423,Mastectomy Reconstruction Outcomes Consortium (MROC) Study,Completed,Unknown,,4436,University of Michigan,OTHER,Breast Cancer,United States; Canada,,United States
NCT04003623,Efficacy and Safety of Pemigatinib in Participants With Solid Tumors With FGFR Mutations or Translocations (FIGHT-208),Terminated,Phase 2,2019-10-31,1,Incyte Corporation,INDUSTRY,Advanced or Metastatic Solid Tumors; FGFR Mutations; FGFR Translocations,United States,2019.0,United States
NCT02258659,Nab-paclitaxel and Carboplatin Followed by Response-Based Local Therapy in Treating Patients With Stage III or IV HPV-Related Oropharyngeal Cancer,Completed,Phase 2,2014-09-22,62,University of Chicago,OTHER,Human Papilloma Virus Infection; Stage III Squamous Cell Carcinoma of the Oropharynx; Stage IVA Squamous Cell Carcinoma of the Oropharynx,United States,2014.0,United States
NCT05420480,Two-field Versus Three-field Lymph Node Dissection in ESCC After Neoadjuvant Therapy,Not Yet Recruiting,Unknown,2022-07-01,323,Shanghai Zhongshan Hospital,OTHER,Esophageal Squamous Cell Carcinoma,China,2022.0,China
NCT00317096,FCM Versus R-FCM Followed by R-Maintenance or Observation Only,UNKNOWN,Phase 3,,319,Ludwig-Maximilians - University of Munich,OTHER,"Lymphoma, Follicular; Lymphoma, Low-Grade; Lymphoma, Intermediate-Grade",Germany,,Germany
NCT00721162,Study of Ramucirumab in Ovarian Cancer,Completed,Phase 2,,60,Eli Lilly and Company,INDUSTRY,Ovarian Cancer; Fallopian Tube Cancer; Primary Peritoneal Carcinoma,United States; United Kingdom,,United States
NCT01864746,A Study of Palbociclib in Addition to Standard Endocrine Treatment in Hormone Receptor Positive Her2 Normal Patients With Residual Disease After Neoadjuvant Chemotherapy and Surgery,Completed,Phase 3,2013-10-30,1250,GBG Forschungs GmbH,OTHER,Breast Cancer; Hormonreceptor Positive; Her2-normal,France; Japan; Canada; United States; Germany; United Kingdom; South Korea; Australia; Austria; Ireland; Spain,2013.0,France
NCT02037646,Quantitative Versus Qualitative Fecal Immunochemical Tests (FIT) to Prioritize Urgency of Colonoscopy Referral,Completed,Unknown,,700,University of Malaya,OTHER,Colorectal Cancer,Malaysia,,Malaysia
NCT04346888,"A Study to Evaluate the Efficacy, Safety and PD and PK of HBM9161 in MG Patients",Completed,Phase 2,2020-07-23,30,Harbour BioMed (Guangzhou) Co. Ltd.,INDUSTRY,Myasthenia Gravis,China,2020.0,China
NCT04697303,Cross-sectional Study of Anorectal Function and Quality of Life in Patients With Middle and Low Rectal Cancer,Completed,Unknown,2020-10-26,600,Quan Wang,OTHER,Rectal Cancer,China,2020.0,China
NCT02689427,Enzalutamide and Paclitaxel Before Surgery in Treating Patients With Stage I-III Androgen Receptor-Positive Triple-Negative Breast Cancer,Completed,Phase 2,2016-09-22,24,M.D. Anderson Cancer Center,OTHER,Invasive Breast Carcinoma; Stage I Breast Cancer AJCC v7; Stage IA Breast Cancer AJCC v7,United States,2016.0,United States
NCT03602027,Phase I Study of the Combination of Anlotinib With Gefitinib,UNKNOWN,Unknown,2018-08-01,9,Second Affiliated Hospital of Nanchang University,OTHER,Non-squamous Non-small Cell Lung Cancer,Unknown,2018.0,Unknown
NCT03704727,The Effects of Probiotics on Intestinal Permeability in Gastrointestinal Cancer Patients in Chemotherapy,Completed,Unknown,2018-07-01,5,University of Copenhagen,OTHER,Intestinal Permeability; Gastrointestinal Irritation; Mucositis,Denmark,2018.0,Denmark
NCT06299761,Study of the RNR Inhibitor BBI-825 in Subjects With Tumors With Resistance Gene Amplifications,Terminated,Phase 1,2024-03-28,19,"Boundless Bio, Inc.",INDUSTRY,Solid Tumor,United States,2024.0,United States
NCT05671861,Evaluating a Low-Cost Therapeutic Device in Managing Head and Neck Cancer Patients With Radiation-Related Trismus,"Active, Not Recruiting",Unknown,2023-04-27,35,"University of California, San Francisco",OTHER,Trismus; Head and Neck Cancer,United States,2023.0,United States
NCT05319886,Observational Study of the Efficacy and Safety of Anlotinib Combined With Penpulimab in Elderly Lung Cancer Patients,UNKNOWN,Unknown,2022-05-16,40,The First Affiliated Hospital of Xinxiang Medical College,OTHER,Lung Cancer; Lung Carcinoma; Non Small Cell Lung Cancer,China,2022.0,China
NCT05237986,Cognitive Aftereffects of Neurotoxicity in Children and Young Adults With Relapsed/Refractory Hematologic Malignancies Who Receive CAR T-cell Therapy,Recruiting,Unknown,2025-06-23,60,National Cancer Institute (NCI),NIH,Lymphoma; Leukemia,United States,2025.0,United States
NCT03147976,QUILT-3.036: AMG 337 in Subjects With Advanced or Metastatic Solid Tumors,Withdrawn,Phase 2,2018-05-02,0,"NantPharma, LLC",INDUSTRY,Solid Tumor,United States,2018.0,United States
NCT00386217,Psychosocial Impact of Cancer-Related Female Infertility,Completed,Unknown,,239,M.D. Anderson Cancer Center,OTHER,Hodgkin's Disease; Cervical Cancer; Breast Cancer,United States,,United States
NCT05720117,A Study of PYX-201 in Advanced Solid Tumors,Recruiting,Phase 1,2023-03-14,330,"Pyxis Oncology, Inc",INDUSTRY,Solid Tumor; Advanced Solid Tumor,United States; United Kingdom; Belgium; Spain,2023.0,United States
NCT05742217,A Study to Learn How Patients With Triple Class Refractory Multiple Myeloma (TCR-MM) Are Treated in Italian Centers for Blood Related Diseases,"Active, Not Recruiting",Unknown,2023-05-26,250,Pfizer,INDUSTRY,Relapse Multiple Myeloma; Refractory Multiple Myeloma,Italy,2023.0,Italy
NCT04361240,Cardiotoxicity in Breast Cancer Patients Treated With Proton or Photon Radiotherapy: A RadComp Companion Study,Completed,Unknown,2020-08-01,172,Abramson Cancer Center at Penn Medicine,OTHER,Breast Cancer; Cardiotoxicity,United States,2020.0,United States
NCT07366489,Efficacy and Safety of the RDI Mode in Endoscopic Submucosal Dissection,Not Yet Recruiting,Unknown,2026-01-01,158,"Sixth Affiliated Hospital, Sun Yat-sen University",OTHER,Endoscopic Submucosal Dissection (ESD),Unknown,,Unknown
NCT02219789,Alisertib and Fulvestrant in Treating Patients With Hormone Receptor Positive Breast Cancer That is Metastatic or Locally Advanced and Cannot Be Removed by Surgery,Completed,Phase 1,2014-12-05,10,Mayo Clinic,OTHER,Estrogen Receptor Positive; Progesterone Receptor Positive; Recurrent Breast Carcinoma,United States,2014.0,United States
NCT02254889,Pain After Endoscopic Submucosal Dissection,Completed,Unknown,,156,Gangnam Severance Hospital,OTHER,Gastric Neoplasm,South Korea,,South Korea
NCT03565289,PRospective Prostate biOmarker Study,Completed,Unknown,2018-08-14,455,ProteoMediX AG,INDUSTRY,Indication for Prostate Biopsy Due to Suspected Prostate Cancer,Denmark; Austria; Germany,2018.0,Denmark
NCT04161391,"Study of TPX-0046, A RET/SRC Inhibitor in Adult Subjects With Advanced Solid Tumors Harboring RET Fusions or Mutations",Terminated,Phase 1,2019-12-06,41,"Turning Point Therapeutics, Inc.",INDUSTRY,Non Small Cell Lung Cancer; Medullary Thyroid Cancer; RET Gene Mutation,United States; South Korea,2019.0,United States
NCT03975491,The Exercise And Colorectal Cancer Treatment Trial,"Active, Not Recruiting",Unknown,2019-08-01,60,Pennington Biomedical Research Center,OTHER,Colon Cancer; Rectal Cancer,United States,2019.0,United States
NCT02406391,Adherence to Preventive Care for Cervical Cancer,UNKNOWN,Unknown,,400,Brookdale University Hospital Medical Center,OTHER,Cervical Cancer; Cervical Precancer; Adherence,United States,,United States
NCT01420874,Anti-CD3 x Anti-Erbitux® Armed Activated T Cells (Phase Ib) for Gastrointestinal (GI Cancer),Completed,Phase 1,2011-08-17,15,Barbara Ann Karmanos Cancer Institute,OTHER,Colorectal Cancer; Cancer of Pancreas; Pancreatic Neoplasm,United States,2011.0,United States
NCT01418118,Assessment of the Effects of Pressors on Graft Blood Flow After Free Tissue Transfer Surgery,Completed,Phase 4,,25,Oxford University Hospitals NHS Trust,OTHER,Oral Cancer; Head and Neck Cancer; Free Flap,United Kingdom,,United Kingdom
NCT05679518,Managing Fear of Cancer Progression Metacognition-based Vs Supportive-expressive Based Approaches,Recruiting,Unknown,2023-12-20,261,The University of Hong Kong,OTHER,Advanced or Metastatic Cancer; Fear of Cancer Progression; Metacognition-based Intervention,Hong Kong,2023.0,Hong Kong
NCT01047891,Efficacy and Safety Study of Sorafenib With Topotecan in Patients With Platinum-resistant Recurrent Ovarian Cancer,Completed,Phase 2,,174,JSehouli,OTHER,Ovarian Cancer,Germany,,Germany
NCT01574274,SC-PEG Asparaginase vs. Oncaspar in Pediatric Acute Lymphoblastic Leukemia (ALL) and Lymphoblastic Lymphoma,"Active, Not Recruiting",Phase 2,,240,Dana-Farber Cancer Institute,OTHER,Acute Lymphoblastic Leukemia; Lymphoblastic Lymphoma,United States; Canada,,United States
NCT02159690,"A Phase II Neoadjuvant Study of Enzalutamide, Abiraterone Acetate, Dutasteride and Degarelix in Men With Localized Prostate Cancer Pre-prostatectomy",Withdrawn,Phase 2,,0,"Kenneth Pienta, MD",OTHER,Prostate Cancer; Localized Prostate Cancer,United States,,United States
NCT03378297,IMPACT: A Randomized WOO Study of Novel Therapeutic Agents in Women Triaged to Primary Surgery for EOC,Completed,Phase 1 (Early),2018-05-04,26,Haukeland University Hospital,OTHER,Ovarian Cancer,Norway,2018.0,Norway
NCT01711697,An Alternative Radiation Fractionation Strategy for Locally Advanced Non-Small Cell Lung Cancer (NSCLC),UNKNOWN,Phase 1,2012-09-04,16,Emory University,OTHER,Stage IIA Non-small Cell Lung Cancer; Stage IIB Non-small Cell Lung Cancer; Stage IIIA Non-small Cell Lung Cancer,United States,2012.0,United States
NCT00710697,Cardiac Safety Assessment Study of Picoplatin in Solid Tumors,UNKNOWN,Phase 1,,40,Poniard Pharmaceuticals,INDUSTRY,Solid Tumors,United States,,United States
NCT00478010,"Making Decisions About Participating in a Cancer Clinical Trial for Patients With Stage II, Stage III, or Stage IV Pancreatic Cancer or Stage III or Stage IV Colon Cancer or Rectal Cancer",Completed,Unknown,2007-01-19,205,Sidney Kimmel Comprehensive Cancer Center at Johns Hopkins,OTHER,Colorectal Cancer; Pancreatic Cancer; Psychosocial Effects of Cancer and Its Treatment,United States,2007.0,United States
NCT05025813,Neoadjuvant Pembrolizumab in Cutaneous Squamous Cell Carcinoma,Recruiting,Phase 2,2022-06-28,27,Queensland Health,OTHER_GOV,Cutaneous Squamous Cell Carcinoma of the Head and Neck; Head and Neck Cancer,Australia,2022.0,Australia
NCT03959410,"Impact of HPV on a Cohort of Southern Italian Women: Epidemiological, Clinical, Morphological and Microbiological Features",Completed,Unknown,2019-01-04,150,University of Campania Luigi Vanvitelli,OTHER,Cervix Cancer,Italy,2019.0,Italy
NCT06387810,Irinotecan Liposome II in Combination With 5-FU/LV and Oxaliplatin in Perioperative Treatment of Borderline Resectable Pancreatic Cancer,Recruiting,Phase 2,2024-04-17,45,Peking Union Medical College Hospital,OTHER,Borderline Resectable Pancreatic Cancer,China,2024.0,China
NCT02090010,Subclavian Vein catheterization_Seldinger Vs Modified Seldinger,UNKNOWN,Unknown,,418,Seoul National University Hospital,OTHER,Brain Neoplasm; Intracranial Aneurysm; Cerebrovascular Moyamoya Disease,South Korea,,South Korea
NCT00717613,Psychosocial and Patient Education Needs of Prostate Cancer Patients Selecting Watchful Waiting,Completed,Unknown,,50,Baylor College of Medicine,OTHER,Localized Prostate Cancer,United States,,United States
NCT03068013,Managing Cancer and Living Meaningfully (CALM) Adapted to Italian Cancer Care Setting,Recruiting,Unknown,2018-10-11,171,Università degli Studi di Ferrara,OTHER,Depression; Anxiety; Quality of Life,Italy,2018.0,Italy
NCT06387420,A Study of AK117 in Combination With Azactidine Plus Venetoclax in Patients With Acute Myeloid Leukemia,Not Yet Recruiting,Phase 1,2024-04-29,180,Akeso,INDUSTRY,ACUTE MYELOID LEUKEMIA; AML,China,2024.0,China
NCT03341520,Gazyvaro and Low Dose Radiotherapy in Early Stage Follicular Lymphoma,Completed,Phase 2,2018-04-24,89,Heidelberg University,OTHER,Stage II Grade 1 Follicular Lymphoma; Stage II Grade 2 Follicular Lymphoma; Stage I Follicular Lymphoma Grade 1,Germany,2018.0,Germany
NCT04790682,LIquid Biopsy to prEdict Responses To First-line immunotherapY in Metastatic Non-small Cell LUNG Cancer. LIBERTY LUNG,Recruiting,Unknown,2021-05-22,300,Institut Curie,OTHER,Metastatic Lung Cancer,France,2021.0,France
NCT01370824,Clinical Diagnosis of Basal Cell Carcinoma Subtype,Completed,Unknown,,150,Maastricht University Medical Center,OTHER,Basal Cell Carcinoma,Netherlands,,Netherlands
NCT07525024,KSD-101 in Patients With EBV-associated Hematological Malignancies,Not Yet Recruiting,Unknown,,80,Ruijin Hospital,OTHER,EBV Associated Lymphoid Neoplasms,China,,China
NCT04399824,Focal Radiation Therapy for the Treatment of Low or Intermediate-Risk Prostate Cancer,Withdrawn,Unknown,2020-04-03,0,Jonsson Comprehensive Cancer Center,OTHER,Prostate Adenocarcinoma; Stage I Prostate Cancer American Joint Committee on Cancer (AJCC) v8; Stage II Prostate Cancer AJCC v8,United States,2020.0,United States
NCT07290023,Oral and Gut Microbiota in Individuals With Serrated Polyposis Syndrome.,Completed,Unknown,2021-01-11,126,Hospital Universitari Vall d'Hebron Research Institute,OTHER,Colorectal Cancer; Serrated Polyposis Syndrome; Intestinal Microbiota,Spain,2021.0,Spain
NCT07308223,Development of a Cloud-Based PRO (Patient-Reported Outcome) Management Program for Home-Based Cancer Pain Care,Withdrawn,Unknown,,0,The Fourth Affiliated Hospital of Zhejiang University School of Medicine,OTHER,Cancer Pain,China,,China
NCT00345059,The DISTAL-2 Study: Docetaxel Alone or in Combination in Second-line Treatment of Advanced Non Small-Cell Lung Cancer,Terminated,Phase 3,,84,"National Cancer Institute, Naples",OTHER,Advanced Non-Small Cell Lung Cancer,Italy,,Italy
NCT04752059,Phase II Study of T-DX in HER2-positive Breast Cancer Brain Metastases,Completed,Phase 2,2020-07-28,15,Medical University of Vienna,OTHER,Breast Cancer Stage IV,Austria,2020.0,Austria
NCT04151459,Effect of Metabolic Surgery on Live Birth Rate of Offspring in Obesity Polycystic Ovarian Syndrome Patients,UNKNOWN,Unknown,2019-01-16,18,RenJi Hospital,OTHER,Polycystic Ovary Syndrome; Severe Obesity; Laparoscopic Sleeve Gastrectomy,China,2019.0,China
NCT05048459,Comparing Two Surveillance Approaches for People Who Have Received Treatment for HPV-associated Head and Neck Cancer and Show No Signs of Disease,"Active, Not Recruiting",Unknown,2021-09-01,40,Memorial Sloan Kettering Cancer Center,OTHER,Squamous Cell Carcinoma,United States,2021.0,United States
NCT06603259,The Galleri® Community Research Program,ENROLLING_BY_INVITATION,Unknown,2024-08-19,250,"GRAIL, Inc.",INDUSTRY,Data Collection,United States,2024.0,United States
NCT03619980,A Non-Interventional Study to Evaluate Time to Event and Healthcare Resource Utilisation for Prostate Cancer Participants Throughout the Disease Trajectories Until Progression or Death,Completed,Unknown,2018-09-13,6908,Astellas Pharma Europe Ltd.,INDUSTRY,Prostate Cancer,Sweden,2018.0,Sweden
NCT00908180,"Carmustine, Etoposide, Cytarabine, Melphalan, and Alemtuzumab Followed by Donor Stem Cell Transplant in Treating Patients With Relapsed or Refractory Hodgkin Lymphoma",UNKNOWN,Phase 2,,47,Cancer Research UK,OTHER,Lymphoma,Unknown,,Unknown
NCT04826679,Neoadjuvant Camrelizumab in Combination With Cisplatin and Nab-paclitaxel in Resectable HNSCC,UNKNOWN,Phase 2,2021-04-01,53,Sun Yat-sen University,OTHER,Head and Neck Squamous Cell Carcinoma,China,2021.0,China
NCT01392079,"Subcutaneous Alemtuzumab Combined With Oral Dexamethasone, Followed by Alemtuzumab Maintenance or Allo-SCT in CLL With 17p- or Refractory to Fludarabine",Completed,Phase 2,,135,University of Ulm,OTHER,Chronic Lymphocytic Leukemia,France; Austria; Germany,,France
NCT05476796,"Oxaliplatin ± Nivolumab in Combination With Trifluridine/Tipiracil or 5-fluorouracile in Frail Patients With Advanced, Recurrent or Metastatic Gastric, Oesophageal or Gastroesophageal Junction Cancer",Recruiting,Phase 2,2023-06-23,118,UNICANCER,OTHER,Gastric Adenocarcinoma; Esophagus Adenocarcinoma; Gastroesophageal Junction Adenocarcinoma,France,2023.0,France
NCT02306096,Sweden Cancerome Analysis Network - Breast : Genomic Profiling of Breast Cancer,Recruiting,Unknown,,20000,Lund University,OTHER,Breast Neoplasms,Sweden,,Sweden
NCT03456596,Reducing Disparities in Rural Advanced Cancer Patients and Caregivers,Completed,Unknown,2013-07-01,4,University of Alabama at Birmingham,OTHER,Cancer,Unknown,2013.0,Unknown
NCT07532096,Extended Sentinel Lymph Node Biopsy With Methylene Blue Single Tracer Post-Neoadjuvant Therapy for Node-Positive Breast Cancer,Not Yet Recruiting,Unknown,2026-04-25,240,Xijing Hospital,OTHER,Breast Cancer,China,,China
NCT06610396,Ex Onc SLED: a Study Utilizing a Weighted Sled for Horizontal Resistance Training,Recruiting,Unknown,2024-06-18,30,Allegheny Singer Research Institute (also known as Allegheny Health Network Research Institute),OTHER,Cancer,United States,2024.0,United States
NCT03677596,A Study Of Two Inotuzumab Ozogamicin Doses in Relapsed/ Refractory Acute Lymphoblastic Leukemia Transplant Eligible Patients,Completed,Phase 4,2019-07-01,102,Pfizer,INDUSTRY,Leukemia; Precursor b-Cell Lymphoblastic Leukemia-Lymphoma; ACUTE LYMPHOBLASTIC LEUKEMIA,United States; Poland; Turkey (Türkiye); Singapore; Taiwan; India; Hungary; Spain,2019.0,United States
NCT04024696,"A Clinical Study to Evaluate Pharmacokinetics, Safety, and Tolerability of Abexinostat in Chinese Patients","Active, Not Recruiting",Phase 1,2020-01-08,12,"Xynomic Pharmaceuticals, Inc.",INDUSTRY,Non Hodgkin Lymphoma,China,2020.0,China
NCT05974696,A Research Registry on Aggressive PitNETs,Recruiting,Unknown,2023-06-15,200,Hospices Civils de Lyon,OTHER,Endocrine Tumor,France,2023.0,France
NCT00071396,Campath-1H Plus Rituximab for CD52- and CD20- Positive Refractory or Relapsed Chronic Lymphoid Disorders,Completed,Phase 2,,48,M.D. Anderson Cancer Center,OTHER,Chronic Lymphocytic Leukemia,United States,,United States
NCT06771596,"Nimotuzumab High-risk, Locally Advanced Squamous Cell Carcinoma of the Cervix","Active, Not Recruiting",Phase 2,2021-05-12,43,"Cancer Institute and Hospital, Chinese Academy of Medical Sciences",OTHER,Uterine Cervical Neoplasms,China,2021.0,China
NCT00297596,Trastuzumab and Oxaliplatin in Patients With Metastatic Breast Cancer,Completed,Phase 2,,25,"SCRI Development Innovations, LLC",OTHER,Breast Cancer,United States,,United States
NCT04094896,TCHP Versus EC -THP as Neoadjuvant Treatment for HER2-Positive Breast Cancer,UNKNOWN,Phase 2,2019-09-17,200,Guangdong Provincial People's Hospital,OTHER,HER2-Positive Breast Cancer,China,2019.0,China
NCT00006462,Gemcitabine in Treating Children With Relapsed or Refractory Acute Lymphoblastic Leukemia or Acute Myelogenous Leukemia,Completed,Phase 2,,32,Children's Oncology Group,NETWORK,Leukemia,New Zealand; Canada; United States; Puerto Rico; Switzerland; Australia; Netherlands,,New Zealand
NCT04930315,SHR-1210 Combined With Apatinib Mesylate in the Perioperative Therapy for Hepatocellular Carcinoma,UNKNOWN,Phase 2,2021-09-15,78,Zhejiang University,OTHER,Hepatocellular Carcinoma,China,2021.0,China
NCT04067115,SARC037: A Phase I/II Study to Evaluate the Safety of Trabectedin in Combination With Irinotecan in Ewing Sarcoma Patients,Completed,Phase 1,2021-01-05,37,Sarcoma Alliance for Research through Collaboration,OTHER,Ewing Sarcoma,United States,2021.0,United States
NCT04164615,Clinical Study of Recombinant Anti-HER2 Humanized Monoclonal Antibody (GB221) for Injection,UNKNOWN,Phase 3,2016-11-24,336,"Genor Biopharma Co., Ltd.",INDUSTRY,HER-2-positive Advanced Breast Cancer,China,2016.0,China
NCT01223235,Polyvalent Vaccine-KLH Conjugate + Opt-821 Given in Combination With Bevacizumab,Completed,Unknown,,22,Memorial Sloan Kettering Cancer Center,OTHER,Fallopian Tubes Cancer; Ovarian Cancer; Peritoneal Cancer,United States,,United States
NCT04097535,Measuring Fatty Acid Oxidation in Gliomas Using 18F-FPIA PET/MRI,Completed,Unknown,2018-12-06,11,Imperial College London,OTHER,Glioma,United Kingdom,2018.0,United Kingdom
NCT01709435,Cabozantinib S-Malate in Treating Younger Patients With Recurrent or Refractory Solid Tumors,Completed,Phase 1,2012-11-14,41,National Cancer Institute (NCI),NIH,Recurrent Malignant Solid Neoplasm; Recurrent Melanoma; Recurrent Primary Central Nervous System Neoplasm,United States; Canada,2012.0,United States
NCT02027376,Study of LDE225 (Sonidegib) in Combination With Docetaxel in Triple Negative (TN) Advanced Breast Cancer (ABC) Patients,Completed,Phase 1,,12,Spanish Breast Cancer Research Group,OTHER,Advanced Breast Cancer,Spain,,Spain
NCT01795976,NY-ESO-1 T Cells in OG Cancer,Terminated,Phase 2,,2,Fiona Thistlethwaite,OTHER,Oesophageal Cancer,United Kingdom,,United Kingdom
NCT04331717,Bariatric Arterial Embolization for Men Starting Hormones for Prostate Cancer,Withdrawn,Phase 2,2020-11-16,0,Sidney Kimmel Comprehensive Cancer Center at Johns Hopkins,OTHER,"Prostate Adenocarcinoma; Obesity, Morbid",United States,2020.0,United States
NCT06958068,Sexual Health Integration in Treatment of Gynecological Oncology,Completed,Unknown,2022-01-01,324,Medical University of Silesia,OTHER,Ovarian Cancer; Endometrial Cancer; Cervical Cancers,Poland,2022.0,Poland
NCT03618550,Phase II Study of Second- Line Pembrolizumab Plus GVD for Relapsed or Refractory Hodgkin Lymphoma,Recruiting,Phase 2,2018-08-01,257,Memorial Sloan Kettering Cancer Center,OTHER,Hodgkin Lymphoma; Relapsed or Refractory Hodgkin Lymphoma,United States,2018.0,United States
NCT05886491,A Study of GDX012 in Adults With Relapsed or Refractory Acute Myeloid Leukemia,Terminated,Phase 1,2023-07-11,16,Takeda,INDUSTRY,Leukemia,United States; Japan,2023.0,United States
NCT01297491,Safety and Efficacy of BKM120 in Patients With Metastatic Non-small Cell Lung Cancer,Completed,Phase 2,,63,Novartis Pharmaceuticals,INDUSTRY,Non-small Cell Lung Cancer,France; Japan; Netherlands; Canada; Brazil; Argentina; United States; Thailand; Turkey (Türkiye); Singapore; Germany; United Kingdom; Belgium; Taiwan; Hong Kong; Italy; Hungary; Spain,,France
NCT03732391,Phase 2 Study of Pembrolizumab+Carboplatin in Breast Related Cancer Antigens-related Metastatic Breast Cancer (PEMBRACA),Completed,Phase 2,2018-12-12,22,CORTESI LAURA,OTHER,Metastatic Breast Cancer,Italy,2018.0,Italy
NCT05712174,A Study of [18]F-PSMA-1007 in Patients With Known or Suspected Metastatic Prostate Cancer,Terminated,Phase 2,2023-09-14,176,AHS Cancer Control Alberta,OTHER,Oncology; Prostate Cancer,Canada,2023.0,Canada
NCT07173374,Stereotactic Centralized Ablative Radiotherapy for Locally Advanced Pancreatic Cancer: A Single-Arm Phase I Safety and Feasibility Study,SUSPENDED,Phase 1,2025-09-10,24,Shandong Cancer Hospital and Institute,OTHER,Pancreatic Cancer; Locally Advanced Pancreatic Cancer,China,2025.0,China
NCT04618874,US NAB With ROSE Versus US FNAB With no ROSE,Completed,Unknown,2021-03-15,136,Fondazione Policlinico Universitario Agostino Gemelli IRCCS,OTHER,Lung Cancer,Italy,2021.0,Italy
NCT02461290,Rituximab Therapy in Follicular Lymphoma in Combination With Chemotherapy - REFLECT 1,Completed,Unknown,,99,Hoffmann-La Roche,INDUSTRY,Follicular Lymphoma,Serbia,,Serbia
NCT01761097,Endocuff Adenoma Detection Rate Pilot Study,UNKNOWN,Unknown,,300,Cambridge University Hospitals NHS Foundation Trust,OTHER,Colorectal Adenoma; Colorectal Cancer,United Kingdom,,United Kingdom
NCT07387497,Palm Stimulator Use During Peripheral Venous Catheterization,Not Yet Recruiting,Unknown,2026-02-20,90,Zeliha CENGİZ,OTHER,Procedural Pain; Cancer; Fear Needles,Turkey (Türkiye),,Turkey (Türkiye)
NCT02041897,Clinical Evaluation of EUS-FNA on Diagnosis of Pancreatic Cystic Lesions,UNKNOWN,Unknown,,160,Xiaoyin Zhang,OTHER,Pancreatic Cyst,China,,China
NCT02657460,Clinical Trial of Tumor Cell-derived Microparticles Packaging Chemotherapeutic Drugs to Treat Malignant Pleural Effusion,UNKNOWN,Phase 2,,90,"Union Hospital, Tongji Medical College, Huazhong University of Science and Technology",OTHER,Malignant Pleural Effusion,China,,China
NCT03441360,"Study to Assess Safety and Preliminary Activity of Eribulin Mesylate in Pediatric Participants With Relapsed/Refractory Rhabdomyosarcoma (RMS), Non-rhabdomyosarcoma Soft Tissue Sarcoma (NRSTS) and Ewing Sarcoma (EWS)",Completed,Phase 2,2018-04-17,23,Eisai Inc.,INDUSTRY,Relapsed/Refractory Rhabdomyosarcoma; Non-rhabdomyosarcoma Soft Tissue Sarcoma; Ewing Sarcoma,United States,2018.0,United States
NCT04694560,A Time-Limited Approach to Treatment With Ibrutinib for Chronic Lymphocytic Leukemia and Small Lymphocytic Lymphoma,Withdrawn,Unknown,2020-12-22,0,Memorial Sloan Kettering Cancer Center,OTHER,CLL; SLL; CLL/SLL,United States,2020.0,United States
NCT05115760,Pea Protein Oral Nutrition Supplement for the Reduction of Gastrostomy Tube Placement Rate in Patients With Locally Advanced Head and Neck Cancer Undergoing Chemoradiation Therapy,"Active, Not Recruiting",Unknown,2022-04-05,57,Jonsson Comprehensive Cancer Center,OTHER,Locally Advanced Head and Neck Carcinoma,United States,2022.0,United States
NCT07485920,"A Prospective, Multicenter Exploratory Clinical Study on Consolidation Therapy With Tislelizumab Combined With Nintedanib for Limited-stage Small Cell Lung Cancer",Not Yet Recruiting,Phase 4,2026-05-01,20,The Affiliated Hospital of Qingdao University,OTHER,Limited-stage Small Cell Lung Cancer (LS-SCLC),China,,China
NCT02522520,Pedometer Intervention and Health Effects for Sedentary Colorectal Cancer Patients During Adjuvant Chemotherapy,Completed,Unknown,,21,"Rigshospitalet, Denmark",OTHER,Colorectal Cancer,Denmark,,Denmark
NCT06598020,Evaluating the Impact of an Integrative Oncology Training Program for Healthcare Providers,"Active, Not Recruiting",Unknown,2023-10-01,130,Carmel Medical Center,OTHER,Integrative Oncology; Medical Education; Palliative Care,Israel,2023.0,Israel
NCT00715182,A Phase I/II Study to Assess the Safety and Efficacy of TKI258 for the Treatment of Refractory Advanced/Metastatic Renal Cell Cancer,Completed,Phase 1,,87,Novartis Pharmaceuticals,INDUSTRY,Advanced/ Metastatic Renal Cell Cancer,France; United States; Germany; Taiwan; Netherlands; Spain,,France
NCT02128282,Study of CX-4945 in Combination With Gemcitabine and Cisplatin for Frontline Treatment of Cholangiocarcinoma,Completed,Phase 1,,127,"Senhwa Biosciences, Inc.",INDUSTRY,Cholangiocarcinoma,United States; Taiwan; South Korea,,United States
NCT06310382,GH55 for Advanced Cancers With MAPK Mutations: A Study on Safety and Early Results,Recruiting,Phase 1,2022-12-07,110,"Suzhou Genhouse Bio Co., Ltd.",OTHER,Advanced Solid Tumors With MAPK Signal Pathway Mutations,China,2022.0,China
NCT02528682,MiHA-loaded PD-L-silenced DC Vaccination After Allogeneic SCT,Completed,Phase 1,,10,Radboud University Medical Center,OTHER,Hematological Malignancies,Netherlands,,Netherlands
NCT00865982,"Study to Evaluate Safety and Efficacy of Perioperative Chemotherapy With Docetaxel, Cisplatin and Capecitabine (DCX) in Patients With Gastro-esophageal Cancer",UNKNOWN,Phase 2,,50,"Charite University, Berlin, Germany",OTHER,Gastric Cancer; Esophageal Cancer,Germany,,Germany
NCT05538624,A Study of Intraperitoneally Administered AVB-001 in Patients With Serous Adenocarcinoma of the Ovary,Terminated,Phase 1,2022-12-09,14,"Avenge Bio, Inc",INDUSTRY,"Neoplasm, Ovarian; Fallopian Tube Cancer; Primary Peritoneal Cavity Cancer",United States,2022.0,United States
NCT06193759,Immunotherapy for Malignant Pediatric Brain Tumors Employing Adoptive Cellular Therapy (IMPACT),Recruiting,Phase 1,2024-09-20,12,Children's National Research Institute,OTHER,"Medulloblastoma, Childhood; Atypical Teratoid/Rhabdoid Tumor of CNS; Embryonal Tumor With Multilayered Rosettes",United States,2024.0,United States
NCT00005059,Carboplatin and Paclitaxel in Treating Older Patients With Metastatic or Recurrent Unresectable Non-small Cell Lung Cancer,Completed,Phase 2,,51,Alliance for Clinical Trials in Oncology,OTHER,Lung Cancer,United States,,United States
NCT02855359,Denintuzumab Mafodotin (SGN-CD19A) Combined With RCHOP or RCHP Versus RCHOP Alone in Diffuse Large B-Cell Lymphoma or Follicular Lymphoma,Terminated,Phase 2,,24,Seagen Inc.,INDUSTRY,"Diffuse, Large B-Cell, Lymphoma; Follicular Lymphoma, Grade 3b; Transformed Lymphoma / DLBCL",United States; Puerto Rico,,United States
NCT03318380,Contrast-Enhanced Ultrasound Imaging in Diagnosing Liver Cancer in Patients With Cirrhosis,Completed,Unknown,2018-01-19,612,Sidney Kimmel Comprehensive Cancer Center at Thomas Jefferson University,OTHER,Liver Cirrhosis,France; Canada; United States; United Kingdom; Switzerland; Italy,2018.0,France
NCT06990880,A Study of GSK5458514 Administered Alone or In Combination With Other Anti-Cancer Agents in Participants With Prostate Cancer,Recruiting,Phase 1,2025-06-12,85,GlaxoSmithKline,INDUSTRY,"Neoplasms, Prostate",France; Japan; Canada; United States; Spain,2025.0,France
NCT04067180,Randomized Clinical Study Assessing Haplo vs. URD in AML,Terminated,Unknown,2019-11-12,18,Karolinska Institutet,OTHER,Acute Myeloid Leukemia,Canada; Norway; Sweden; Austria; Russia,2019.0,Canada
NCT01668680,Maintenance Metronomic Chemotherapy for Metastatic Colorectal Carcinoma,Terminated,Phase 2,,80,"HaEmek Medical Center, Israel",OTHER,Colorectal Cancer Metastatic,Israel,,Israel
NCT06413680,A First-In Human (FIH) Study to Find Out How Well REGN10597 Medicine Given Alone or in Combination With Cemiplimab Works in Adult Participants Who Have Cancer With Tumors That Have Spread in Their Body,Recruiting,Phase 1,2024-09-23,240,Regeneron Pharmaceuticals,INDUSTRY,Melanoma; Clear-Cell Renal-Cell Carcinoma (ccRCC); Advanced Solid Tumors,United States,2024.0,United States
NCT03529279,CNG Staging Compared With 8th UICC of NPC for Treatment Decision-marking and Selection of Chemotherapy and Radiotherapy,Not Yet Recruiting,Phase 3,2018-06-12,1324,Sun Yat-sen University,OTHER,Nasopharyngeal Carcinoma,Unknown,2018.0,Unknown
NCT00991796,CS-1008 With Carboplatin/Paclitaxel in Chemotherapy naïve Subjects With Metastatic or Unresectable Non-small Cell Lung Cancer (NSCLC),Completed,Phase 2,,109,Daiichi Sankyo,INDUSTRY,Non-small Cell Lung Cancer,Germany,,Germany
NCT05212896,An Exploratory Clinical Study of BC006 in Patients With Advanced Solid Tumors,UNKNOWN,Phase 1,2021-11-26,90,Dragonboat Biopharmaceutical Company Limited,INDUSTRY,Advanced Solid Tumors (Including GCTTS),China,2021.0,China
NCT01454596,CAR T Cell Receptor Immunotherapy Targeting EGFRvIII for Patients With Malignant Gliomas Expressing EGFRvIII,Completed,Phase 1,2012-05-16,18,National Cancer Institute (NCI),NIH,Malignant Glioma; Glioblastoma; Brain Cancer,United States,2012.0,United States
NCT00853996,Acolbifene in Preventing Cancer in Premenopausal Women at High Risk of Breast Cancer,Completed,Phase 2,,25,University of Kansas Medical Center,OTHER,Breast Cancer,United States,,United States
NCT05233696,Radiotherapy in Combo With Chemo and Immunotherapy in Patients With PD-L1 Positive Metastatic TNBC,Withdrawn,Phase 2,2022-01-04,0,"University of Colorado, Denver",OTHER,Triple Negative Breast Cancer; Locally Advanced Breast Cancer; Unresectable Breast Carcinoma,United States,2022.0,United States
NCT01747096,TEP With 68-DOTANOC in Gastroenteropancreatic Neuroendocrine Tumors,Completed,Unknown,,130,Nantes University Hospital,OTHER,Patients With Gastroenteropancreatic Neuroendocrine Tumors,France,,France
NCT05059262,Study of Vimseltinib for Tenosynovial Giant Cell Tumor,"Active, Not Recruiting",Phase 3,2021-10-14,123,"Deciphera Pharmaceuticals, LLC",INDUSTRY,Tenosynovial Giant Cell Tumor; Pigmented Villonodular Synovitis; Giant Cell Tumor of Tendon Sheath,France; Netherlands; Canada; United States; Norway; Poland; Germany; Hong Kong; United Kingdom; Switzerland; Australia; Italy; Spain,2021.0,France
NCT06915246,A Study of Carmustine With and Without Ethanol in Subjects With Lymphoma,Recruiting,Phase 2,2025-03-12,49,VIVUS LLC,INDUSTRY,Lymphoma; Non-Hodgkin Lymphoma; Hodgkin Lymphoma,United States,2025.0,United States
NCT00890188,Thalidomide and Tegafur/Uracil(UFUR) in the Treatment of Advanced Colorectal Cancer,UNKNOWN,Phase 2,,34,National Cheng-Kung University Hospital,OTHER,Colon Cancer,Taiwan,,Taiwan
NCT04995003,HER2 Chimeric Antigen Receptor (CAR) T Cells in Combination With Checkpoint Blockade in Patients With Advanced Sarcoma,Recruiting,Phase 1,2021-12-07,25,Baylor College of Medicine,OTHER,Sarcoma; HER-2 Protein Overexpression; Osteosarcoma,United States,2021.0,United States
NCT06597227,Proximal Gastrectomy vs Total Gastrectomy in Locally Advanced Upper Gastric Cancer After Neoadjuvant Therapy,Recruiting,Unknown,2024-03-01,404,Guihua Wang,OTHER,Locally Advanced Gastric Cancer,China,2024.0,China
NCT06648161,Using a Mirror in the Second Stage of Labor: Effects on Duration and Birth Experience,Completed,Unknown,2023-02-01,122,Kocaeli University,OTHER,"Labor Stage, Second",Turkey (Türkiye),2023.0,Turkey (Türkiye)
NCT03548740,Diversity Analysis of Vaginal Microbiota on Women With High-risk Human Papillomavirus Infection,UNKNOWN,Unknown,2018-09-01,151,Peking Union Medical College Hospital,OTHER,Papillomavirus Infections,China,2018.0,China
NCT04510740,Liver Cancer Registry Platform,Recruiting,Unknown,2020-08-09,1000,iOMEDICO AG,INDUSTRY,Hepatocellular Carcinoma (HCC); Cholangiocarcinoma,Germany,2020.0,Germany
NCT01371240,Secretin-Assisted Computed Tomography Scan and Magnetic Resonance Imaging in Improving Pancreatic Tumor Conspicuity,Withdrawn,Phase 1 (Early),,0,University Hospitals Cleveland Medical Center,OTHER,Pancreas Cancer,United States,,United States
NCT00098540,Sorafenib in Treating Patients With Stage IIIB or Stage IV Non-Small Cell Lung Cancer,Completed,Phase 2,,46,National Cancer Institute (NCI),NIH,Recurrent Non-small Cell Lung Cancer; Stage IIIB Non-small Cell Lung Cancer; Stage IV Non-small Cell Lung Cancer,United States,,United States
NCT05534789,Treatment Patterns and Clinical Outcomes Among Patients With Advanced Renal Cell Carcinoma (aRCC) Receiving Systemic First-line (1st Line) Anti-cancer Treatment Under Daily Routine in Germany: Retrospective Medical Chart Review (RENALISTIC Study).,Terminated,Unknown,2022-10-15,106,Pfizer,INDUSTRY,"Carcinoma, Renal Cell",United States,2022.0,United States
NCT07323589,"Impact of Myo-Inositol Alone vs Myo-Inositol Plus Metformin on Conception, Adherence, and Tolerability in PCOS",Completed,Phase 3,2025-01-01,120,PAEC general hospital,OTHER_GOV,PCOS (Polycystic Ovary Syndrome),Pakistan,2025.0,Pakistan
NCT00598117,Quality Of Life Outcomes Following Treatment for Esophageal Cancer,Completed,Unknown,,409,Memorial Sloan Kettering Cancer Center,OTHER,Esophageal Cancer,United States,,United States
NCT02179489,Surgery With HIPEC in Treating Patients With a High Risk of Developing Colorectal Peritoneal Carcinomatosis,Completed,Unknown,2014-11-01,271,Zhejiang University,OTHER,Malignant Neoplasm of Large Intestine TNM Staging Primary Tumor (T) T4; Peritoneal Carcinomatosis,China,2014.0,China
NCT01110668,Evaluation of Nilotinib In Patients With Advanced Gastrointestinal Stromal Tumor (GIST),Completed,Phase 2,,2,Novartis Pharmaceuticals,INDUSTRY,Gastrointestinal Stromal Tumor,Turkey (Türkiye),,Turkey (Türkiye)
NCT00271050,External Beam Radiotherapy and Zevalin for Management of Indolent B-Cell Non-Hodgkin's Lymphoma,Completed,Phase 1,,12,The Cleveland Clinic,OTHER,"Lymphoma, B-Cell",United States,,United States
NCT03435250,Study of AG-270 in Participants With Advanced Solid Tumors or Lymphoma With MTAP Loss,Terminated,Phase 1,2018-03-04,123,Institut de Recherches Internationales Servier,OTHER,Advanced Solid Tumors; Lymphoma,United States; France; Spain,2018.0,United States
NCT06416774,A Clinical Study of 68Ga-HX01 Injection for PET Imaging,Completed,Phase 1,2022-12-29,22,"Hexin (Suzhou) Pharmaceutical Technology Co., Ltd",INDUSTRY,Healthy; Malignancy,China,2022.0,China
NCT03385018,Trial for Application of Laparoscopic Total Gastrectomy With Lymph Node Dissection for Gastric Cancer (KLASS-06),Recruiting,Unknown,2018-04-05,772,Yonsei University,OTHER,Gastric Cancer,South Korea,2018.0,South Korea
NCT00631618,Clinical Trial of Sutent to Treat Metastatic Melanoma,Completed,Phase 2,,12,California Pacific Medical Center Research Institute,OTHER,Metastatic Melanoma,United States,,United States
NCT00253474,PEG-Interferon Alfa-2b in Treating Young Patients With Plexiform Neurofibroma,Completed,Phase 1,,36,National Institutes of Health Clinical Center (CC),NIH,"Neoplasm of Uncertain Malignant Potential; Unspecified Childhood Solid Tumor, Protocol Specific",United States,,United States
NCT00746590,Study of Anti-tumour Effects and Safety of Prolarix™ in Hepatocellular Carcinoma,Terminated,Phase 2,,1,BTG International Inc.,OTHER,Hepatocellular Carcinoma,Belgium,,Belgium
NCT05750290,CKD-702 Plus Irinotecan in Gastric Cancer,UNKNOWN,Phase 2,2022-12-01,40,"National Cancer Center, Korea",OTHER_GOV,Gastric Cancer,South Korea,2022.0,South Korea
NCT03490890,Microwave Ablation in Ground Glass Nodules,UNKNOWN,Phase 2,2018-05-01,200,Shandong Provincial Hospital,OTHER_GOV,Microwave Ablation; Lung Cancer,China,2018.0,China
NCT02740790,Immunogenicity and Safety of Human Papillomavirus (HPV)-16/18 Vaccine in Healthy Females,Completed,Phase 2,,1200,"Shanghai Zerun Biotechnology Co.,Ltd",INDUSTRY,Human Papillomavirus,China,,China
NCT00398697,Phase I Perifosine and Gemcitabine Study,Completed,Phase 1,,19,AEterna Zentaris,INDUSTRY,Neoplasms,United States,,United States
NCT00846313,Can Malnutrition be Prevented in Patient With Colorectal Cancer Stage Dukes D?,Withdrawn,Unknown,,0,Norwegian University of Science and Technology,OTHER,Colorectal Neoplasm,Unknown,,Unknown
NCT03740360,Contrast Enhanced Ultrasound and Molecular Analysis in the Diagnosis of Pancreatic Cyst,Completed,Unknown,2017-06-01,36,Fundación de Investigación Biomédica - Hospital Universitario de La Princesa,OTHER,Pancreatic Cyst,Spain,2017.0,Spain
NCT00728520,Trial With Azacitidine in Newly Diagnosed Acute Myelogenous Leukemia (AML) Veterans Administration (VA) Elderly Patients Not Eligible for Standard Induction Therapy,UNKNOWN,Phase 2,,40,Kansas City Veteran Affairs Medical Center,FED,Acute Myeloid Leukemia; Elderly,United States,,United States
NCT02189720,"Expanded Access Study Amifampridine Phosphate in Lambert-Eaton Myasthenic Syndrome (LEMS),Congenital Myasthenic Syndrome",APPROVED_FOR_MARKETING,Unknown,,61,"Catalyst Pharmaceuticals, Inc.",INDUSTRY,"Congenital Myasthenic Syndrome; Lambert-Eaton Myasthenic Syndrome; Nystagmus, Acquired",United States,,United States
NCT01617382,Register With Patients in Which Hyperthermic Intra-Peritoneal Chemotherapy (HIPEC) Was Performed,Recruiting,Unknown,,125,Universitaire Ziekenhuizen KU Leuven,OTHER,Peritoneal Carcinomatosis; Pseudomyxoma Peritonei; Peritoneal Mesothelioma,Belgium,,Belgium
NCT02195180,Efficacy and Safety of L-asparaginase Encapsulated in RBC Combined With Gemcitabine or FOLFOX in 2nd Line for Progressive Metastatic Pancreatic Carcinoma,Completed,Phase 2,,141,ERYtech Pharma,INDUSTRY,Pancreatic Adenocarcinoma Metastatic,France,,France
NCT06317480,Outcomes Comparison Between Bone Resection and Subperiosteal Dissection for Specific Type of Soft Tissue Sarcoma,Completed,Unknown,2000-05-01,142,"Second Affiliated Hospital, School of Medicine, Zhejiang University",OTHER,Soft Tissue Sarcoma; Cortical Contact,Unknown,2000.0,Unknown
NCT01420679,Pralatrexate vs Observation Following CHOP-based Chemotherapy in Undiagnosed Peripheral T-cell Lymphoma Patients,Terminated,Phase 3,,21,"Spectrum Pharmaceuticals, Inc",INDUSTRY,Peripheral T-cell Lymphoma,France; Italy; New Zealand; Canada; United States; Poland; Puerto Rico; United Kingdom; Spain; Belgium; Australia; Ireland; Israel,,France
NCT00064779,Imaging Study of the Distribution of IL13-PE38QQR Infused Before and After Surgery in Adult Patients With Recurrent Malignant Glioma,Completed,Phase 1,,18,INSYS Therapeutics Inc,INDUSTRY,Malignant Glioma; Glioblastoma Multiforme; Anaplastic Astrocytoma,United States,,United States
NCT05266196,A Rollover Protocol to Allow for Continued Access to the LSD1 Inhibitor Seclidemstat (SP-2577),UNKNOWN,Phase 1,2022-01-15,10,"Salarius Pharmaceuticals, LLC",INDUSTRY,Ewing Sarcoma; Myxoid Liposarcoma; Desmoplastic Small Round Cell Tumor,United States,2022.0,United States
NCT04948879,The Role of Vascular Reconstruction in the Setting of Pelvic Exenteration,UNKNOWN,Unknown,2021-08-01,100,"St Vincent's University Hospital, Ireland",OTHER,Vascular Reconstruction in Pelvic Exenterative Surgery,Unknown,2021.0,Unknown
NCT03777579,A Study of First-line JS001 and Nab-paclitaxel Versus Palcelbo and Nab-Paclitaxel in Participants With Advanced Recurrent or Metastatic TNBC,SUSPENDED,Phase 3,2018-12-21,375,"CSPC ZhongQi Pharmaceutical Technology Co., Ltd.",INDUSTRY,Triple Negative Breast Cancer,China,2018.0,China
NCT07014462,A Phase 1B Investigator Initiated Study of Safety and Tolerability of Dexamethasone (D) in Combination With Venetoclax-based Low-Intensity Therapy (LIT) in Treatment-Naïve Acute Myeloid Leukemia (AML): DLIT-AML,ENROLLING_BY_INVITATION,Phase 1,2025-09-01,20,University of Vermont,OTHER,AML - Acute Myeloid Leukemia,United States,2025.0,United States
NCT04417062,Olaparib With Ceralasertib in Recurrent Osteosarcoma,"Active, Not Recruiting",Phase 2,2020-11-24,63,Dana-Farber Cancer Institute,OTHER,Osteosarcoma; Osteosarcoma Recurrent,United States,2020.0,United States
NCT00582062,Detection of Peritoneal Micrometastasis in Gastric and Pancreatic Cancer in Peritoneal Wash Samples,Completed,Unknown,,144,Memorial Sloan Kettering Cancer Center,OTHER,Gastric and Pancreatic Cancer,United States,,United States
NCT03873103,The Belgian Molecular Profiling Program of Metastatic Cancer for Clinical Decision and Treatment Assignment,UNKNOWN,Unknown,2019-03-31,1000,The Belgian Society of Medical Oncology,OTHER,Metastatic Cancer,Belgium,2019.0,Belgium
NCT00088803,DNA Variations in the Gene in Young Patients With Wilms' Tumor,Completed,Unknown,,471,Children's Oncology Group,NETWORK,Kidney Cancer,New Zealand; Canada; United States; Puerto Rico; Switzerland; Australia; Netherlands,,New Zealand
NCT07329803,"Pre-cut Versus Intentional Double Guidewire for ERCP Cannulation: Prospective, Randomized Controlled Trial",Not Yet Recruiting,Unknown,2026-01-25,840,"Asian Institute of Gastroenterology, India",OTHER,ERCP; Choledocholithiasis; Biliary Drainage,Unknown,,Unknown
NCT02124746,"Long-term Safety and Efficacy of Momelotinib in Subjects With Primary Myelofibrosis, Post-polycythemia Vera Myelofibrosis, Post-essential Thrombocythemia Myelofibrosis, Polycythemia Vera or Essential Thrombocythemia",Completed,Phase 2,2014-04-30,87,Sierra Oncology LLC - a GSK company,INDUSTRY,Primary Myelofibrosis; Post-Polycythemia Vera Myelofibrosis; Post-Essential Thrombocythemia Myelofibrosis,France; Canada; United States; Germany; Australia,2014.0,France
NCT00003088,Combination Chemotherapy in Treating Patients With Breast Cancer,Completed,Phase 3,,2005,Alliance for Clinical Trials in Oncology,OTHER,Breast Cancer,United States; Canada,,United States
NCT05575388,Pattern of Isolated Fungi From Bronchoalveolar Lavage Among Patients With Lung Cancer,Completed,Unknown,2018-03-01,100,Mansoura University,OTHER,Lung Cancer,Egypt,2018.0,Egypt
NCT06778603,B7-H3 NIR Imaging for Osteosarcoma Surgery,Recruiting,Phase 1,2024-01-01,32,Peking University People's Hospital,OTHER,Osteosarcoma; Resection Margins; B7-H3 Probe,China,2024.0,China
NCT07474727,A Phase II Study of AMT-676 Combination Therapies in Advanced Colorectal Cancer,Not Yet Recruiting,Phase 2,2026-04-01,180,Multitude Therapeutics Inc.,INDUSTRY,Colorectal Cancer,Unknown,,Unknown
NCT02308527,Activity Study of Bevacizumab With Temozolomide ± Irinotecan for Neuroblastoma in Children,"Active, Not Recruiting",Phase 2,,225,University of Birmingham,OTHER,Neuroblastoma,France; Denmark; Italy; Netherlands; United Kingdom; Belgium; Switzerland; Austria; Ireland; Spain,,France
NCT06969027,JS207Combined With Chemotherapy in First-line Treatment of Advanced NSCLC,Recruiting,Phase 2,2025-06-19,84,"Shanghai Junshi Bioscience Co., Ltd.",OTHER,Non-small Cell Lung Cancer,China,2025.0,China
NCT00024661,Study to Determine the Maximum Tolerated Dose of LErafAON in Patients With Advanced Solid Tumors,Completed,Phase 1,,30,INSYS Therapeutics Inc,INDUSTRY,Neoplasms,United States,,United States
NCT02179515,Safety and Tolerability of a Modified Vaccinia Ankara (MVA)-Based Vaccine Modified to Express Brachyury and T-cell Costimulatory Molecules (MVA-Brachyury-TRICOM),Completed,Phase 1,2014-06-28,38,National Cancer Institute (NCI),NIH,Lung Cancer; Breast Cancer; Prostate Cancer,United States,2014.0,United States
NCT01089335,Sentinel Lymphnode in Patients With Papillary Thyroid Carcinoma and in Patients With Suspected Thyroid Neoplasia,Completed,Unknown,,100,Region Skane,OTHER,Thyroid Neoplasms; Thyroid Cancer,Sweden,,Sweden
NCT06498635,"Immunotherapy After Surgery for People Who Have No Remaining Cancer Cells After Standard Treatment for Early-Stage Non-Small Cell Lung Cancer, INSIGHT Trial",Recruiting,Phase 3,2025-04-01,306,National Cancer Institute (NCI),NIH,Lung Non-Small Cell Carcinoma; Stage II Lung Cancer AJCC v8; Stage IIIA Lung Cancer AJCC v8,United States,2025.0,United States
NCT02673008,MRD-directed Donor Lymphocyte Infusion for Reduce of Relapse After Allo-HSCT,Completed,Phase 2,,206,"Nanfang Hospital, Southern Medical University",OTHER,Minimal Residual Disease; Donor Lymphocyte Infusion; Hematopoietic Stem Cell Transplantation,China,,China
NCT02497508,Nivolumab in Patients With Recurrent Malignant Mesothelioma,Completed,Phase 2,,33,The Netherlands Cancer Institute,OTHER,Malignant Pleural Mesothelioma,Unknown,,Unknown
NCT06613308,Association Between Microbiome and the Efficacy and Safety of PD-1/PD-L1 Blockade in Resectable NSCLC,Not Yet Recruiting,Unknown,2024-09-25,20,Capital Medical University,OTHER,Lung Cancer (NSCLC),Unknown,2024.0,Unknown
NCT05191225,Ultrafast Truxima Infusion in Non-Hodgkin's Lymphoma: Txagorapid Study,UNKNOWN,Phase 4,2021-09-28,48,Laida Cuevas Palomares,NETWORK,Non-Hodgkin's Lymphoma,Spain,2021.0,Spain
NCT03425825,Treatment Patterns in Advanced Small Cell Lung Cancer (SCLC),Completed,Unknown,2016-12-15,764,Bristol-Myers Squibb,INDUSTRY,Lung Cancer,United Kingdom; Spain,2016.0,United Kingdom
NCT06643676,Effect of Targeted Endodontic Microsurgery on Quality of Life and Healing on Mandibular Molars,Completed,Unknown,2024-07-01,50,Postgraduate Institute of Dental Sciences Rohtak,OTHER,Periapical Diseases; Periapical Periodontitis; Periapical Cyst,India,2024.0,India
NCT03857776,Open Dialogue About Complementary Alternative Medicine (CAM) Integrated in Conventional Oncology Care,Completed,Unknown,2019-04-05,112,Vejle Hospital,OTHER,Cancer,Denmark,2019.0,Denmark
NCT05979740,RC48 Combined With Toripalimab and Radiotherapy for Bladder Sparing Treatment in MIBC,UNKNOWN,Phase 2,2023-08-01,6,RenJi Hospital,OTHER,Muscle Invasive Bladder Cancer; HER2 Expression; Radiotherapy,China,2023.0,China
NCT07224789,Liquid Biopsy for Early Detection of Colorectal Cancer Using Circular RNA,Recruiting,Unknown,2025-01-15,600,City of Hope Medical Center,OTHER,Colorectal Cancer,United States,2025.0,United States
NCT05521789,Erector Spinae Block for Thoracic Surgery,Recruiting,Phase 4,2022-07-22,70,George Washington University,OTHER,Pulmonary Neoplasm; Pulmonary Cancer; Thoracic Diseases,United States,2022.0,United States
NCT06140589,"Exploring the Efficacy, Safety and Cost-effectiveness Analysis of Cadonilimab in the Treatment of Cervical Cancer",Recruiting,Unknown,2024-09-07,200,Fujian Cancer Hospital,OTHER_GOV,Cervical Cancer,China,2024.0,China
NCT01626950,Living Conditions and Breast Cancer,Completed,Unknown,,684,Centre Hospitalier Universitaire de Nīmes,OTHER,Breast Neoplasms,France,,France
NCT03685591,PF-06952229 Treatment in Adult Patients With Advanced Solid Tumors,Terminated,Phase 1,2018-10-04,49,Pfizer,INDUSTRY,"Breast Neoplasms; Prostate Neoplasms; Neoplasms, Squamous Cell",United States,2018.0,United States
NCT06203574,Clinical Study of TROP-2 PET/CT for Noninvasive Diagnosis of Solid Tumors,Recruiting,Unknown,2023-12-01,60,Huashan Hospital,OTHER,Positron-Emission Tomography; Neoplasms,China,2023.0,China
NCT04365374,Post-Surgical Stereotactic Radiotherapy (SRT) Versus GammaTile-ROADS (Radiation One and Done Study),"Active, Not Recruiting",Phase 3,2021-04-06,230,"GT Medical Technologies, Inc.",INDUSTRY,Brain Metastases,United States,2021.0,United States
NCT06777290,"Comparison of Whole-body MRI, Circulating DNA and PET-CT in Staging, Prognosis, and Treatment Response in Patients with Diffuse Large Cell B Lymphoma",Completed,Unknown,2021-01-01,14,"Charles University, Czech Republic",OTHER,"Lymphoma, Diffuse Large B-Cell",Czechia,2021.0,Czechia
NCT04179890,The Study Observes How Long Patients With Non-small Cell Lung Cancer (NSCLC) Benefit From Treatment With Epidermal Growth Factor Tyrosine Kinase Inhibitor (EGFR-TKI) When Given Either for Uncommon Mutations or for Common Mutations in the Sequence Afatinib Followed by Osimertinib,Completed,Unknown,2019-12-17,462,Boehringer Ingelheim,INDUSTRY,"Non-squamous, Non-Small Cell Lung Cancer",United Kingdom,2019.0,United Kingdom
NCT05549297,Tebentafusp Regimen Versus Investigator's Choice in Previously Treated Advanced Melanoma (TEBE-AM),Recruiting,Phase 3,2022-12-19,540,Immunocore Ltd,INDUSTRY,Advanced Melanoma,France; Canada; United States; Poland; Germany; United Kingdom; Belgium; Switzerland; Australia; Austria; Italy; Spain,2022.0,France
NCT03577197,Southeast Netherlands Advanced Metastatic Breast Cancer Registry,Recruiting,Unknown,2007-01-01,7000,Academisch Ziekenhuis Maastricht,OTHER,Advanced Breast Cancer; Metastatic Breast Cancer,Netherlands,2007.0,Netherlands
NCT04781413,Nab-PTX Plus S-1 and Sintilimab as Adjuvant Therapy in Patients With Stage IIIC Gastric Cancer,UNKNOWN,Phase 1,2021-03-01,38,Ruijin Hospital,OTHER,Stage IIIC Gastric Cancer,China,2021.0,China
NCT01625260,A Study of ALT-801 in Patients With Bacillus Calmette-Guerin (BCG) Failure Non-Muscle Invasive Bladder Cancer,Terminated,Phase 1,2012-03-30,12,Altor BioScience,INDUSTRY,Non-muscle Invasive Bladder Cancer,United States,2012.0,United States
NCT01808820,Dendritic Cell (DC) Vaccine for Malignant Glioma and Glioblastoma,Completed,Phase 1,2013-08-21,20,"Macarena De La Fuente, MD",OTHER,Malignant Glioma; Glioblastoma Multiforme; Anaplastic Astrocytoma,United States,2013.0,United States
NCT01092182,Phase II Study of Dose-Adjusted EPOCH-Rituximab in Adults With Untreated Burkitt Lymphoma and c-MYC+ Diffuse Large B-Cell Lymphoma,Completed,Phase 2,2010-03-25,194,National Cancer Institute (NCI),NIH,"Burkitt Lymphoma; Diffuse Large B-cell Lymphoma, c-MYC Positive; Plasmablastic Lymphoma",United States,2010.0,United States
NCT05918224,Streptococcus Salivarius K12 for Prevention and Treatment of Oral Mucositis in Patients Undergoing Radiotherapy,Completed,Phase 2,2022-01-01,160,West China Hospital,OTHER,Head and Neck Squamous Cell Carcinoma,China,2022.0,China
NCT02960724,uPAR PET/CT for Staging Advanced and Localised Oral and Oropharyngeal Cancer,UNKNOWN,Phase 2,,90,"Rigshospitalet, Denmark",OTHER,Oral Cancer; Oropharyngeal Cancer; Neoplasms,Denmark,,Denmark
NCT01850524,IXAZOMIB Plus Lenalidomide and Dexamethasone Versus Placebo Plus Lenalidomide and Dexamethasone in Adult Patients With Newly Diagnosed Multiple Myeloma,Completed,Phase 3,2013-04-29,705,"Millennium Pharmaceuticals, Inc.",INDUSTRY,Multiple Myeloma,France; New Zealand; Canada; United States; Belgium; South Korea; Russia,2013.0,France
NCT05490524,Smart Living Homes: GATEKEEPER System With Patients With Cancer and Dementia in Cyprus,UNKNOWN,Unknown,2021-06-01,300,Cyprus University of Technology,OTHER,Neoplasms; Cancer; Dementia,Cyprus,2021.0,Cyprus
NCT01302223,Keratinocyte Growth Factor and Cytokines in Burns.,Completed,Unknown,,8,Federal University of São Paulo,OTHER,"Burns; Growth Factors, Combined Defect of; Inflammation",Brazil,,Brazil
NCT06861023,Review of the Literature and Serie of Patients Who Underwent Reconstruction After Wide Local Excision of Nail Apparatus for Melanoma,Recruiting,Unknown,2025-01-15,10,Centre Hospitalier Universitaire de Nice,OTHER,Melanoma,France,2025.0,France
NCT00001623,Bone Marrow Transplant Studies for Safe and Effective Treatment of Leukemia,Completed,Unknown,1997-03-27,41,"National Heart, Lung, and Blood Institute (NHLBI)",NIH,Graft vs Host Disease; Hematologic Neoplasm; Leukemia,United States,1997.0,United States
NCT02271659,Medical and Economic Evaluation for Intermediate-risk Prostate Cancer,UNKNOWN,Unknown,,298,Hospices Civils de Lyon,OTHER,Prostate Cancer,France,,France
NCT00741780,Long-Term Follow-up Study for Multiple Myeloma Patients Who Received Study Treatment (Plerixafor or Placebo) in the AMD3100-3102 Study (NCT00103662).,Completed,Unknown,,164,"Genzyme, a Sanofi Company",INDUSTRY,Multiple Myeloma; Autologous Transplantation,Unknown,,Unknown
NCT03388580,Predictors for Bronchoalveolar Lavage (BAL) Recovery Rate Derived From Quantified Computed Tomography (qCT),Completed,Unknown,,33,Universitätsmedizin Mannheim,OTHER,Interstitial Lung Disease; Pneumonia; Malignant Neoplasm,Unknown,,Unknown
NCT01250379,A Study of Avastin (Bevacizumab) in Combination With Chemotherapy in Patients With Breast Cancer Progressing After First-Line Therapy With Avastin and Chemotherapy (TANIA),Completed,Phase 3,,494,Hoffmann-La Roche,INDUSTRY,Breast Cancer,France; Croatia; Brazil; Argentina; Slovakia; Germany; Spain; Switzerland; Greece; Austria; Italy; Hungary; Israel,,France
NCT03594396,Window of Opportunity Trial of Neoadjuvant Olaparib and Durvalumab for Triple Negative or Low ER+ Breast Cancer,"Active, Not Recruiting",Phase 1,2018-06-29,54,Seoul National University Hospital,OTHER,Breast Neoplasms,South Korea,2018.0,South Korea
NCT03981796,A Study to Evaluate Dostarlimab Plus Carboplatin-paclitaxel Versus Placebo Plus Carboplatin-paclitaxel in Participants With Recurrent or Primary Advanced Endometrial Cancer,"Active, Not Recruiting",Phase 3,2019-07-18,785,"Tesaro, Inc.",INDUSTRY,Neoplasms,Denmark; Canada; Belgium; Greece; Ukraine; Italy; Spain; Turkey (Türkiye); United Kingdom; Netherlands; Belarus; Germany; Sweden; Hungary; Israel; United States; Norway; Poland; Czechia; Finland,2019.0,Denmark
NCT00005796,Combination Chemotherapy Plus Gene Therapy in Treating Patients With CNS Tumors,Completed,Phase 1,,10,Indiana University,OTHER,Bone Marrow Suppression; Brain and Central Nervous System Tumors; Drug/Agent Toxicity by Tissue/Organ,United States,,United States
NCT06305962,177Lu-anti-PD-L1 sdAb in Metastatic Solid Tumors,Recruiting,Phase 1 (Early),2024-06-03,30,"Radiopharm Theranostics, Ltd",INDUSTRY,PDL1 Gene Mutation; Non Small Cell Lung Cancer; Small Cell Lung Cancer ( SCLC ),Australia,2024.0,Australia
NCT03107962,Treatment of Relapsed or Refractory Natural Killer/T Cell Lymphoma,UNKNOWN,Phase 2,2017-02-19,20,Mingzhi Zhang,OTHER,"Natural Killer/T-Cell Lymphoma, Nasal and Nasal-Type",China,2017.0,China
NCT06651346,Cell-Surface Plectin in the Diagnosis of Cholangiocarcinoma from ERCP-directed Biliary Samples,Not Yet Recruiting,Unknown,2025-02-01,100,University of Virginia,OTHER,Cholangiocarcinoma,United States,2025.0,United States
NCT01221688,Sentinel Lymph Node Detection After Neoadjuvant Chemotherapy for Large Operable Breast Cancer,Completed,Unknown,2010-07-12,958,Institut Cancerologie de l'Ouest,OTHER,Breast Cancer,France,2010.0,France
NCT01228955,Yoga Intervention for Cancer Survivors,Completed,Unknown,,48,Vanderbilt University Medical Center,OTHER,Cancer Survivors; Yoga,United States,,United States
NCT04035226,"A Study of Real-life Current Standards of Care in Patients With Relapsed and/or Refractory Multiple Myeloma Who Received at Least 3 Prior Lines of Therapy Including Proteasome Inhibitor (PI), Immunomodulatory Drug (IMID), and Cluster of Differentiation 38 (CD38) Monoclonal Antibody Treatment",Completed,Unknown,2019-08-02,254,Janssen-Cilag Ltd.,INDUSTRY,Multiple Myeloma,France; Netherlands; United States; Poland; Germany; United Kingdom; Belgium; Russia; Italy; Spain,2019.0,France
NCT01617278,I-Scan Versus High-definition White Light,Completed,Unknown,,150,University of Calgary,OTHER,Colorectal Cancer,Canada,,Canada
NCT00290485,Gleevec Administered Preoperatively to Reduce Gastrointestinal Stromal Tumor (GIST),UNKNOWN,Phase 2,,50,Maisonneuve-Rosemont Hospital,OTHER,Gastrointestinal Stromal Tumors,Canada,,Canada
NCT04878185,Optimizing Physical Function Before Cancer Surgery in Older People at Risk,UNKNOWN,Unknown,2021-05-10,53,Karolinska Institutet,OTHER,Colorectal Cancer; Postoperative Complications,Sweden,2021.0,Sweden
NCT02461043,Adjuvant Chemotherapy With Paclitaxel and Cisplatin in Lymph Node-Positive Adjuvant Chemotherapy in the Treatment of the Lymph Node Positive Thoracic Esophageal Squamous Cell Carcinoma,UNKNOWN,Phase 3,,386,Chinese Academy of Medical Sciences,OTHER,Esophageal Cancer,China,,China
NCT04383743,Pembrolizumab and Combination Chemotherapy Before Surgery for the Treatment of Muscle-Invasive Bladder Cancer,Completed,Phase 2,2020-11-24,17,University of Washington,OTHER,Stage II Bladder Cancer AJCC v8; Stage IIIA Bladder Cancer AJCC v8; Muscle Invasive Bladder Carcinoma,United States,2020.0,United States
NCT01736943,Bortezomib and Doxil for the Treatment of Patients With Acute Myelogenous Leukemia,Completed,Phase 2,2012-12-19,25,Joseph Tuscano,OTHER,Acute Myelogenous Leukemia,United States,2012.0,United States
NCT01602315,A Phase Ib/II Study of BYL719 and Cetuximab in Recurrent or Metastatic Head and Neck Squamous Cell Carcinoma,Terminated,Phase 1,2012-11-12,179,Novartis Pharmaceuticals,INDUSTRY,Recurrent Head and Neck Squamous Cell Carcinoma; Metastatic Head and Neck Squamous Cell Carcinoma,France; Canada; United States; Australia; Singapore; Taiwan; South Korea; Hong Kong; Netherlands,2012.0,France
NCT04416035,A Study to Compare the Similarity in Efficacy and Safety Between TRS003 and China-approved Bevacizumab® in NSCLC,UNKNOWN,Phase 3,2020-08-17,608,Zhejiang Teruisi Pharmaceutical Inc.,INDUSTRY,Advanced Non-squamous Non-small-cell Lung Cancer,China,2020.0,China
NCT03470935,Non-interventional Study Evaluating Gynecological Impact of Diagnosis and Treatment of Breast Cancer in Patients Younger,Completed,Unknown,2017-09-15,60,Hôpital Privé des Côtes d'Armor (HPCA),OTHER,Breast Cancer Female,France,2017.0,France
NCT05200325,Clinical Utility Evidence for TissueCypher®,Completed,Unknown,2021-06-06,280,"Qure Healthcare, LLC",INDUSTRY,Gastro-Intestinal Disorder; Barrett Esophagus,United States,2021.0,United States
NCT02292225,Duvelisib With Obinutuzumab in Patients With CLL/SLL Previously Treated With a BTKi (SYNCHRONY),Terminated,Phase 1,,3,SecuraBio,INDUSTRY,"Lymphocytic Leukemia, Chronic; Lymphoma, Small Lymphocytic",United States; Canada,,United States
NCT07392476,Continuous Glucose Monitoring in Polycystic Ovarian Syndrome,"Active, Not Recruiting",Unknown,2025-12-24,40,The Cleveland Clinic,OTHER,Polycystic Ovarian Syndrome (PCOS),United States,2025.0,United States
NCT00384176,First Line Metastatic Colorectal Cancer Therapy in Combination With FOLFOX,Completed,Phase 2,2006-08-30,1814,AstraZeneca,INDUSTRY,Colorectal Cancer,Canada; South Africa; Belgium; Ukraine; Italy; Spain; Turkey (Türkiye); United Kingdom; Australia; Russia; Malta; Austria; Germany; Hungary; Latvia; Egypt; France; Israel; Thailand; United States; Slovakia; Vietnam; Poland; Czechia; Finland; Philippines; Taiwan; India,2006.0,Canada
NCT00672217,Cognitive-Behavioral Therapy for Chronic Insomnia After Breast Cancer Treatment,Completed,Unknown,,64,"University of Colorado, Denver",OTHER,Breast Cancer,United States,,United States
NCT06076291,An Open-label Study of SG1827 in Subjects With Advanced Solid Tumors,"Active, Not Recruiting",Phase 1,2023-09-27,122,"Hangzhou Sumgen Biotech Co., Ltd.",INDUSTRY,Advanced Solid Tumors,China,2023.0,China
NCT00928174,Measurement of Anti-Androgen Response Using Fluorine-18 Fluorocholine PET/CT in Androgen-Insensitive Prostate Cancer,Completed,Phase 1,,27,Queen's Medical Center,OTHER,Prostate Cancer,United States,,United States
NCT06193174,Re-Administration of C134 in Patients With Recurrent GBM (C134-HSV-1),Terminated,Phase 1,2024-06-21,1,University of Alabama at Birmingham,OTHER,Recurrent Malignant Glioma; Glioblastoma Multiforme of Brain; Gliosarcoma of Brain,United States,2024.0,United States
NCT06012318,Dynamic Follow-up of Symptoms Based on Patient-reported Outcomes in Immunotherapy for Esophageal Cancer: a Prospective Multicentre Cohort Study (SPRING),UNKNOWN,Unknown,2023-09-10,220,Guangdong Provincial People's Hospital,OTHER,Esophageal Cancer; Patient-reported Outcomes; Immunotherapy,China,2023.0,China
NCT07540390,GAPP Induction and Concurrent Chemoradiotherapy for High-risk Locoregionally Advanced NPC.,Not Yet Recruiting,Phase 3,2026-05-08,442,Sun Yat-sen University,OTHER,Nasopharyngeal Carcinoma,China,,China
NCT00658190,Internet-Based Cervical Cytology Screening Program,Completed,Unknown,,175,Massachusetts General Hospital,OTHER,Cervical Cancer,United States,,United States
NCT07419490,Utero-ovarian Transposition in Patients With Pelvic Malignancies Undergoing Whole Pelvic Radiotherapy,Recruiting,Unknown,2026-03-20,26,University of South Florida,OTHER,Colorectal (Colon or Rectal) Cancer; Pelvic Malignancies; Oncofertility,United States,,United States
NCT02248090,AZD9496 First Time in Patients Ascending Dose Study,Completed,Phase 1,2014-10-22,45,AstraZeneca,INDUSTRY,ER+ HER2- Advanced Breast Cancer,United States; United Kingdom; South Korea,2014.0,United States
NCT01072097,"The Effect of Atorvastatin on Androgens, Glucose Metabolism and Inflammation in Polycystic Ovary Syndrome (PCOS) Women",Completed,Unknown,,30,University of Oulu,OTHER,Polycystic Ovary Syndrome,Finland,,Finland
NCT06369597,A Randomized Controlled Trial of the Safety and Efficacy of Robotic Telesurgery Versus Laparoscopic Surgery,UNKNOWN,Unknown,2024-04-15,177,Sun Yat-sen University,OTHER,Liver Cancer; Renal Cancer; Rectal Cancer,China,2024.0,China
NCT04127110,Activity of Lorlatinib Based on ALK Resistance Mutations Detected on Blood in ALK Positive NSCLC Patients,"Active, Not Recruiting",Phase 2,2020-11-17,68,European Organisation for Research and Treatment of Cancer - EORTC,NETWORK,Non Small Cell Lung Cancer,France; Norway; United Kingdom; Jordan; Belgium; Netherlands; Spain,2020.0,France
NCT03502213,Study In Urology Practices Looking At Impact Of OncotypeDX GPS Test On Men Choosing And Remaining On Active Surveillance,Completed,Unknown,2014-07-01,489,"Genomic Health®, Inc.",INDUSTRY,Prostate Cancer,Unknown,2014.0,Unknown
NCT03575013,A Combination of Avelumab and Taxane (AVETAX) for Urothelial Cancer,Completed,Phase 1,2018-10-29,21,Yousef Zakharia,OTHER,Urothelial Carcinoma,United States,2018.0,United States
NCT02035813,DETECT IV - A Study in Patients With HER2-negative Metastatic Breast Cancer and Persisting HER2-negative Circulating Tumor Cells (CTCs).,Completed,Phase 2,,116,Prof. Wolfgang Janni,OTHER,HER2-negative and Hormone-receptor Positive Metastatic Breast Cancer; HER2-negative Circulating Tumor Cells; Postmenopausal Female Patients,Germany,,Germany
NCT06929013,Blood Clearance Kinetics of the Nucleosome and CTCF in Peritoneal Metastasis Colorectal Cancer.,Recruiting,Unknown,2025-05-06,58,Hospices Civils de Lyon,OTHER,Peritoneal Carcinomatosis; Peritoneal Metastases From Colorectal Cancer,France,2025.0,France
NCT02761460,The Efficacy and Safety of PEG-rhG-CSF in Preventing Chemotherapy-induced Neutropenia,UNKNOWN,Phase 3,2016-05-04,338,wang shusen,OTHER,Breast Cancer,China,2016.0,China
NCT06466720,Measuring and Mapping Cognitive Decline After Brain Radiosurgery,"Active, Not Recruiting",Unknown,2024-06-21,80,University of Nottingham,OTHER,Brain Metastases; Meningiomas; Stereotactic Radiosurgery,United Kingdom,2024.0,United Kingdom
NCT05431582,Phase I Study of ZN-c3 and Bevacizumab ± Pembrolizumab in Metastatic CCNE1 Amplified and TP53 Mutant Solid Tumors,Withdrawn,Phase 1,2022-12-14,0,M.D. Anderson Cancer Center,OTHER,Tumors; Ovarian Cancer; Breast Cancer,Unknown,2022.0,Unknown
NCT07412782,REMS25: Study on the Use of REMS Technology in Diseases Commonly Associated With Reduced Bone Mineral Density (BMD),Recruiting,Unknown,2025-12-04,100,Meyer Children's Hospital IRCCS,OTHER,Osteogenesis Imperfecta; Osteoporosis; Hypogonadisms,Italy,2025.0,Italy
NCT06635824,Trial to Evaluate Acasunlimab and Pembrolizumab Combination Superiority Over Standard of Care Docetaxel in Non-Small Cell Lung Cancer (ABBIL1TY NSCLC-06),"Active, Not Recruiting",Phase 3,2024-11-25,191,Genmab,INDUSTRY,"PD-L1-positive, Locally Advanced (Unresectable Stage IIIB/C) or Metastatic NSCLC",Canada; Belgium; Greece; Italy; Spain; Chile; Turkey (Türkiye); Puerto Rico; United Kingdom; South Korea; Australia; Austria; Netherlands; Estonia; Japan; Bulgaria; Argentina; Germany; Ireland; Hungary; France; Croatia; Brazil; United States; Poland; Taiwan; Portugal,2024.0,Canada
NCT02811224,Ovarian Cancer Hemoscope Trial,"Active, Not Recruiting",Unknown,,50,Scripps Translational Science Institute,OTHER,Ovarian Neoplasms,Unknown,,Unknown
NCT04456023,Study of Tisagenlecleucel in Chinese Adult Patients With Relapsed or Refractory Diffuse Large B-cell Non-Hodgkin Lymphoma (DLBCL),Withdrawn,Phase 2,2022-01-31,0,Novartis Pharmaceuticals,INDUSTRY,Diffuse Large B-Cell Lymphoma (DLBCL),Unknown,2022.0,Unknown
NCT00847223,Efficacy and Safety of the Farnesyl-transferase Inhibitor (Tipifarnib) in Mantle Cell Lymphoma,Terminated,Phase 2,,11,Lymphoma Study Association,OTHER,Mantle Cell Lymphoma,Unknown,,Unknown
NCT00703859,Combining Radiotherapy and Temozolomide With Dichloroacetate in Patients With Newly Diagnosed Glioblastoma,Withdrawn,Phase 1,,0,AHS Cancer Control Alberta,OTHER,Glioblastoma,Unknown,,Unknown
NCT02101580,Ph 1B Trial With ADI-PEG 20 Plus Nab-Paclitaxel and Gemcitabine in Subjects With Pancreatic Cancer,Completed,Phase 1,2014-11-17,21,Polaris Group,INDUSTRY,Advanced Pancreatic Cancer,United States,2014.0,United States
NCT06264479,Prospective Evaluation of AI R&D Tool for Patient Stratification: a Trial for Renal Immuno-oncology Model Experimental Evaluation 2,Terminated,Unknown,2024-06-19,7,"Ourotech, Inc.",INDUSTRY,Kidney Cancer; Renal Cell Cancer Metastatic,United Kingdom,2024.0,United Kingdom
NCT01142479,Compound Herbal Formula (TPE-1) for Leukopenia and Cancer-related Fatigue in Breast Cancer Patients With Radiotherapy,Completed,Phase 2,,60,Taipei City Hospital,OTHER_GOV,Breast Cancer; Radiotherapy; Chinese Herbal Medicine,Taiwan,,Taiwan
NCT00592579,A Phase 2 Study With Panzem in Patients With Relapsed or Plateau Phase Multiple Myeloma,Completed,Phase 2,,60,"CASI Pharmaceuticals, Inc.",INDUSTRY,Relapsed Multiple Myeloma; Plateau Phase Multiple Myeloma,United States,,United States
NCT01167179,Nurse-led Follow-up Care for Head and Neck Cancer Patients,Completed,Unknown,,160,Radboud University Medical Center,OTHER,Head and Neck Cancer,Netherlands,,Netherlands
NCT03258515,A Study to Investigate the Effect of Single Dose of AZD6094 (600 mg) on Cardiac Repolarization in Healthy Volunteers,Completed,Phase 1,2017-09-06,45,AstraZeneca,INDUSTRY,Solid Tumors,United States,2017.0,United States
NCT07127315,Assessing Gonadotropin-Releasing Hormone Agonists Benefit in Preserving the Ovarian Function in Premenopausal Breast Cancer Patients During Chemotherapy,Completed,Unknown,2022-07-01,100,Helwan University,OTHER,Gonadotropin Releasing Hormone Agonists; Ovarian Function; Premenopausal,Egypt,2022.0,Egypt
NCT02485535,Selinexor in Treating Patients With Intermediate- and High-Risk Acute Myeloid Leukemia or High-Risk Myelodysplastic Syndrome After Transplant,Completed,Phase 1,2015-09-04,12,University of Chicago,OTHER,Acute Myeloid Leukemia; de Novo Myelodysplastic Syndrome; Myelodysplastic Syndrome,United States,2015.0,United States
NCT06393335,Safety and Efficacy of Metabolically Armed CD19 CAR-T Cells (Meta10-19) in the Treatment of Relapsed and/or Refractory CD19-positive B Cell Hematological Malignancies Clinical Research,UNKNOWN,Phase 1 (Early),2024-05-15,36,The Children's Hospital of Zhejiang University School of Medicine,OTHER,Acute Lymphoblastic Leukemia; Non-hodgkin Lymphoma,China,2024.0,China
NCT01714908,Phase II Study of Erlotinib With Concurrent Radiotherapy in Unresectable NSCLC With Activating Mutation of EGFR in Exon 19 or 21,UNKNOWN,Phase 2,2012-12-14,100,Jinming Yu,OTHER,Non-small Cell Lung Cancer,China,2012.0,China
NCT07510308,Clinical Study of MSH2-/- Tumor Cell Vaccines for Advanced pMMR Colorectal Cancer Patients,Recruiting,Phase 1,2026-04-01,9,West China Hospital,OTHER,pMMR/MSS Advanced Colorectal Cancer,China,,China
NCT06897540,Barrett's Esophagus in Patients with GERD,Not Yet Recruiting,Unknown,2025-04-01,70,Assiut University,OTHER,Barrett Esophagus,Unknown,2025.0,Unknown
NCT06084689,Targeting MDMD and PD1 in Tumors With Tertiary Lymphoid Structures,Withdrawn,Phase 2,2024-06-14,0,Institut Bergonié,OTHER,Adult Soft Tissue Sarcoma; Non Small Cell Lung Cancer; Triple Negative Breast Cancer,France,2024.0,France
NCT05911789,Online Adaptive Radiation Therapy for Rectal Cancer,UNKNOWN,Phase 1,2023-08-05,15,Peking Union Medical College Hospital,OTHER,Rectal Cancer,Unknown,2023.0,Unknown
NCT06631989,A Study to Assess the Efficacy and Safety of WSD0922-FU in Patients With EGFRm+ Advanced Non-small Cell Lung Cancer,Recruiting,Phase 1,2024-09-04,100,"Wayshine Biopharm, Inc.",INDUSTRY,EGFR Mutation Positive Advanced Non-Small Cell Lung Cancer,China,2024.0,China
NCT00352391,Vanguard Study for Head and Neck Cancer or Non-Small Cell Lung Cancer (NSCLC) Patients,Completed,Unknown,,54,M.D. Anderson Cancer Center,OTHER,Head and Neck Cancer; Lung Cancer,United States,,United States
NCT01703091,A Study of Docetaxel and Ramucirumab Versus Docetaxel and Placebo in the Treatment of Stage IV Non-Small Cell Lung Cancer,Completed,Phase 2,,197,Eli Lilly and Company,INDUSTRY,Non-small Cell Lung Cancer Metastatic,Japan,,Japan
NCT03887091,Personal Web Page In Clinical Trial Participant Education,Completed,Unknown,2014-07-21,99,Dana-Farber Cancer Institute,OTHER,Prostate Cancer; Kidney Cancer; Genitourinary Cancer,United States,2014.0,United States
NCT00049374,"Oblimersen, Thalidomide, and Dexamethasone in Treating Patients With Relapsed or Refractory Multiple Myeloma",Completed,Phase 2,,61,"University of Maryland, Baltimore",OTHER,Multiple Myeloma and Plasma Cell Neoplasm,United States,,United States
NCT02057874,3-Tesla MRI Response to TACE in HCC (Liver Cancer),Terminated,Unknown,,2,Vanderbilt-Ingram Cancer Center,OTHER,Adult Primary Hepatocellular Carcinoma; Advanced Adult Primary Liver Cancer; Localized Resectable Adult Primary Liver Cancer,United States,,United States
NCT06007118,Adjuvant Partial-breast Irradiation Using Stereotactic Body Radiation Therapy,Completed,Unknown,2019-05-01,85,Masaryk Memorial Cancer Institute,OTHER,Early-stage Breast Cancer,Czechia,2019.0,Czechia
NCT04831190,A Tailored Exercise Oncology Program for Neuro-Oncology Patients,UNKNOWN,Unknown,2021-04-15,70,University of Calgary,OTHER,"Cancer; Brain Tumor, Primary",Canada,2021.0,Canada
NCT00005090,S9901 Combination Chemotherapy With or Without Peripheral Stem Cell Transplantation in Treating Men With Stage III or Stage IV Hodgkin's Disease,Terminated,Phase 3,,11,SWOG Cancer Research Network,NETWORK,Lymphoma,United States,,United States
NCT02896790,From the Model to the Adaptation of a Therapeutic Education Program (TEP) in Cancer Research,Completed,Unknown,2015-03-09,24,"University Hospital, Bordeaux",OTHER,Health Services Research,France,2015.0,France
NCT06236997,Adebrelimab and Concurrent Radiochemotherapy as First-line Treatment for Extensive-stage Small-cell Lung Cancer,Not Yet Recruiting,Phase 2,2024-02-10,48,Henan Cancer Hospital,OTHER_GOV,Small Cell Lung Carcinoma,China,2024.0,China
NCT07291297,Metformin Hydrochloride in Combination With Standard of Care Systemic Therapy in Previously Untreated Advanced Unresectable or Metastatic Soft Tissue Sarcoma,Recruiting,Phase 2,2026-03-04,50,Wake Forest University Health Sciences,OTHER,"Sarcoma Metastatic; Sarcoma, Soft Tissue",United States,,United States
NCT07257497,Safety and Efficacy of Combining a Vitamin B6-Limited Diet With Immunotherapy in Solid Tumor Patients: A Clinical Study Protocol,Not Yet Recruiting,Phase 1,2025-12-09,20,West China Hospital,OTHER,Solid Tumor Cancer,Unknown,2025.0,Unknown
NCT01594697,Metformin in Pregnancy in Women With Polycystic Ovary Syndrome,Completed,Unknown,,60,Catholic University of the Sacred Heart,OTHER,Polycystic Ovary Syndrome,Italy,,Italy
NCT02964260,RCT of TAE Simultaneously Combined Thermal Ablation for Large Hepatocellular Carcinoma,UNKNOWN,Unknown,,410,Sun Yat-sen University,OTHER,"Hepatocellular Carcinoma, Adult",China,,China
NCT02471820,"Lenalidomide & Adriamycin & Dexamethasone (RAD) in Newly Diagnosed, Multiple Myeloma Patients",Completed,Phase 2,,45,Meletios A. Dimopoulos,OTHER,Multiple Myeloma,Greece,,Greece
NCT02224482,Trial of an Online Multimedia Program to Boost Coping & Function for Prostate Cancer Survivors (PROGRESS),Completed,Unknown,,431,Fox Chase Cancer Center,OTHER,Prostate Cancer,United States,,United States
NCT00906282,"Preoperative Pemetrexed and Carboplatin for Select Stage IB, II, and III Non-Squamous Non-Small-Cell Lung Cancer",Completed,Phase 2,,46,"SCRI Development Innovations, LLC",OTHER,Non Small Cell Lung Cancer,United States,,United States
NCT03680924,Access to Resources for Patients With PTEN Hamartoma Tumor Syndrome,Completed,Unknown,2018-05-11,13,University of South Florida,OTHER,PTEN Gene Mutation,United States,2018.0,United States
NCT04077723,"A Study to Evaluate the Safety, Pharmacokinetics and Preliminary Anti-Tumor Activity of Englumafusp Alfa in Combination With Obinutuzumab and in Combination With Glofitamab Following a Pre-Treatment Dose of Obinutuzumab in Participants With Relapsed/Refractory B-Cell Non-Hodgkin's Lymphoma","Active, Not Recruiting",Phase 1,2019-08-13,498,Hoffmann-La Roche,INDUSTRY,"Lymphoma, Non-Hodgkin",France; Denmark; New Zealand; Canada; United States; United Kingdom; China; Belgium; South Korea; Australia; Italy; Spain,2019.0,France
NCT00001059,Comparison of Liposomal Doxorubicin Used Alone or in Combination With Bleomycin Plus Vincristine in the Treatment of Kaposi's Sarcoma in Patients With AIDS,Completed,Phase 2,,120,National Institute of Allergy and Infectious Diseases (NIAID),NIH,"Sarcoma, Kaposi; HIV Infections",United States,,United States
NCT03944980,Study of Chemotherapy Combination With Autologous Cell Immunotherapy in the Advanced Lung Cancer,UNKNOWN,Phase 3,2019-06-01,146,Tianjin Medical University Cancer Institute and Hospital,OTHER,IIIB/IIIC/IV Lung Cancer,China,2019.0,China
NCT03125980,Perioperative Versus Postoperative CapOX Chemotherapy for Locally Advanced Colon Cancer,Recruiting,Phase 3,,1370,Fudan University,OTHER,Locally Advanced Colon Cancer,China,,China
NCT03288480,A Phase 1/2a Dose-Finding Study of PT-112 in Patients With Relapsed or Refractory Multiple Myeloma,Completed,Phase 1,2017-12-15,24,Promontory Therapeutics Inc.,INDUSTRY,Multiple Myeloma,United States,2017.0,United States
NCT00779480,"Safety, Tolerability, and Pharmacokinetic/Pharmacodynamic Study of KW-2449 in Acute Myelogenous Leukemia (AML) (Protocol Number: 2449-US-002)",Terminated,Phase 1,,14,"Kyowa Kirin Co., Ltd.",INDUSTRY,Acute Myelogenous Leukemia (AML),United States,,United States
NCT06039280,Comparison of Dexamethasone and N Acetylcysteine (NAC) Versus N Acetylcysteine (NAC) Alone in the Prevention of Post Embolization Syndrome in Patients With Hepatocellular Carcinoma Following Transarterial Chemoembolization.,UNKNOWN,Unknown,2023-09-15,150,"Institute of Liver and Biliary Sciences, India",OTHER,Hepatocellular Carcinoma,India,2023.0,India
NCT03809780,Study to Demonstrate Clinical Benefit of Lenalidomide and Dexamethasone,UNKNOWN,Phase 2,2019-03-11,70,Kosin University Gospel Hospital,OTHER,Multiple Myeloma,South Korea,2019.0,South Korea
NCT05110196,Study of Capmatinib in Indian Patients With MET Exon 14 Skipping Mutation Positive Advanced NSCLC.,Completed,Phase 4,2022-09-03,50,Novartis Pharmaceuticals,INDUSTRY,Non-Small Cell Lung Carcinoma,India,2022.0,India
NCT07565896,Gardening for Health for Cancer Survivors,Not Yet Recruiting,Unknown,,15,University of Vermont Medical Center,OTHER,Quality of Life; Lifestyle Intervention,Unknown,,Unknown
NCT06152679,Day-case Endourology; Patient Experience,UNKNOWN,Unknown,2023-12-01,15,Royal Devon and Exeter NHS Foundation Trust,OTHER,Bladder Cancer; Bladder Outflow Obstruction,United Kingdom,2023.0,United Kingdom
NCT01861496,Phase I/II Study to Evaluate the Safety and Tolerability of LiPlaCis in Patients With Advanced or Refractory Tumours,Completed,Phase 1,,50,Allarity Therapeutics,INDUSTRY,"Phase 1: Advanced or Refractory Solid Tumours; Phase 2 Part: Metastatic Breast Cancer, Prostate Cancer and Skin Cancer",Denmark,,Denmark
NCT05871996,Palliative Care and Oncology Survey on Terminology,Recruiting,Unknown,2023-10-03,1532,Our Lady's Hospice and Care Services,OTHER,Cancer,United Kingdom; Ireland,2023.0,United Kingdom
NCT00514696,Study of the Safety of GCS-100 in Subjects With Chronic Lymphocytic Leukemia,Completed,Phase 2,,12,La Jolla Pharmaceutical Company,INDUSTRY,Chronic Lymphocytic Leukemia,United States,,United States
NCT03598946,Urinary Human Papilloma Virus Test in the General Population in Brittany,UNKNOWN,Unknown,2021-04-29,12500,"University Hospital, Brest",OTHER,"Neoplasms,Ovarian",France,2021.0,France
NCT06625203,"A Non-interventional, International, Multicentre Clinical Research Study to Build the Largest Collection of Multimodal Data (Including Clinical Data, Imaging Data and Omics Data) in Oncology",Recruiting,Unknown,2023-05-08,7000,OWKIN,UNKNOWN,Diffuse Large B Cell Lymphoma; Solid Tumor Cancer,United States; France; Switzerland; Germany,2023.0,United States
NCT06938503,AG Plus Nimotuzumab Sequential Irreversible Electroporation Ablation for Locally Advanced Pancreatic Cancer,Not Yet Recruiting,Phase 2,2025-04-21,48,Tianjin Medical University Cancer Institute and Hospital,OTHER,"Pancreatic Cancer, Adult",Unknown,2025.0,Unknown
NCT00086203,Study of Talabostat and Rituximab in Advanced Chronic Lymphocytic Leukemia (CLL),Completed,Phase 2,,61,Point Therapeutics,INDUSTRY,Chronic Lymphocytic Leukemia,United States,,United States
NCT06067503,Biomarkers to Detect Endocrine Therapy Resistance,Recruiting,Phase 2,2024-04-30,8,"University of Wisconsin, Madison",OTHER,Metastatic Cancer; Breast Cancer; Lobular Breast Carcinoma,United States,2024.0,United States
NCT02504788,A Prospective Study of the Impact of Hippocampal Avoidance During Whole Brain Radiotherapy on Neurocognitive Function Decline,Recruiting,Unknown,2013-01-18,100,Chang Gung Memorial Hospital,OTHER,Brain Metastasis; Brain Metastases,Taiwan,2013.0,Taiwan
NCT04443088,An Open-Label Study of INV-1120 as a Single Agent and in Combination With Pembrolizumab in Adult Patients With Advanced Solid Tumors,Recruiting,Phase 1,2020-06-26,78,"Shenzhen Ionova Life Sciences Co., Ltd.",INDUSTRY,"Cancer; Solid Tumor, Adult; Cancer Metastatic",United States,2020.0,United States
NCT04790227,MRI for Selection of Complete Responders After Chemoradiation for Locally Advanced Rectal Cancer,UNKNOWN,Unknown,,50,Assiut University,OTHER,"Cancer, Rectum",Egypt,,Egypt
NCT05652335,A Study of JNJ-79635322 in Participants With Relapsed or Refractory Multiple Myeloma or Previously Treated Amyloid Light-chain (AL) Amyloidosis,Recruiting,Phase 1,2022-11-22,180,"Janssen Research & Development, LLC",INDUSTRY,Relapsed or Refractory Multiple Myeloma; Previously Treated Amyloid Light-chain (AL) Amyloidosis,France; Japan; United States; United Kingdom; Belgium; Netherlands; Spain,2022.0,France
NCT04736108,Neoadjuvant Therapy of Abiraterone Plus ADT for Intraductal Carcinoma of the Prostate,UNKNOWN,Phase 2,,50,West China Hospital,OTHER,Prostate Cancer,China,,China
NCT00686725,Standard Temodal (Temozolomide) Regimen Versus Standard Regimen Plus Early Postsurgery Temodal for Newly Diagnosed Glioblastoma Multiforme (Study P05572),Completed,Phase 4,2008-06-24,99,Merck Sharp & Dohme LLC,INDUSTRY,Glioblastoma,Unknown,2008.0,Unknown
NCT04001725,Efficacy of metfOrmin in PrevenTIng Glucocorticoid-induced Diabetes in Patients With Brain Metastases,UNKNOWN,Phase 2,2019-10-15,110,"Fondazione IRCCS Istituto Nazionale dei Tumori, Milano",OTHER,Brain Metastases; Melanoma; Lung Cancer,Italy,2019.0,Italy
NCT06090617,Water and Electrolytes Content in HYpertension (WHYSKI) in the SKIn,UNKNOWN,Unknown,2021-01-01,35,University Hospital Padova,OTHER,Hyperaldosteronism; Hypertension; Aldosterone-producing Adenoma,Italy,2021.0,Italy
NCT05321940,Safety Trial of STING-dependent Activators and Stimulated Dendritic Cells for Aggressive Relapsed/Refractory Leukemias,Withdrawn,Phase 1,2023-11-30,0,"Juan C. Ramos, MD",OTHER,Refractory Leukemia; Relapsed Leukemia; Acute Myelogenous Leukemia,Unknown,2023.0,Unknown
NCT02973789,Effect of Tumor Treating Fields (TTFields) (150 kHz) Concurrent With Standard of Care Therapies for Treatment of Stage 4 Non-small Cell Lung Cancer (NSCLC) Following Platinum Failure (LUNAR),Completed,Phase 3,,291,NovoCure GmbH,INDUSTRY,Nonsmall Cell Lung Cancer; NSCLC,France; Netherlands; Bulgaria; Canada; Croatia; United States; Serbia; Poland; Germany; Czechia; China; Belgium; Switzerland; Hong Kong; Austria; Italy; Hungary; Spain,,France
NCT01613768,Eribulin Mesylate in Treating Patients With Recurrent or Metastatic Salivary Gland Cancer,Completed,Phase 2,2012-05-08,29,University of Washington,OTHER,Recurrent Salivary Gland Cancer; Stage IVA Salivary Gland Cancer; Stage IVB Salivary Gland Cancer,United States,2012.0,United States
NCT04522050,Gemcitabine-based Induction Chemotherapy Combined With Concurrent Chemoradiotherapy in Locally Advanced Nasopharyngeal Carcinoma,UNKNOWN,Phase 1,2018-10-01,65,"Fifth Affiliated Hospital, Sun Yat-Sen University",OTHER,Nasopharyngeal Carcinoma,China,2018.0,China
NCT06763250,"In This Study, a Retrospective Analysis Was Conducted to Explore the Risk Factors for Patients Undergoing Pancreaticoduodenal Surgery (PD) to Achieve TO, and a Nomogram Prediction Model Was Further Established to Promote the Standardization and Standardization of PD Surgical Quality Evaluation.",UNKNOWN,Unknown,2024-01-01,280,luokai zhang,OTHER,Pancreatic Carcinoma; Cholangiocarcinoma; Pancreaticoduodenectomy,China,2024.0,China
NCT00652691,"Topotecan, High-Dose Cyclophosphamide, Carboplatin, and an Autologous Peripheral Blood Cell Transplant in Treating Patients With Recurrent Ovarian Cancer or Primary Peritoneal Cancer",Completed,Phase 1,,48,Mayo Clinic,OTHER,Ovarian Cancer; Peritoneal Cavity Cancer,Unknown,,Unknown
NCT04837391,Postoperative Cognitive Dysfunction in Elderly Urologic Oncology Patients (POCD),UNKNOWN,Unknown,2020-04-21,48,Istanbul University,OTHER,Postoperative Cognitive Dysfunction; Postoperative Delirium; Frailty,Turkey (Türkiye),2020.0,Turkey (Türkiye)
NCT00240591,Patients With Low-Grade Non-Hodgkin's Lymphoma Previously Treated With Tositumomab and/or Iodine I 131 Tositumomab,Completed,Unknown,,150,GlaxoSmithKline,INDUSTRY,"Lymphoma, Non-Hodgkin",Unknown,,Unknown
NCT02460991,A Study of ONCO-DOX in Locally Advanced Hepatocellular Carcinoma,Terminated,Phase 3,,2,Boston Scientific Corporation,INDUSTRY,Hepatocellular Carcinoma; Hepatoma; Liver Cell Carcinoma,United States,,United States
NCT02918474,Decision Making Tool in Supporting Decision Making in Contralateral Prophylactic Mastectomy in Patients With Newly Diagnosed Breast Cancer,Recruiting,Unknown,2017-04-28,15,M.D. Anderson Cancer Center,OTHER,Anatomic Stage I Breast Cancer AJCC v8; Anatomic Stage IA Breast Cancer AJCC v8; Anatomic Stage IB Breast Cancer AJCC v8,United States,2017.0,United States
NCT00410774,Gemcitabine and Bevacizumab in Treating Patients With Pancreatic Cancer That Has Been Completely Removed By Surgery,Terminated,Phase 1,,20,"University of California, San Francisco",OTHER,Pancreatic Cancer,United States,,United States
NCT00003174,Bryostatin 1 Plus Cladribine in Treating Patients With Relapsed Chronic Lymphocytic Leukemia,Completed,Phase 1,,80,Barbara Ann Karmanos Cancer Institute,OTHER,Leukemia,United States,,United States
NCT06285318,A Study of Clinical Outcomes in Patients With Relapsed/Refractory Multiple Myeloma (RRMM) Treated With T-cell Redirectors Outside of Clinical Trials,Recruiting,Unknown,2023-12-18,900,Janssen-Cilag Ltd.,INDUSTRY,Relapsed/Refractory Multiple Myeloma (RRMM),France; Denmark; Italy; Norway; Germany; United Kingdom; Spain; Sweden; Greece; Ireland; Israel,2023.0,France
NCT01861990,Valproic Acid in Childhood Progressive Brain Tumors,Withdrawn,Phase 1,,0,Medical University of South Carolina,OTHER,Pediatric Brain Tumor; Glioma; Anaplastic Astrocytoma,United States,,United States
NCT04233697,Copanlisib in Combination With Romidepsin in Patients With Relapsed or Refractory Mature T-cell Lymphoma,Withdrawn,Phase 1,,0,Columbia University,OTHER,"Lymphoma, T-Cell",Unknown,,Unknown
NCT01562197,A Randomized Phase II Clinical Trial on the Efficacy of Axitinib as a Monotherapy or in Combination With Lomustine for the Treatment of Patients With Recurrent Glioblastoma,Completed,Phase 2,,56,Bart Neyns,OTHER,Glioblastoma Multiforme,Belgium,,Belgium
NCT03061110,Stromal Vascular Fraction for Treatment of Xerostomia,Withdrawn,Phase 1,2018-11-01,0,Midwestern Regional Medical Center,OTHER,Xerostomia Due to Radiotherapy (Disorder),United States,2018.0,United States
NCT07543510,Low-Dose Bevacizumab and Atezolizumab Combined With TACE-HAIC in Unresectable Hepatocellular Carcinoma,Not Yet Recruiting,Unknown,2026-05-01,38,"Third Affiliated Hospital, Sun Yat-Sen University",OTHER,Hepatocellular Carcinoma; Atezolizumab Plus Bevacizumab; Transarterial Chemoembolization,Unknown,,Unknown
NCT02269813,PRospective Study to Measure the Impact of MammaPrint on Adjuvant Treatment in Hormone Receptor-positive HER2-negative Breast Cancer Patients (PRIMe),Completed,Unknown,2015-04-01,452,West German Study Group,OTHER,Breast Cancer,Austria; Switzerland; Germany,2015.0,Austria
NCT02424513,A Study of Positron Emission Tomography (PET) With [89]Zr-Df-IAb2M in Patients With High-risk Prostate Cancer,Withdrawn,Phase 2,,0,"ImaginAb, Inc.",INDUSTRY,Prostate Cancer,United States,,United States
NCT01121120,"Acceleration of Platelet Recovery Following Autologous Peripheral Blood Stem Cell Transplant (PBSC) in Hodgkin, Non-Hodgkin Lymphoma or Multiple Myeloma Patients",Terminated,Phase 2,,75,Tarix Pharmaceuticals,INDUSTRY,"Lymphoma, Non-Hodgkin; Hodgkin Disease; Multiple Myeloma",United States,,United States
NCT04074720,Prospective Breast Cancer Biospecimen Collection,Recruiting,Unknown,2018-05-10,200,Thomas Jefferson University,OTHER,Breast Cancer; Invasive Breast Cancer; Carcinoma in Situ of the Breast,United States,2018.0,United States
NCT07196020,Prediction of Venous Thrombosis During chemotherapy-the PINPOINT Study,Not Yet Recruiting,Unknown,2025-10-01,380,"University of Dublin, Trinity College",OTHER,Venous Thromboembolism; Cancer,Ireland,2025.0,Ireland
NCT06446882,Diagnostic HER2DX-guided Treatment for Patients wIth Early-stage HER2-positive Breast Cancer,Recruiting,Unknown,2024-10-11,304,Fundacio Clinic Barcelona,OTHER,HER2-positive Breast Cancer; Early-stage Breast Cancer,France; Israel; Austria; Italy; Spain,2024.0,France
NCT05736224,Assessing a Natural Product Plus Bioadhesive Nanoparticle (BNP) Sunscreen,Completed,Phase 1,2023-05-15,30,Yale University,OTHER,Skin Cancer,United States,2023.0,United States
NCT00768859,Trastuzumab in a Neo-adjuvant Regimen for HER2+ Breast Cancer - the TRAIN Study,Completed,Phase 2,,111,The Netherlands Cancer Institute,OTHER,Breast Cancer; HER2 Positive,Netherlands,,Netherlands
NCT02574780,Lymphedema Upper Limb of Breast Cancer Through Muscle Strengthening Associated With Complex Physical Therapy,Completed,Phase 2,,42,Federal University of São Paulo,OTHER,Lymphedema,Brazil,,Brazil
NCT03466762,Resilience and Quality of Life Among Cancer Survivors,Completed,Unknown,2018-11-01,500,Aga Khan University,OTHER,Mental Health Wellness 1,Pakistan,2018.0,Pakistan
NCT03388346,68Ga PSMA in Preprostatectomy Patients,Completed,Phase 2,2018-02-16,22,"Michael Graham PhD, MD",OTHER,"Prostate Cancer; Prostatic Neoplasm; Prostatic Neoplasms, Castration-Resistant",United States,2018.0,United States
NCT05992246,The Ratio of Femoral Vein Diameter to Femoral Artery Diameter to Predict Fluid Responsiveness in Children,Completed,Unknown,2023-08-20,85,Tanta University,OTHER,Pediatric ALL; Fluid Overload,Egypt,2023.0,Egypt
NCT00181688,Iressa (ZD1839) Plus Anastrozole (Arimidex) in Patients With Ovarian Cancer,Completed,Phase 2,,35,Massachusetts General Hospital,OTHER,Ovarian Cancer; Peritoneal Carcinoma; Tubal Carcinoma,United States,,United States
NCT04428788,Study to Evaluate the Safety and Tolerability of CC-94676 in Participants With Metastatic Castration-Resistant Prostate Cancer,Completed,Phase 1,2020-06-22,131,Celgene,INDUSTRY,Prostatic Neoplasms,United States,2020.0,United States
NCT00309088,FK506 Phase 3 Study: a Study for Steroid Non-resistant Myasthenia Gravis (MG) Patients,Completed,Phase 3,,80,Astellas Pharma Inc,INDUSTRY,Myasthenia Gravis,Japan,,Japan
NCT01872988,Tenofovir Antiviral Therapy Following Transarterial Chemoembolization for HBV Related Hepatocellular Carcinoma,Terminated,Phase 3,,320,Taichung Veterans General Hospital,OTHER,Chronic Hepatitis B; Hepatocellular Carcinoma,Taiwan,,Taiwan
NCT01567488,Phase II Study of Everolimus Combined With Octreotide LAR to Treat Advanced GI NET,Completed,Phase 2,2011-06-08,43,Grupo Espanol de Tumores Neuroendocrinos,OTHER,Gastrointestinal Neoplasms,Spain,2011.0,Spain
NCT07312188,A Study of F182112 in the Treatment of Patients With Relapsed or Refractory Multiple Myeloma,Recruiting,Phase 2,2025-07-02,90,"Shandong New Time Pharmaceutical Co., LTD",INDUSTRY,Relapsed or Refractory Multiple Myeloma,China,2025.0,China
NCT03905603,Relative Contributions of Predictors of Hyperandrogenism in Older vs. Young Women With PCOS,UNKNOWN,Phase 1 (Early),2019-10-08,144,University of Virginia,OTHER,Polycystic Ovary Syndrome,United States,2019.0,United States
NCT02530515,Ex Vivo-activated Autologous Lymph Node Lymphocytes in Treating Patients With Chronic Lymphocytic Leukemia,Completed,Phase 2,2015-12-18,8,M.D. Anderson Cancer Center,OTHER,Anemia; Cancer Fatigue; Chronic Lymphocytic Leukemia,United States,2015.0,United States
NCT07185035,An Exploratory Clinical Study on the Safety and Efficacy of Autologous NK Cells in the Treatment of Pulmonary Nodules,Recruiting,Phase 1 (Early),2025-09-20,24,The First Affiliated Hospital with Nanjing Medical University,OTHER,"Pulmonary Nodules, Solitary; Pulmonary Nodules, Multiple",China,2025.0,China
NCT03258008,Utomilumab and ISA101b Vaccination in Patients With HPV-16-Positive Incurable Oropharyngeal Cancer,Terminated,Phase 2,2018-04-04,3,M.D. Anderson Cancer Center,OTHER,Malignant Neoplasms of Ill-defined Secondary and Unspecified Sites; Malignant Neoplasms of Lip Oral Cavity and Pharynx; Oropharyngeal Cancer,United States,2018.0,United States
NCT04316208,"Effect of PEEP on Subdural Pressure, Optic Nerve Sheath Diameter, Lung Compliance and Brain Perfusion Pressure",UNKNOWN,Unknown,2020-03-01,50,Istanbul University,OTHER,"Supratentorial Neoplasms; Anesthesia, General; Optic Nerve",Turkey (Türkiye),2020.0,Turkey (Türkiye)
NCT02778308,Adjuvant Chemotherapy vs no Chemotherapy for Patients With GallBllader Carcinoma,Completed,Unknown,,100,Govind Ballabh Pant Institute of Postgraduate Medical Education and Research,OTHER_GOV,Gallbladder Cancer,India,,India
NCT00012025,ICI 182780 in Treating Women With Metastatic Breast Cancer,Completed,Phase 2,,80,Alliance for Clinical Trials in Oncology,OTHER,Breast Cancer,United States; Canada,,United States
NCT07209176,Physician- and Patient-based Barriers to NGS Testing,Recruiting,Unknown,2026-01-06,256,Sidney Kimmel Comprehensive Cancer Center at Johns Hopkins,OTHER,Metastatic Prostate Cancer,United States,,United States
NCT05418517,Hospital Acquired Pneumonia in Temporary Tracheostomy,UNKNOWN,Unknown,,193,Guy's and St Thomas' NHS Foundation Trust,OTHER,Head and Neck Cancer; Tracheostomy Complication; Hospital-acquired Pneumonia,United Kingdom,,United Kingdom
NCT06257017,Surveillance of the Genetic Signature in Circulating Tumor DNA for Guiding Adjuvant Chemotherapy in Urothelial Carcinoma,Recruiting,Phase 2,2024-02-02,20,Yung NA,OTHER,Muscle Invasive Bladder Urothelial Carcinoma; Muscle-Invasive Bladder Carcinoma,Hong Kong,2024.0,Hong Kong
NCT05818917,"A Study to Evaluate the Safety, Tolerability, Pharmacokinetics and Preliminary Evidence of Antitumor Activity of FHND5071 as a Single Agent in Adult Patients With Advanced Solid Tumors",UNKNOWN,Phase 1,2022-07-07,80,"Jiangsu Chia Tai Fenghai Pharmaceutical Co., Ltd.",INDUSTRY,Advanced Solid Tumors,China,2022.0,China
NCT06384417,Using an End-of-life Conversation Game to Engage Patients With Cancer in Advance Care Planning: Phase 2,"Active, Not Recruiting",Unknown,2024-06-27,32,Milton S. Hershey Medical Center,OTHER,Breast Cancer; Lung Cancer; Genito-Urinary Cancer,United States,2024.0,United States
NCT01667640,Sector Irradiation Versus Whole Brain Irradiation for Brain Metastasis,UNKNOWN,Unknown,,50,Medical University Innsbruck,OTHER,Metastatic Malignant Neoplasm to the Adult Brain,Austria,,Austria
NCT04796740,Thrombembolism After Robot- Assisted Surgery in Urology,UNKNOWN,Unknown,2019-12-17,450,University Hospital Schleswig-Holstein,OTHER,Urologic Cancer; Thrombosis; Embolism,Germany,2019.0,Germany
NCT01761968,Long-term Study Evaluating the Effect of Givinostat in Patients With Chronic Myeloproliferative Neoplasms,"Active, Not Recruiting",Phase 2,,90,Italfarmaco,INDUSTRY,Chronic Myeloproliferative Neoplasms,United Kingdom; Italy; Germany,,United Kingdom
NCT00611650,Green Tea Extract in Treating Current or Former Smokers With Bronchial Dysplasia,Terminated,Phase 2,,23,British Columbia Cancer Agency,OTHER,Lung Cancer; Precancerous Condition; Tobacco Use Disorder,Canada,,Canada
NCT02608268,Phase I-Ib/II Study of MBG453 as Single Agent and in Combination With PDR001 in Patients With Advanced Malignancies,Terminated,Phase 1,2015-11-23,252,Novartis Pharmaceuticals,INDUSTRY,Advanced Malignancies,Japan; Italy; Canada; United States; Singapore; Switzerland; South Korea; Taiwan; Netherlands,2015.0,Japan
NCT00153218,An Observational Study of Current Practice Pattern on the Treatment of Women With Metastatic Breast Cancer Whose Tumors Overexpress Her2neu,Completed,Unknown,,94,Cancer Research Network,OTHER,Breast Cancer,United States,,United States
NCT06215118,A Study to Learn About the Effects of the Combination of Elranatamab (PF-06863135) and Iberdomide in Patients With Relapsed or Refractory Multiple Myeloma (MagnetisMM-30),Recruiting,Phase 1,2024-02-20,87,Pfizer,INDUSTRY,Multiple Myeloma,United States; Australia; Canada,2024.0,United States
NCT03076918,Evaluating the Device FLEXITHERALIGHT Compared to the Conventional Photodynamic Therapy,Completed,Unknown,,29,"University Hospital, Lille",OTHER,"Keratosis, Actinic",France,,France
NCT02102490,A Study of Abemaciclib (LY2835219) In Participants With Previously Treated Breast Cancer That Has Spread,Completed,Phase 2,2014-06-10,132,Eli Lilly and Company,INDUSTRY,Metastatic Breast Cancer,United States; France; Belgium; Spain,2014.0,United States
NCT04141397,Real-world Clinical Effectiveness of Whole Genome and Transcriptome Analysis to Guide Advanced Cancer Care,UNKNOWN,Unknown,2014-07-01,1200,British Columbia Cancer Agency,OTHER,Metastatic Cancer; Advanced Cancer; Cancers That Cannot be Treated With Curative Intent,Unknown,2014.0,Unknown
NCT00128297,Pamidronate Administration in Breast Cancer Patients With Bone Metastases,Completed,Phase 4,2000-10-18,152,Spanish Breast Cancer Research Group,OTHER,Breast Cancer; Neoplasm Metastasis,Spain,2000.0,Spain
NCT07319897,"A Prospective, Multicenter, Diagnostic Study Evaluating 68Ga-BCMA PET/CT for Targeting BCMA Expression in Multiple Myeloma.",Not Yet Recruiting,Phase 2,2025-12-25,300,Peking University First Hospital,OTHER,Multiple Myeloma; Multiple Myeloma and Malignant Plasma Cell Neoplasms; Multiple Myeloma and Plasma Cell Neoplasm,China,2025.0,China
NCT02106910,Non-Endoscopic Surveillance for Barrett's Esophagus Following Ablative Therapy,Completed,Unknown,2014-10-27,138,"University of North Carolina, Chapel Hill",OTHER,Barrett's Esophagus,United States,2014.0,United States
NCT01284413,Gemcitabine/Cisplatin/S-1(GCS) Combination Therapy for Patients With Advanced Biliary Tract Cancer,Completed,Phase 1,,68,Kansai Hepatobiliary Oncology Group,NETWORK,Biliary Tract Cancer,Japan,,Japan
NCT06464913,Randomized Phase II Trial: Chest Wall RT Omission After Prosthetic Reconstruction,Recruiting,Phase 2,2024-09-01,152,"Second Affiliated Hospital, School of Medicine, Zhejiang University",OTHER,Breast Neoplasms,China,2024.0,China
NCT00559013,Peri-Strips Dry (PSD) Veritas Collagen Matrix Staple Line Reinforcement for Colorectal Surgery,Completed,Unknown,,38,Baxter Healthcare Corporation,INDUSTRY,Colorectal Cancer,United States,,United States
NCT02626013,Real-world Evidence Prospective Study on the Effect of Nab-paclitaxel Treatment on the Clinical Outcomes and HRQoL in Patients With MBC in Greece,Completed,Unknown,2016-04-12,156,Genesis Pharma S.A.,INDUSTRY,Metastatic Breast Cancer,Greece,2016.0,Greece
NCT05223413,REmote iSchemic condItioning in Lymphoma PatIents REceiving ANthraCyclinEs,Recruiting,Unknown,2022-01-18,608,Fundación Centro Nacional de Investigaciones Cardiovasculares Carlos III,OTHER,Anthracycline-induced Cardiac Toxicity; Lymphoma,France; Denmark; Germany; Portugal; Netherlands; Spain,2022.0,France
NCT07246213,CAYA Cancer Retrospective Cohort Study,Recruiting,Unknown,2025-06-04,18000,"Resonance, Inc.",OTHER,Acute Lymphoblastic Leukemia; Lymphoblastic Lymphoma; Young Adult Cancer,El Salvador; Armenia; Guatemala; Honduras,2025.0,El Salvador
NCT06873360,Medical Device for Oxaliplatin-Induced Neuropathy in Gastrointestinal Cancer Patients,Completed,Unknown,2025-04-01,50,Corporacion Parc Tauli,OTHER,Peripheral Neuropathy Due to Chemotherapy,Spain,2025.0,Spain
NCT03572582,Transarterial Chemoembolization in Combination With Nivolumab Performed for Intermediate Stage Hepatocellular Carcinoma,Completed,Phase 2,2018-06-14,49,AIO-Studien-gGmbH,OTHER,"Carcinoma, Hepatocellular; Hepatic Carcinoma; Hepatocellular Cancer",Germany,2018.0,Germany
NCT04047823,Temperature and Injury in Radiotherapy Radiation Skin Injury,UNKNOWN,Unknown,2016-10-02,80,Shandong Cancer Hospital and Institute,OTHER,Breast Neoplasm Female; Radiation Toxicity,Unknown,2016.0,Unknown
NCT00229723,IRESSA™ (Gefitinib) With Cisplatin Plus Radiotherapy for the Treatment of Previously Untreated Unresected Late Stage III/IV Non-Metastatic Head and Neck Squamous Cell Carcinoma,Completed,Phase 2,,224,AstraZeneca,INDUSTRY,"Neoplasms, Squamous Cell",United States; Serbia; Poland; Germany; Czechia; Belgium; Taiwan; India,,United States
NCT02399059,Effect of Peritoneal Lavage With Clindamycin-Gentamicin Solution & Oncologic Outcome,Completed,Phase 3,,106,Hospital General Universitario Elche,OTHER,Colorectal Tumors,Unknown,,Unknown
NCT00021359,Isotretinoin Plus Dexamethasone in Treating Patients With Multiple Myeloma,Completed,Phase 2,,17,Fox Chase Cancer Center,OTHER,Multiple Myeloma and Plasma Cell Neoplasm,United States,,United States
NCT00016159,Chemotherapy Plus Monoclonal Antibody in Treating Patients With Acute Promyelocytic Leukemia,Completed,Phase 2,,35,Memorial Sloan Kettering Cancer Center,OTHER,Leukemia,United States,,United States
NCT00377780,"Liposomal Doxorubicin, Trastuzumab, and Docetaxel in HER2 Positive Metastatic Breast Cancer",Terminated,Phase 2,,60,Laurence J.C. van Warmerdam,OTHER,Breast Cancer; Neoplasm Metastasis,Netherlands,,Netherlands
NCT01405079,Gefitinib Versus Vinorelbine/Platinum as Adjuvant Treatment in Stage II-IIIA(N1-N2) NSCLC With EGFR Mutation,UNKNOWN,Phase 3,2011-09-19,222,Guangdong Association of Clinical Trials,OTHER,Non-small Cell Lung Cancer,China,2011.0,China
NCT05120596,First in Human Study of T3P-Y058-739 (T3P),Recruiting,Phase 1,2022-04-26,100,T3 Pharmaceuticals AG,INDUSTRY,Advanced Solid Tumor,United Kingdom; Switzerland; Spain,2022.0,United Kingdom
NCT02122380,The Effect of Dipeptidyl Peptidase 4 Inhibition on Growth Hormone Secretion in Women With Polycystic Ovarian Syndrome,Completed,Phase 4,,23,Vanderbilt University,OTHER,Polycystic Ovary Syndrome,United States,,United States
NCT03322280,TACE Combined With Iodine-125 Seeds Implantation for HCC,UNKNOWN,Unknown,2018-07-01,270,Second Affiliated Hospital of Guangzhou Medical University,OTHER,Hepatocellular Carcinoma; Portal Vein Occlusion; Tumor Thrombus,China,2018.0,China
NCT05134779,"De-convoluting Interactions Between Genes, the Cancer Environment, and the Immune System to Develop Therapies That Work for You",Recruiting,Unknown,2022-01-12,400,Weill Medical College of Cornell University,OTHER,Breast Cancer,United States,2022.0,United States
NCT05771480,Durvalumab With Chemotherapy as First Line Treatment in Patients With Advanced Biliary Tract Cancers (aBTCs),"Active, Not Recruiting",Phase 3,2023-08-16,142,AstraZeneca,INDUSTRY,Biliary Tract Cancer,France; Japan; United States; Singapore; Germany; South Korea; Italy; Spain,2023.0,France
NCT02735980,A Study of Prexasertib (LY2606368) in Participants With Extensive Stage Disease Small Cell Lung Cancer,Completed,Phase 2,2016-05-11,133,Eli Lilly and Company,INDUSTRY,Small Cell Lung Cancer,France; United States; Turkey (Türkiye); Germany; United Kingdom; South Korea; Greece; Netherlands; Ukraine; Spain,2016.0,France
NCT06762379,Implementation of a New Algorithm for HRR Gene Mutation Testing in Patients With mPC Through Liquid Biopsy Integration,Recruiting,Unknown,2024-12-20,125,European Institute of Oncology,OTHER,Metastatic Prostate Cancer (mPC),Italy,2024.0,Italy
NCT06699979,Multi-omics Study of Early-stage Lung Cancer With Distinct Phenotypes,Recruiting,Unknown,2024-08-29,300,Central South University,OTHER,Lung Cancer Associated With Cystic Airspaces; Multiple Primary Lung Cancers; Non-Small Cell Lung Cancer,China,2024.0,China
NCT01619696,Prospective Pilot Study of Multimodal Radiological Evaluation Feasibility During Chemoradiotherapy of Rectal Adenocarcinomas,Terminated,Phase 2,,3,"University Hospital, Toulouse",OTHER,Rectal Adenocarcinoma,France,,France
NCT02431962,Alberta Lung Cancer Screening Program,UNKNOWN,Unknown,,800,University of Calgary,OTHER,Lung Neoplasms; Respiratory Tract Neoplasms,Canada,,Canada
NCT04706962,TH1902 in Patients With Advanced Solid Tumors,"Active, Not Recruiting",Phase 1,2021-03-04,70,Theratechnologies,INDUSTRY,Solid Tumor; TNBC - Triple-Negative Breast Cancer; Hormone Receptor-positive Breast Cancer,United States; Canada,2021.0,United States
NCT04379362,MRI-guided Focal Laser Ablation,UNKNOWN,Phase 2,2018-12-14,53,Radboud University Medical Center,OTHER,Prostate Cancer,Netherlands,2018.0,Netherlands
NCT01832727,"Phase 1b/2, Multicenter, Open-label Study of Oprozomib and Dexamethasone in Patients With Relapsed and/or Refractory Multiple Myeloma",Terminated,Phase 1,2013-07-02,65,Amgen,INDUSTRY,Multiple Myeloma,United States; France,2013.0,United States
NCT02938442,Vaccination of Triple Negative Breast Cancer Patients,Completed,Phase 1,2019-01-25,16,University of Arkansas,OTHER,Triple Negative Breast Cancer; Breast Neoplasms,United States,2019.0,United States
NCT05726786,The Role of Preoperative Immunonutrition on Morbidity and Immune Response After Cystectomy (INCyst Trial),Recruiting,Phase 3,2023-04-10,232,Centre Hospitalier Universitaire Vaudois,OTHER,Bladder Cancer; Interstitial Cystitis; Painful Bladder Syndrome,Switzerland,2023.0,Switzerland
NCT01245673,Combination Immunotherapy and Autologous Stem Cell Transplantation for Myeloma,Completed,Phase 2,2011-05-10,28,University of Pennsylvania,OTHER,Myeloma,United States,2011.0,United States
NCT03904173,Establishment of Molecular Profiling for Individual Clinical Routine Treatment Decision in Early Breast Cancer,"Active, Not Recruiting",Unknown,2018-10-29,2300,Oslo University Hospital,OTHER,Breast Cancer; Breast Neoplasms; Hormone Receptor Positive Tumor,Norway,2018.0,Norway
NCT02380469,Improvement of Information to Cancer Patients' Caregivers,Completed,Unknown,,211,Bispebjerg Hospital,OTHER,Neoplasms,Denmark,,Denmark
NCT06500494,To Describe How Well Vinorelbine Given Orally Works in Patients With a Breast Cancer After 2 Years of Treatment,Recruiting,Unknown,2024-09-10,368,Pierre Fabre Medicament,INDUSTRY,Advanced Breast Cancer,Italy; Algeria; China,2024.0,Italy
NCT01799694,Stem Cells Treatment for the Local Urinary Incontinence After a Radical Prostate Cancer Surgery (HULPURO),Completed,Phase 2,,10,Instituto de Investigación Hospital Universitario La Paz,OTHER,Urinary Incontinence,Spain,,Spain
NCT02761694,"Vevorisertib (ARQ 751) as a Single Agent or in Combination With Other Anti-Cancer Agents, in Solid Tumors With PIK3CA / AKT / PTEN Mutations (MK-4440-001)",Terminated,Phase 1,2016-06-26,78,"ArQule, Inc., a subsidiary of Merck Sharp & Dohme LLC, a subsidiary of Merck & Co., Inc. (Rahway, NJ USA)",INDUSTRY,Cancer; Solid Tumors,United States,2016.0,United States
NCT02213822,"Molecular Testing of Cancer by Integrated Genomic, Transcriptomic, and Proteomic Analysis",UNKNOWN,Unknown,,500,Rhode Island Hospital,OTHER,Solid Tumors; Hematological Malignancies,United States,,United States
NCT06609551,"ctDNA-guided Selection of Adjuvant Chemotherapy Regimens for Elderly Colon Cancer Patients After Surgery: A Single-center, Randomized, Controlled Study",Recruiting,Phase 3,2024-07-03,312,Zhejiang Cancer Hospital,OTHER,Colon Cancer; Colon Cancer (Stage II &Amp;Amp;Amp; III),China,2024.0,China
NCT04577729,The IRMI-FMT Trial,Terminated,Unknown,2021-05-21,5,Medical University of Graz,OTHER,Fecal Microbiota Transplantation; Malignant Melanoma Stage III; Malignant Melanoma Stage IV,Austria,2021.0,Austria
NCT03763851,Cannabis Oil and Radiation Therapy for the Management of Pain,Terminated,Phase 2,2018-03-14,100,Tetra Bio-Pharma,INDUSTRY,Metastatic Prostate Cancer; Lung Cancer; Breast Cancer,Canada,2018.0,Canada
NCT04780529,CART Therapy in Digestive System Tumors,UNKNOWN,Unknown,,20,"Innovative Cellular Therapeutics Co., Ltd.",OTHER,Malignant Neoplasms of Digestive Organs,China,,China
NCT06924229,Corneal Changes in Estrogen-Dependent Breast Cancer After Hormonal Treatment,Completed,Phase 4,2024-06-01,40,Sohag University,OTHER,Braest Cancer; Dry Eye,Egypt,2024.0,Egypt
NCT04695431,Retrospective Study Assessing the Effect of Avapritinib Versus Best Available Therapy in Patients With AdvSM,Completed,Unknown,2020-12-02,317,Blueprint Medicines Corporation,INDUSTRY,Advanced Systemic Mastocytosis; Aggressive Systemic Mastocytosis; Systemic Mastocytosis With an Associated Hematological Neoplasm,United States; Germany; United Kingdom; Austria; Spain,2020.0,United States
NCT04696731,Safety and Efficacy of ALLO-316 in Subjects With Advanced or Metastatic Clear Cell Renal Cell Carcinoma,"Active, Not Recruiting",Phase 1,2021-02-24,120,Allogene Therapeutics,INDUSTRY,Advanced/Metastatic Clear Cell Renal Cell Carcinoma,United States,2021.0,United States
NCT03716531,Electron Beam Intraoperative Radiation Therapy Following Chemoradiation in Patients With Pancreatic Cancer With Vascular Involvement,"Active, Not Recruiting",Unknown,2019-03-19,199,Massachusetts General Hospital,OTHER,Pancreas Cancer,United States,2019.0,United States
NCT04602702,Hyper-Personalized Medicine Using Patient Derived Xenografts (PDXovo) for Metastatic Solid Tumors,UNKNOWN,Unknown,2020-12-01,50,Sunnybrook Health Sciences Centre,OTHER,"Kidney Neoplasm; Carcinoma, Renal Cell; Metastatic Solid Tumor",Canada,2020.0,Canada
NCT00469937,Ph I Study of Lithium During Whole Brain Radiotherapy For Patients With Brain Metastases,Terminated,Phase 1,,9,Vanderbilt-Ingram Cancer Center,OTHER,Brain and Central Nervous System Tumors; Cognitive/Functional Effects; Neurotoxicity,United States,,United States
NCT05048537,18F-FACBC PET/CT and the PSA Kinetics for PCa Patients With Biochemical Recurrence.,UNKNOWN,Unknown,2021-03-26,20,National Taiwan University Hospital,OTHER,Biochemical Relapse Fo Malignant Neoplasm of Prostate,Taiwan,2021.0,Taiwan
NCT02065037,The Impact of Warmed Carbon Dioxide Insufflation During Colonoscopy on Polyp Detection,Terminated,Unknown,,229,Queen's University,OTHER,Colonic Polyps; Colonic Neoplasms,Canada,,Canada
NCT03137537,Ivabradine in the Management of Cardiac Autonomic Dysfunction Associated With Thoracic Radiation Therapy.,Terminated,Phase 2,2018-02-27,23,Dana-Farber Cancer Institute,OTHER,Lymphoma; Autonomic Imbalance; Cancer Survivorship,United States,2018.0,United States
NCT00169845,Beta-carotene and Alpha-tocopherol Chemoprevention of Second Primary Malignancies in Head and Neck Cancer Patients,Completed,Phase 3,,540,Laval University,OTHER,Neoplasms,Canada,,Canada
NCT03316872,Study of Pembrolizumab and Radiotherapy in Liver Cancer,Terminated,Phase 2,2018-02-15,18,"University Health Network, Toronto",OTHER,Hepatocellular Carcinoma,Canada,2018.0,Canada
NCT00891072,"Gossypol, Paclitaxel, and Carboplatin in Treating Patients With Solid Tumors That Are Metastatic or Cannot Be Removed by Surgery",Completed,Phase 1,,36,National Cancer Institute (NCI),NIH,Adult Grade III Lymphomatoid Granulomatosis; Adult Nasal Type Extranodal NK/T-cell Lymphoma; Contiguous Stage II Adult Burkitt Lymphoma,United States,,United States
NCT05668572,"A Phase III Trial Evaluates the Efficacy, Immunogenicity and Safety Profile of HPV Vaccine",UNKNOWN,Phase 3,2020-12-05,12000,"Beijing Health Guard Biotechnology, Inc",INDUSTRY,Human Papillomavirus Infection,China,2020.0,China
NCT06280872,Physiologically Based Cord Clamping To Improve Neonatal Outcomes In Moderate And Late Preterm Newborns,Recruiting,Unknown,2024-02-19,180,Queen Fabiola Children's University Hospital,OTHER,Premature Birth; Respiratory Distress Syndrome in Premature Infant; Sepsis,Belgium,2024.0,Belgium
NCT05937672,Cold Atmospheric Plasma Device Extension Study,Terminated,Phase 3,2023-09-18,60,Medical University of South Carolina,OTHER,Verruca Vulgaris; Molluscum Contagiosum,United States,2023.0,United States
NCT01833572,Preoperative Gefitinib for EGFR Mutant II-IIIa NSCLC (ECTOP-1001),Completed,Phase 2,,36,Fudan University,OTHER,Non-small-cell Lung Cancer,China,,China
NCT02493972,Interest of the Manual Exploration as a Supplement to the Coelioscopy in the Evaluation of the Resectability of Peritoneal Carcinosis,Completed,Unknown,,40,Centre Francois Baclesse,OTHER,Ovarian Cancer With Peritoneal Carcinosis,France,,France
NCT04988295,A Study of Amivantamab and Lazertinib in Combination With Platinum-Based Chemotherapy Compared With Platinum-Based Chemotherapy in Patients With Epidermal Growth Factor Receptor (EGFR)-Mutated Locally Advanced or Metastatic Non- Small Cell Lung Cancer After Osimertinib Failure,"Active, Not Recruiting",Phase 3,2021-11-17,776,"Janssen Research & Development, LLC",INDUSTRY,"Carcinoma, Non-Small-Cell Lung",Denmark; Canada; China; Belgium; Italy; Spain; Turkey (Türkiye); Puerto Rico; United Kingdom; Malaysia; South Korea; Mexico; Russia; Netherlands; Japan; Bulgaria; Argentina; Germany; Sweden; Israel; France; Brazil; United States; Poland; Czechia; Taiwan; Hong Kong; Portugal; India,2021.0,Denmark
NCT04203095,Chromosomal Instability as a Surrogate Biomarker of Drug Resistance in Immunotherapy for Lung Cancer Patients,UNKNOWN,Unknown,2019-11-10,40,"Shanghai Pulmonary Hospital, Shanghai, China",OTHER,Lung Cancer,China,2019.0,China
NCT01773395,GVAX vs. Placebo for MDS/AML After Allo HSCT,Terminated,Phase 2,2013-01-08,123,Dana-Farber Cancer Institute,OTHER,Myelodysplastic Syndrome; Acute Myeloid Leukemia; Chronic Myelomonocytic Leukemia,United States,2013.0,United States
NCT06323239,SBRT and LDRT Combined With PD-1 Antibody and Chemotherapy in r/m Nasopharyngeal Carcinoma,Recruiting,Phase 2,2024-07-15,148,Sun Yat-sen University,OTHER,Nasopharyngeal Carcinoma,China,2024.0,China
NCT05166577,Nanatinostat Plus Valganciclovir in Advanced EBV+ Solid Tumors and in Combination With Pembrolizumab in EBV+ RM-NPC,Terminated,Phase 1,2021-10-08,26,"Viracta Therapeutics, Inc.",INDUSTRY,Nasopharyngeal Carcinoma; EBV-Related Gastric Carcinoma; EBV-Related Leiomyosarcoma,Canada; United States; Australia; Singapore; Malaysia; Taiwan; South Korea; Hong Kong,2021.0,Canada
NCT05859477,Nivolumab in Combination With Chemotherapy for FGFR2-positive Metastatic Gastric Cancer,UNKNOWN,Phase 2,2022-06-05,23,Kidney Cancer Research Bureau,OTHER,Metastatic Gastric Cancer; PD-L1 Gene Amplification; FGFR2 Amplification,United States,2022.0,United States
NCT04213677,Dapagliflozin Efficacy and Action in PCOS,Completed,Phase 3,2020-03-20,165,"Nanfang Hospital, Southern Medical University",OTHER,Polycystic Ovary Syndrome,China,2020.0,China
NCT04869475,Arsenic Trioxide in Refractory Solid Tumors With Rescuable p53 Mutation,UNKNOWN,Phase 2,2021-04-20,20,Ruijin Hospital,OTHER,Refractory Solid Tumors,China,2021.0,China
NCT02472275,"PLX3397, Radiation Therapy, and Antihormone Therapy in Treating Patients With Intermediate- or High-Risk Prostate Cancer",Completed,Phase 1,,8,Barbara Ann Karmanos Cancer Institute,OTHER,Stage I Prostate Adenocarcinoma; Stage II Prostate Adenocarcinoma; Stage III Prostate Adenocarcinoma,United States,,United States
NCT00342875,The New England Bladder Cancer Study,Completed,Unknown,2002-03-01,2681,National Cancer Institute (NCI),NIH,Bladder Cancer,United States,2002.0,United States
NCT03358875,Comparison of Efficacy and Safety of Tislelizumab (BGB-A317) Versus Docetaxel as Treatment in the Second- or Third-line Setting in Participants With Non-Small Cell Lung Cancer (NSCLC),Completed,Phase 3,2017-11-30,805,BeiGene,INDUSTRY,Non-small Cell Lung Cancer,New Zealand; Bulgaria; Brazil; Slovakia; Lithuania; Poland; Turkey (Türkiye); China; Mexico; Russia,2017.0,New Zealand
NCT07308301,Examination of the Relationship Between Quality of Life and Caregiving Burden Among Caregivers of Pediatric Oncology Patients,Not Yet Recruiting,Unknown,2026-01-01,95,Fatma Beyza Akdeniz,OTHER,Childhood Cancer; Childhood Cancers; Caregiver Subjective Burden,Unknown,,Unknown
NCT04300101,Mixed Molecular Clinical Index (MMCI) in Diffuse Large B-cell Lymphoma (DLBCL),Recruiting,Unknown,2020-05-14,300,Istituto Romagnolo per lo Studio dei Tumori Dino Amadori IRST S.r.l. IRCCS,OTHER,Diffuse Large B Cell Lymphoma,Italy,2020.0,Italy
NCT04258657,Neoadjuvant Chomotherapy With Paclitaxel-albumin and S-1 for Advanced Gastric Cancer,UNKNOWN,Phase 2,2020-03-01,20,Beijing Friendship Hospital,OTHER,Gastric Cancer,China,2020.0,China
NCT06599801,Clinical Outcomes of Thoracodorsal Artery Flap in Oral and Maxillofacial Reconstruction,Not Yet Recruiting,Unknown,2024-09-30,217,Sun Yat-Sen Memorial Hospital of Sun Yat-Sen University,OTHER,Oral Squamous Cell Carcinoma (OSCC),China,2024.0,China
NCT00038012,rhTPO Mobilized Auto Cryo Platelets For GYN Patients Receiving Carboplatin,Completed,Unknown,1999-07-23,33,M.D. Anderson Cancer Center,OTHER,"Neoplasms, Gynecologic",United States,1999.0,United States
NCT05625412,A Study of BMS-986360/CC-90001 Alone and in Combination With Chemotherapy or Nivolumab in Advanced Solid Tumors,Completed,Phase 1,2022-12-09,70,Bristol-Myers Squibb,INDUSTRY,Advanced Solid Tumors,France; Chile; Canada; Argentina; United States; Australia; Mexico; Italy; Spain,2022.0,France
NCT05834712,Patients With Stage III-IVa Nasopharyngeal Carcinoma With or Without a Mobile Medical Platform Full-course Nutritional Intervention,Completed,Unknown,2022-05-11,224,Sun Yat-sen University,OTHER,Nasopharyngeal Carcinoma,China,2022.0,China
NCT06500312,Decoding the Association of Imaging and Tumor Microenvironment in Lung Cancer Using Radiogenomic Approach（Radiogenomics-Lung）,Recruiting,Unknown,2024-07-02,150,"Union Hospital, Tongji Medical College, Huazhong University of Science and Technology",OTHER,Lung Cancer,China,2024.0,China
NCT00459212,"GTI-2040 in Treating Patients With Relapsed, Refractory, or High-Risk Acute Leukemia, High-Grade Myelodysplastic Syndromes, or Refractory or Blastic Phase Chronic Myelogenous Leukemia",Completed,Phase 1,,24,National Cancer Institute (NCI),NIH,Acute Undifferentiated Leukemia; Adult Acute Myeloid Leukemia With 11q23 (MLL) Abnormalities; Adult Acute Myeloid Leukemia With Inv(16)(p13;q22),United States,,United States
NCT04330781,Radiotherapy of Head and Neck Cancer Using an Intraoral Stent,Completed,Phase 2,2020-01-01,220,Oslo University Hospital,OTHER,Oral Cavity Cancer; Sinonasal Cancer,Norway,2020.0,Norway
NCT03978481,Effect of Helicobacter Pylori Eradication After Subtotal Gastrectomy on Survival Rate of Gastric Cancer Patients: Retrospective Study,Completed,Unknown,2019-01-30,3700,Seoul National University Bundang Hospital,OTHER,Gastric Cancer,South Korea,2019.0,South Korea
NCT01466881,Alisertib in Treating Patients With Relapsed or Refractory Peripheral T-Cell Non-Hodgkin Lymphoma,Completed,Phase 2,,42,National Cancer Institute (NCI),NIH,Adult Nasal Type Extranodal NK/T-Cell Lymphoma; Anaplastic Large Cell Lymphoma; Angioimmunoblastic T-Cell Lymphoma,United States; Canada,,United States
NCT06640881,Preoperative Partial Breast Reirradiation and Repeat Breast-conserving Surgery in Patients With Recurrent Breast Cancer: the REPEAT Trial,Recruiting,Phase 2,2025-01-01,25,"Amsterdam UMC, location VUmc",OTHER,Recurrent Breast Carcinoma; Ipsilateral Recurrence,Netherlands,2025.0,Netherlands
NCT01777919,Disulfiram/Copper Combination In The Treatment of Newly Diagnosed Glioblastoma Multiform,Not Yet Recruiting,Phase 2,,32,Olympion Medical Center,OTHER,Glioblastoma Multiforme,Greece,,Greece
NCT02895230,Androgen-Deprivation Therapy and Cardiovascular Risk: A Nationwide Population-based Cohort Study,Completed,Unknown,2016-01-01,38690,Rennes University Hospital,OTHER,Prostate Cancer; Androgen-deprivation Therapy,France,2016.0,France
NCT02999854,Safety and Efficacy of ATIR101 as Adjunctive Treatment to Blood Stem Cell Transplantation From a Haploidentical Family Donor Compared to Post-transplant Cyclophosphamide in Patients With Blood Cancer,Terminated,Phase 3,2017-11-29,63,Kiadis Pharma,INDUSTRY,Acute Myeloid Leukemia; Acute Lymphoblastic Leukemia; Myelodysplastic Syndrome,France; Netherlands; Croatia; Canada; United States; Germany; United Kingdom; Spain; Belgium; Sweden; Portugal; Italy; Israel,2017.0,France
NCT02501954,Trial of Cisplatin Plus Radiation Followed by Carbo and Taxol Vs. Sandwich Therapy of Carbo and Taxol Followed Radiation Then Further Carbo and Taxol,Completed,Phase 3,,48,"Women's Cancer Care Associates, LLC",OTHER,Endometrial Clear Cell Adenocarcinoma; Endometrial Serous Adenocarcinoma; Stage IIIA Uterine Corpus Cancer,United States; Canada,,United States
NCT06100705,Sipuleucel-T Combined With Bipolar Androgen Therapy in Men With mCRPC,Recruiting,Phase 2,2023-12-20,26,Yale University,OTHER,Metastatic Castration-resistant Prostate Cancer,United States,2023.0,United States
NCT07327294,A Phase I/II Study to Evaluate XNW34017 in Patients With Advanced or Metastatic Solid Tumor,Not Yet Recruiting,Phase 1,2026-01-31,150,Evopoint Biosciences Inc.,INDUSTRY,Advanced Solid Tumors,China,,China
NCT00469066,Cone Beam CT Scanning in Lung and Bladder Cancer.,Completed,Unknown,,22,AHS Cancer Control Alberta,OTHER,Lung Neoplasm; Small Cell Carcinoma; Bladder Carcinoma,Canada,,Canada
NCT04357756,A Study to Assess YH001 in Combination With Toripalimab Injection in Subjects With Advanced Solid Tumors,Completed,Phase 1,2020-04-21,29,"Eucure (Beijing) Biopharma Co., Ltd",INDUSTRY,Advanced Solid Tumor,Australia,2020.0,Australia
NCT04778956,Toripalimab Plus Surgery vs Surgery Alone for Resectable Recurrent Nasopharyngeal Carcinoma,Recruiting,Phase 3,2021-03-03,218,Sun Yat-sen University,OTHER,Nasopharyngeal Carcinoma; PD-1; Surgery,China,2021.0,China
NCT01991522,A Randomized Control Trial of a Simulation-based Curriculum to Enhance Skills in Colonoscopy,Completed,Unknown,,33,Unity Health Toronto,OTHER,Colorectal Cancer,Canada,,Canada
NCT00487331,Acupuncture for Treatment of Uncontrolled Pain: A Feasibility Study,Completed,Unknown,,52,M.D. Anderson Cancer Center,OTHER,Solid Tumors; Pain,United States,,United States
NCT00053131,Combination Chemotherapy Followed By Filgrastim or Sargramostim in Treating Patients With Relapsed or Refractory Acute Myeloid Leukemia or Acute Lymphoblastic Leukemia,Completed,Phase 2,,61,Roswell Park Cancer Institute,OTHER,Leukemia,United States,,United States
NCT03213002,Oral Capecitabine and Temozolomide (CAPTEM) for Newly Diagnosed GBM,Recruiting,Phase 1,2017-06-13,67,Northwell Health,OTHER,Glioblastoma Multiforme (GBM); Glioblastoma; Glioma of Brain,United States,2017.0,United States
NCT05352802,Multimodal Prehabilitation To Improve The Clinical Outcomes Of Frail Elderly Patients With Gastric Cancer,"Active, Not Recruiting",Unknown,2022-09-01,368,The Affiliated Hospital of Qingdao University,OTHER,Stomach Neoplasms; Frail Elderly,China,2022.0,China
NCT00003937,Combination Chemotherapy Plus Dexrazoxane in Treating Patients With Newly Diagnosed Nonmetastatic Osteosarcoma,Completed,Phase 3,,253,Children's Oncology Group,NETWORK,Cardiac Toxicity; Sarcoma,Canada; United States; Puerto Rico; Switzerland; Australia; Netherlands,,Canada
NCT06538337,Hypofractionated External Beam Radiotherapy With Adaptive Planning for Endometrial and Cervical Cancers,Recruiting,Unknown,2024-07-24,60,Jonsson Comprehensive Cancer Center,OTHER,Endometrial Cancer; Cervical Cancer,United States,2024.0,United States
NCT05922345,Evaluation of the Efficacy and Safety of AL2846 Capsule Combined With TQB2450 Injection Compared to Docetaxel Injection in Advanced Non-small Cell Lung Cancer Patients Who Have Failed With Immunotherapy.,Recruiting,Phase 3,2023-06-08,518,"Chia Tai Tianqing Pharmaceutical Group Co., Ltd.",INDUSTRY,Non-small Cell Lung Cancer,China,2023.0,China
NCT02807272,"Tipifarnib in Subjects With Chronic Myelomonocytic Leukemia, Other MDS/MPN, and Acute Myeloid Leukemia",Completed,Phase 2,2017-01-10,44,"Kura Oncology, Inc.",INDUSTRY,"Leukemia, Myelomonocytic, Chronic",United States,2017.0,United States
NCT03372395,Probiotic Implementation as Help in Solving Vaginal Infections,Completed,Phase 2,,117,University of Roma La Sapienza,OTHER,Vaginal Infection; ASC-US,Unknown,,Unknown
NCT00026195,Irinotecan in Treating Aging Patients With Solid Tumors,Completed,Phase 1,,140,Alliance for Clinical Trials in Oncology,OTHER,"Unspecified Adult Solid Tumor, Protocol Specific",United States,,United States
NCT04785495,Prevalence of Anticipatory Nausea and Vomiting in Cancer Patients Exposed to Highly Emetogenic Chemotherapy,UNKNOWN,Unknown,2020-08-12,50,Instituto Brasileiro de Controle do Cancer,OTHER,Chemotherapy-induced Nausea and Vomiting,Brazil,2020.0,Brazil
NCT06280495,"Neoadjuvant Serplulimab & Bevacizumab With FOLFOX vs. FOLFOX Alone in RAS/BRAF WT, pMMR/MSS CRC Patients",Recruiting,Phase 2,2024-02-01,156,Sun Yat-sen University,OTHER,Colorectal Cancer; Liver Metastases,China,2024.0,China
NCT00980395,"Bortezomib, Cladribine, and Rituximab in Treating Patients With Advanced Mantle Cell Lymphoma or Indolent Lymphoma",Completed,Phase 2,2009-07-07,24,University of Arizona,OTHER,Lymphoma; Mantle Cell Lymphoma; Indolent Lymphoma,United States,2009.0,United States
